SKU,Date,Units_Sold,Revenue,Price,Promotion,Product_Name,Category,Subcategory,Launch_Date,Cost_Price,Selling_Price,Gross_Margin_Per_Unit,is_holiday,season,is_promo_event,Snapshot_Date,Current_Stock,On_Order,Lead_Time_Days,Safety_Stock,Reorder_Point,Inventory_Value,snapshot_gap_days,units_lag_1,units_lag_2,units_lag_4,units_lag_52,units_roll_mean_4
SKU001,2024-01-01,106,388389.3,3664.05,0,Product 001,Furniture,Chair,2022-04-09,1758.45,3664.05,1905.6,0,Winter,0,2024-01-01,16,23,11,7,18,58420.96,0,,,,,
SKU001,2024-01-08,85,311444.25,3664.05,0,Product 001,Furniture,Chair,2022-04-09,1758.45,3664.05,1905.6,0,Winter,0,2024-01-01,16,23,11,7,18,58420.96,7,106.0,,,,
SKU001,2024-01-15,117,428693.85,3664.05,0,Product 001,Furniture,Chair,2022-04-09,1758.45,3664.05,1905.6,0,Winter,0,2024-01-01,16,23,11,7,18,58420.96,14,85.0,106.0,,,
SKU001,2024-01-22,89,326100.45,3664.05,0,Product 001,Furniture,Chair,2022-04-09,1758.45,3664.05,1905.6,1,Winter,0,2024-01-01,16,23,11,7,18,58420.96,21,117.0,85.0,,,
SKU001,2024-01-29,119,436021.94999999995,3664.05,0,Product 001,Furniture,Chair,2022-04-09,1758.45,3664.05,1905.6,0,Winter,0,2024-01-01,16,23,11,7,18,58420.96,28,89.0,117.0,106.0,,99.25
SKU001,2024-02-05,112,410373.6,3664.05,0,Product 001,Furniture,Chair,2022-04-09,1758.45,3664.05,1905.6,0,Winter,0,2024-02-01,918,496,3,246,346,3351902.58,4,119.0,89.0,85.0,,102.5
SKU001,2024-02-12,104,381061.2,3664.05,0,Product 001,Furniture,Chair,2022-04-09,1758.45,3664.05,1905.6,0,Winter,0,2024-02-01,918,496,3,246,346,3351902.58,11,112.0,119.0,117.0,,109.25
SKU001,2024-02-19,120,439686.0,3664.05,0,Product 001,Furniture,Chair,2022-04-09,1758.45,3664.05,1905.6,0,Winter,0,2024-02-01,918,496,3,246,346,3351902.58,18,104.0,112.0,89.0,,106.0
SKU001,2024-02-26,103,377397.15,3664.05,1,Product 001,Furniture,Chair,2022-04-09,1758.45,3664.05,1905.6,0,Winter,1,2024-02-01,918,496,3,246,346,3351902.58,25,120.0,104.0,119.0,,113.75
SKU001,2024-03-04,119,436021.95,3664.05,1,Product 001,Furniture,Chair,2022-04-09,1758.45,3664.05,1905.6,0,Spring,1,2024-03-01,502,312,8,270,553,1832957.62,3,103.0,120.0,112.0,,109.75
SKU001,2024-03-11,122,447014.1,3664.05,1,Product 001,Furniture,Chair,2022-04-09,1758.45,3664.05,1905.6,0,Spring,1,2024-03-01,502,312,8,270,553,1832957.62,10,119.0,103.0,104.0,,111.5
SKU001,2024-03-18,130,476326.5,3664.05,1,Product 001,Furniture,Chair,2022-04-09,1758.45,3664.05,1905.6,0,Spring,1,2024-03-01,502,312,8,270,553,1832957.62,17,122.0,119.0,120.0,,116.0
SKU001,2024-03-25,102,373733.1,3664.05,1,Product 001,Furniture,Chair,2022-04-09,1758.45,3664.05,1905.6,0,Spring,1,2024-03-01,502,312,8,270,553,1832957.62,24,130.0,122.0,103.0,,118.5
SKU001,2024-04-01,122,447014.1,3664.05,0,Product 001,Furniture,Chair,2022-04-09,1758.45,3664.05,1905.6,0,Spring,0,2024-04-01,617,58,8,316,654,2252858.27,0,102.0,130.0,119.0,,118.25
SKU001,2024-04-08,115,421365.75,3664.05,0,Product 001,Furniture,Chair,2022-04-09,1758.45,3664.05,1905.6,0,Spring,0,2024-04-01,617,58,8,316,654,2252858.27,7,122.0,102.0,122.0,,119.0
SKU001,2024-04-15,103,377397.15,3664.05,0,Product 001,Furniture,Chair,2022-04-09,1758.45,3664.05,1905.6,0,Spring,0,2024-04-01,617,58,8,316,654,2252858.27,14,115.0,122.0,130.0,,117.25
SKU001,2024-04-22,112,410373.6,3664.05,0,Product 001,Furniture,Chair,2022-04-09,1758.45,3664.05,1905.6,0,Spring,0,2024-04-01,617,58,8,316,654,2252858.27,21,103.0,115.0,102.0,,110.5
SKU001,2024-04-29,110,403045.5,3664.05,0,Product 001,Furniture,Chair,2022-04-09,1758.45,3664.05,1905.6,0,Spring,0,2024-04-01,617,58,8,316,654,2252858.27,28,112.0,103.0,122.0,,113.0
SKU001,2024-05-06,117,428693.85,3664.05,0,Product 001,Furniture,Chair,2022-04-09,1758.45,3664.05,1905.6,0,Summer,0,2024-05-01,1195,588,5,318,518,4363315.45,5,110.0,112.0,115.0,,110.0
SKU001,2024-05-13,115,421365.75,3664.05,0,Product 001,Furniture,Chair,2022-04-09,1758.45,3664.05,1905.6,0,Summer,0,2024-05-01,1195,588,5,318,518,4363315.45,12,117.0,110.0,103.0,,110.5
SKU001,2024-05-20,115,421365.75,3664.05,0,Product 001,Furniture,Chair,2022-04-09,1758.45,3664.05,1905.6,0,Summer,0,2024-05-01,1195,588,5,318,518,4363315.45,19,115.0,117.0,112.0,,113.5
SKU001,2024-05-27,108,395717.4,3664.05,1,Product 001,Furniture,Chair,2022-04-09,1758.45,3664.05,1905.6,0,Summer,1,2024-05-01,1195,588,5,318,518,4363315.45,26,115.0,115.0,110.0,,114.25
SKU001,2024-06-03,126,461670.3,3664.05,1,Product 001,Furniture,Chair,2022-04-09,1758.45,3664.05,1905.6,0,Summer,1,2024-06-01,347,499,7,262,521,1267004.57,2,108.0,115.0,117.0,,113.75
SKU001,2024-06-10,106,388389.3,3664.05,1,Product 001,Furniture,Chair,2022-04-09,1758.45,3664.05,1905.6,0,Summer,1,2024-06-01,347,499,7,262,521,1267004.57,9,126.0,108.0,115.0,,116.0
SKU001,2024-06-17,100,366405.0,3664.05,1,Product 001,Furniture,Chair,2022-04-09,1758.45,3664.05,1905.6,0,Summer,1,2024-06-01,347,499,7,262,521,1267004.57,16,106.0,126.0,115.0,,113.75
SKU001,2024-06-24,124,454342.2,3664.05,1,Product 001,Furniture,Chair,2022-04-09,1758.45,3664.05,1905.6,0,Summer,1,2024-06-01,347,499,7,262,521,1267004.57,23,100.0,106.0,108.0,,110.0
SKU001,2024-07-01,84,307780.2,3664.05,0,Product 001,Furniture,Chair,2022-04-09,1758.45,3664.05,1905.6,0,Monsoon,0,2024-07-01,928,173,11,184,635,3388415.68,0,124.0,100.0,126.0,,114.0
SKU001,2024-07-08,101,370069.05,3664.05,0,Product 001,Furniture,Chair,2022-04-09,1758.45,3664.05,1905.6,0,Monsoon,0,2024-07-01,928,173,11,184,635,3388415.68,7,84.0,124.0,106.0,,103.5
SKU001,2024-07-15,75,274803.75,3664.05,0,Product 001,Furniture,Chair,2022-04-09,1758.45,3664.05,1905.6,0,Monsoon,0,2024-07-01,928,173,11,184,635,3388415.68,14,101.0,84.0,100.0,,102.25
SKU001,2024-07-22,96,351748.8,3664.05,0,Product 001,Furniture,Chair,2022-04-09,1758.45,3664.05,1905.6,0,Monsoon,0,2024-07-01,928,173,11,184,635,3388415.68,21,75.0,101.0,124.0,,96.0
SKU001,2024-07-29,94,344420.7,3664.05,0,Product 001,Furniture,Chair,2022-04-09,1758.45,3664.05,1905.6,0,Monsoon,0,2024-07-01,928,173,11,184,635,3388415.68,28,96.0,75.0,84.0,,89.0
SKU001,2024-08-05,82,300452.1,3664.05,0,Product 001,Furniture,Chair,2022-04-09,1758.45,3664.05,1905.6,0,Monsoon,0,2024-08-01,208,776,11,131,499,759472.48,4,94.0,96.0,101.0,,91.5
SKU001,2024-08-12,89,326100.45,3664.05,0,Product 001,Furniture,Chair,2022-04-09,1758.45,3664.05,1905.6,1,Monsoon,0,2024-08-01,208,776,11,131,499,759472.48,11,82.0,94.0,75.0,,86.75
SKU001,2024-08-19,98,359076.9,3664.05,0,Product 001,Furniture,Chair,2022-04-09,1758.45,3664.05,1905.6,0,Monsoon,0,2024-08-01,208,776,11,131,499,759472.48,18,89.0,82.0,96.0,,90.25
SKU001,2024-08-26,92,337092.6,3664.05,1,Product 001,Furniture,Chair,2022-04-09,1758.45,3664.05,1905.6,0,Monsoon,1,2024-08-01,208,776,11,131,499,759472.48,25,98.0,89.0,94.0,,90.75
SKU001,2024-09-02,96,351748.8,3664.05,1,Product 001,Furniture,Chair,2022-04-09,1758.45,3664.05,1905.6,0,Monsoon,1,2024-09-01,374,550,6,176,355,1365589.94,1,92.0,98.0,82.0,,90.25
SKU001,2024-09-09,89,326100.45,3664.05,1,Product 001,Furniture,Chair,2022-04-09,1758.45,3664.05,1905.6,0,Monsoon,1,2024-09-01,374,550,6,176,355,1365589.94,8,96.0,92.0,89.0,,93.75
SKU001,2024-09-16,104,381061.19999999995,3664.05,1,Product 001,Furniture,Chair,2022-04-09,1758.45,3664.05,1905.6,0,Monsoon,1,2024-09-01,374,550,6,176,355,1365589.94,15,89.0,96.0,98.0,,93.75
SKU001,2024-09-23,109,399381.45,3664.05,1,Product 001,Furniture,Chair,2022-04-09,1758.45,3664.05,1905.6,0,Monsoon,1,2024-09-01,374,550,6,176,355,1365589.94,22,104.0,89.0,92.0,,95.25
SKU001,2024-09-30,71,260147.55,3664.05,0,Product 001,Furniture,Chair,2022-04-09,1758.45,3664.05,1905.6,0,Monsoon,0,2024-09-01,374,550,6,176,355,1365589.94,29,109.0,104.0,96.0,,99.5
SKU001,2024-10-07,82,300452.1,3664.05,0,Product 001,Furniture,Chair,2022-04-09,1758.45,3664.05,1905.6,0,Autumn,0,2024-10-01,583,941,14,135,562,2128713.73,6,71.0,109.0,89.0,,93.25
SKU001,2024-10-14,88,322436.4,3664.05,0,Product 001,Furniture,Chair,2022-04-09,1758.45,3664.05,1905.6,0,Autumn,0,2024-10-01,583,941,14,135,562,2128713.73,13,82.0,71.0,104.0,,91.5
SKU001,2024-10-21,89,326100.45,3664.05,0,Product 001,Furniture,Chair,2022-04-09,1758.45,3664.05,1905.6,0,Autumn,0,2024-10-01,583,941,14,135,562,2128713.73,20,88.0,82.0,109.0,,87.5
SKU001,2024-10-28,83,304116.15,3664.05,1,Product 001,Furniture,Chair,2022-04-09,1758.45,3664.05,1905.6,1,Autumn,1,2024-10-01,583,941,14,135,562,2128713.73,27,89.0,88.0,71.0,,82.5
SKU001,2024-11-04,99,362740.95,3664.05,1,Product 001,Furniture,Chair,2022-04-09,1758.45,3664.05,1905.6,0,Autumn,1,2024-11-01,891,598,7,188,371,3253317.21,3,83.0,89.0,82.0,,85.5
SKU001,2024-11-11,80,293124.0,3664.05,1,Product 001,Furniture,Chair,2022-04-09,1758.45,3664.05,1905.6,0,Autumn,1,2024-11-01,891,598,7,188,371,3253317.21,10,99.0,83.0,88.0,,89.75
SKU001,2024-11-18,88,322436.39999999997,3664.05,1,Product 001,Furniture,Chair,2022-04-09,1758.45,3664.05,1905.6,0,Autumn,1,2024-11-01,891,598,7,188,371,3253317.21,17,80.0,99.0,89.0,,87.75
SKU001,2024-11-25,68,249155.4,3664.05,1,Product 001,Furniture,Chair,2022-04-09,1758.45,3664.05,1905.6,0,Autumn,1,2024-11-01,891,598,7,188,371,3253317.21,24,88.0,80.0,83.0,,87.5
SKU001,2024-12-02,83,304116.15,3664.05,0,Product 001,Furniture,Chair,2022-04-09,1758.45,3664.05,1905.6,0,Winter,0,2024-12-01,790,15,13,156,549,2884534.9,1,68.0,88.0,99.0,,83.75
SKU001,2024-12-09,94,344420.7,3664.05,0,Product 001,Furniture,Chair,2022-04-09,1758.45,3664.05,1905.6,0,Winter,0,2024-12-01,790,15,13,156,549,2884534.9,8,83.0,68.0,80.0,,79.75
SKU001,2024-12-16,77,282131.85,3664.05,0,Product 001,Furniture,Chair,2022-04-09,1758.45,3664.05,1905.6,0,Winter,0,2024-12-01,790,15,13,156,549,2884534.9,15,94.0,83.0,88.0,,83.25
SKU001,2024-12-23,105,384725.25,3664.05,0,Product 001,Furniture,Chair,2022-04-09,1758.45,3664.05,1905.6,1,Winter,0,2024-12-01,790,15,13,156,549,2884534.9,22,77.0,94.0,68.0,,80.5
SKU001,2024-12-30,78,285795.9,3664.05,0,Product 001,Furniture,Chair,2022-04-09,1758.45,3664.05,1905.6,0,Winter,0,2024-12-01,790,15,13,156,549,2884534.9,29,105.0,77.0,83.0,106.0,89.75
SKU001,2025-01-06,100,366405.0,3664.05,0,Product 001,Furniture,Chair,2022-04-09,1758.45,3664.05,1905.6,0,Winter,0,2025-01-01,558,184,9,144,414,2037430.98,5,78.0,105.0,94.0,85.0,88.5
SKU001,2025-01-13,89,326100.44999999995,3664.05,0,Product 001,Furniture,Chair,2022-04-09,1758.45,3664.05,1905.6,0,Winter,0,2025-01-01,558,184,9,144,414,2037430.98,12,100.0,78.0,77.0,117.0,90.0
SKU001,2025-01-20,103,377397.15,3664.05,0,Product 001,Furniture,Chair,2022-04-09,1758.45,3664.05,1905.6,1,Winter,0,2025-01-01,558,184,9,144,414,2037430.98,19,89.0,100.0,105.0,89.0,93.0
SKU001,2025-01-27,100,366405.0,3664.05,0,Product 001,Furniture,Chair,2022-04-09,1758.45,3664.05,1905.6,0,Winter,0,2025-01-01,558,184,9,144,414,2037430.98,26,103.0,89.0,78.0,119.0,92.5
SKU001,2025-02-03,106,388389.3,3664.05,0,Product 001,Furniture,Chair,2022-04-09,1758.45,3664.05,1905.6,0,Winter,0,2025-02-01,686,690,9,151,438,2504798.66,2,100.0,103.0,100.0,112.0,98.0
SKU001,2025-02-10,124,454342.2,3664.05,0,Product 001,Furniture,Chair,2022-04-09,1758.45,3664.05,1905.6,0,Winter,0,2025-02-01,686,690,9,151,438,2504798.66,9,106.0,100.0,89.0,104.0,99.5
SKU001,2025-02-17,116,425029.8,3664.05,0,Product 001,Furniture,Chair,2022-04-09,1758.45,3664.05,1905.6,0,Winter,0,2025-02-01,686,690,9,151,438,2504798.66,16,124.0,106.0,103.0,120.0,108.25
SKU001,2025-02-24,111,406709.55,3664.05,1,Product 001,Furniture,Chair,2022-04-09,1758.45,3664.05,1905.6,0,Winter,1,2025-02-01,686,690,9,151,438,2504798.66,23,116.0,124.0,100.0,103.0,111.5
SKU001,2025-03-03,98,359076.9,3664.05,1,Product 001,Furniture,Chair,2022-04-09,1758.45,3664.05,1905.6,0,Spring,1,2025-03-01,549,571,9,221,544,2004569.19,2,111.0,116.0,106.0,119.0,114.25
SKU001,2025-03-10,133,487318.65,3664.05,1,Product 001,Furniture,Chair,2022-04-09,1758.45,3664.05,1905.6,0,Spring,1,2025-03-01,549,571,9,221,544,2004569.19,9,98.0,111.0,124.0,122.0,112.25
SKU001,2025-03-17,128,468998.4,3664.05,1,Product 001,Furniture,Chair,2022-04-09,1758.45,3664.05,1905.6,0,Spring,1,2025-03-01,549,571,9,221,544,2004569.19,16,133.0,98.0,116.0,130.0,114.5
SKU001,2025-03-24,115,421365.75,3664.05,1,Product 001,Furniture,Chair,2022-04-09,1758.45,3664.05,1905.6,0,Spring,1,2025-03-01,549,571,9,221,544,2004569.19,23,128.0,133.0,111.0,102.0,117.5
SKU001,2025-03-31,100,366405.0,3664.05,0,Product 001,Furniture,Chair,2022-04-09,1758.45,3664.05,1905.6,0,Spring,0,2025-03-01,549,571,9,221,544,2004569.19,30,115.0,128.0,98.0,122.0,118.5
SKU001,2025-04-07,112,410373.6,3664.05,0,Product 001,Furniture,Chair,2022-04-09,1758.45,3664.05,1905.6,0,Spring,0,2025-04-01,1244,1262,14,164,752,4542229.64,6,100.0,115.0,133.0,115.0,119.0
SKU001,2025-04-14,108,395717.39999999997,3664.05,0,Product 001,Furniture,Chair,2022-04-09,1758.45,3664.05,1905.6,0,Spring,0,2025-04-01,1244,1262,14,164,752,4542229.64,13,112.0,100.0,128.0,103.0,113.75
SKU001,2025-04-21,134,490982.7,3664.05,0,Product 001,Furniture,Chair,2022-04-09,1758.45,3664.05,1905.6,0,Spring,0,2025-04-01,1244,1262,14,164,752,4542229.64,20,108.0,112.0,115.0,112.0,108.75
SKU001,2025-04-28,99,362740.94999999995,3664.05,0,Product 001,Furniture,Chair,2022-04-09,1758.45,3664.05,1905.6,0,Spring,0,2025-04-01,1244,1262,14,164,752,4542229.64,27,134.0,108.0,100.0,110.0,113.5
SKU001,2025-05-05,119,436021.95,3664.05,0,Product 001,Furniture,Chair,2022-04-09,1758.45,3664.05,1905.6,0,Summer,0,2025-05-01,868,76,11,275,700,3169337.08,4,99.0,134.0,112.0,117.0,113.25
SKU001,2025-05-12,115,421365.75,3664.05,0,Product 001,Furniture,Chair,2022-04-09,1758.45,3664.05,1905.6,0,Summer,0,2025-05-01,868,76,11,275,700,3169337.08,11,119.0,99.0,108.0,115.0,115.0
SKU001,2025-05-19,119,436021.95,3664.05,0,Product 001,Furniture,Chair,2022-04-09,1758.45,3664.05,1905.6,0,Summer,0,2025-05-01,868,76,11,275,700,3169337.08,18,115.0,119.0,134.0,115.0,116.75
SKU001,2025-05-26,111,406709.55,3664.05,1,Product 001,Furniture,Chair,2022-04-09,1758.45,3664.05,1905.6,0,Summer,1,2025-05-01,868,76,11,275,700,3169337.08,25,119.0,115.0,99.0,108.0,113.0
SKU001,2025-06-02,121,443350.05000000005,3664.05,1,Product 001,Furniture,Chair,2022-04-09,1758.45,3664.05,1905.6,0,Summer,1,2025-06-01,406,297,3,126,239,1482431.86,1,111.0,119.0,119.0,126.0,116.0
SKU001,2025-06-09,104,381061.2,3664.05,1,Product 001,Furniture,Chair,2022-04-09,1758.45,3664.05,1905.6,0,Summer,1,2025-06-01,406,297,3,126,239,1482431.86,8,121.0,111.0,115.0,106.0,116.5
SKU001,2025-06-16,110,403045.5,3664.05,1,Product 001,Furniture,Chair,2022-04-09,1758.45,3664.05,1905.6,0,Summer,1,2025-06-01,406,297,3,126,239,1482431.86,15,104.0,121.0,119.0,100.0,113.75
SKU001,2025-06-23,134,490982.69999999995,3664.05,1,Product 001,Furniture,Chair,2022-04-09,1758.45,3664.05,1905.6,0,Summer,1,2025-06-01,406,297,3,126,239,1482431.86,22,110.0,104.0,111.0,124.0,111.5
SKU001,2025-06-30,101,370069.05,3664.05,0,Product 001,Furniture,Chair,2022-04-09,1758.45,3664.05,1905.6,0,Summer,0,2025-06-01,406,297,3,126,239,1482431.86,29,134.0,110.0,121.0,84.0,117.25
SKU001,2025-07-07,111,406709.55,3664.05,0,Product 001,Furniture,Chair,2022-04-09,1758.45,3664.05,1905.6,0,Monsoon,0,2025-07-01,1121,404,4,214,376,4093118.51,6,101.0,134.0,104.0,101.0,112.25
SKU001,2025-07-14,118,432357.9,3664.05,0,Product 001,Furniture,Chair,2022-04-09,1758.45,3664.05,1905.6,0,Monsoon,0,2025-07-01,1121,404,4,214,376,4093118.51,13,111.0,101.0,110.0,75.0,114.0
SKU001,2025-07-21,111,406709.55,3664.05,0,Product 001,Furniture,Chair,2022-04-09,1758.45,3664.05,1905.6,0,Monsoon,0,2025-07-01,1121,404,4,214,376,4093118.51,20,118.0,111.0,134.0,96.0,116.0
SKU001,2025-07-28,101,370069.05,3664.05,0,Product 001,Furniture,Chair,2022-04-09,1758.45,3664.05,1905.6,0,Monsoon,0,2025-07-01,1121,404,4,214,376,4093118.51,27,111.0,118.0,101.0,94.0,110.25
SKU001,2025-08-04,77,282131.85,3664.05,0,Product 001,Furniture,Chair,2022-04-09,1758.45,3664.05,1905.6,0,Monsoon,0,2025-08-01,709,1015,9,238,533,2588778.79,3,101.0,111.0,111.0,82.0,110.25
SKU001,2025-08-11,90,329764.5,3664.05,0,Product 001,Furniture,Chair,2022-04-09,1758.45,3664.05,1905.6,1,Monsoon,0,2025-08-01,709,1015,9,238,533,2588778.79,10,77.0,101.0,118.0,89.0,101.75
SKU001,2025-08-18,91,333428.55,3664.05,0,Product 001,Furniture,Chair,2022-04-09,1758.45,3664.05,1905.6,0,Monsoon,0,2025-08-01,709,1015,9,238,533,2588778.79,17,90.0,77.0,111.0,98.0,94.75
SKU001,2025-08-25,97,355412.85,3664.05,0,Product 001,Furniture,Chair,2022-04-09,1758.45,3664.05,1905.6,0,Monsoon,0,2025-08-01,709,1015,9,238,533,2588778.79,24,91.0,90.0,101.0,92.0,89.75
SKU001,2025-09-01,88,322436.4,3664.05,1,Product 001,Furniture,Chair,2022-04-09,1758.45,3664.05,1905.6,0,Monsoon,1,2025-09-01,226,257,13,153,547,825196.06,0,97.0,91.0,77.0,96.0,88.75
SKU001,2025-09-08,93,340756.65,3664.05,1,Product 001,Furniture,Chair,2022-04-09,1758.45,3664.05,1905.6,0,Monsoon,1,2025-09-01,226,257,13,153,547,825196.06,7,88.0,97.0,90.0,89.0,91.5
SKU001,2025-09-15,88,322436.4,3664.05,1,Product 001,Furniture,Chair,2022-04-09,1758.45,3664.05,1905.6,0,Monsoon,1,2025-09-01,226,257,13,153,547,825196.06,14,93.0,88.0,91.0,104.0,92.25
SKU001,2025-09-22,86,315108.3,3664.05,1,Product 001,Furniture,Chair,2022-04-09,1758.45,3664.05,1905.6,0,Monsoon,1,2025-09-01,226,257,13,153,547,825196.06,21,88.0,93.0,97.0,109.0,91.5
SKU001,2025-09-29,83,304116.15,3664.05,0,Product 001,Furniture,Chair,2022-04-09,1758.45,3664.05,1905.6,0,Monsoon,0,2025-09-01,226,257,13,153,547,825196.06,28,86.0,88.0,88.0,71.0,88.75
SKU001,2025-10-06,82,300452.1,3664.05,0,Product 001,Furniture,Chair,2022-04-09,1758.45,3664.05,1905.6,0,Autumn,0,2025-10-01,663,307,3,132,226,2420818.53,5,83.0,86.0,93.0,82.0,87.5
SKU001,2025-10-13,82,300452.1,3664.05,0,Product 001,Furniture,Chair,2022-04-09,1758.45,3664.05,1905.6,0,Autumn,0,2025-10-01,663,307,3,132,226,2420818.53,12,82.0,83.0,88.0,88.0,84.75
SKU001,2025-10-20,78,285795.9,3664.05,0,Product 001,Furniture,Chair,2022-04-09,1758.45,3664.05,1905.6,1,Autumn,0,2025-10-01,663,307,3,132,226,2420818.53,19,82.0,82.0,86.0,89.0,83.25
SKU001,2025-10-27,93,340756.65,3664.05,1,Product 001,Furniture,Chair,2022-04-09,1758.45,3664.05,1905.6,0,Autumn,1,2025-10-01,663,307,3,132,226,2420818.53,26,78.0,82.0,83.0,83.0,81.25
SKU001,2025-11-03,92,337092.6,3664.05,1,Product 001,Furniture,Chair,2022-04-09,1758.45,3664.05,1905.6,0,Autumn,1,2025-11-01,197,334,12,135,463,719308.07,2,93.0,78.0,82.0,99.0,83.75
SKU001,2025-11-10,87,318772.35,3664.05,1,Product 001,Furniture,Chair,2022-04-09,1758.45,3664.05,1905.6,0,Autumn,1,2025-11-01,197,334,12,135,463,719308.07,9,92.0,93.0,82.0,80.0,86.25
SKU001,2025-11-17,84,307780.2,3664.05,1,Product 001,Furniture,Chair,2022-04-09,1758.45,3664.05,1905.6,0,Autumn,1,2025-11-01,197,334,12,135,463,719308.07,16,87.0,92.0,78.0,88.0,87.5
SKU001,2025-11-24,84,307780.2,3664.05,1,Product 001,Furniture,Chair,2022-04-09,1758.45,3664.05,1905.6,0,Autumn,1,2025-11-01,197,334,12,135,463,719308.07,23,84.0,87.0,93.0,68.0,89.0
SKU001,2025-12-01,88,322436.4,3664.05,0,Product 001,Furniture,Chair,2022-04-09,1758.45,3664.05,1905.6,0,Winter,0,2025-12-01,771,147,4,159,289,2815160.01,0,84.0,84.0,92.0,83.0,86.75
SKU001,2025-12-08,89,326100.45,3664.05,0,Product 001,Furniture,Chair,2022-04-09,1758.45,3664.05,1905.6,0,Winter,0,2025-12-01,771,147,4,159,289,2815160.01,7,88.0,84.0,87.0,94.0,85.75
SKU001,2025-12-15,91,333428.55,3664.05,0,Product 001,Furniture,Chair,2022-04-09,1758.45,3664.05,1905.6,0,Winter,0,2025-12-01,771,147,4,159,289,2815160.01,14,89.0,88.0,84.0,77.0,86.25
SKU001,2025-12-22,76,278467.8,3664.05,0,Product 001,Furniture,Chair,2022-04-09,1758.45,3664.05,1905.6,1,Winter,0,2025-12-01,771,147,4,159,289,2815160.01,21,91.0,89.0,84.0,105.0,88.0
SKU002,2024-01-01,83,315872.27,3805.69,0,Product 002,Home Decor,Table,2024-05-01,3867.09,3805.69,-61.4,0,Winter,0,2024-01-01,29,12,4,5,10,163983.4,0,,,,,
SKU002,2024-01-08,61,232147.09,3805.69,0,Product 002,Home Decor,Table,2024-05-01,3867.09,3805.69,-61.4,0,Winter,0,2024-01-01,29,12,4,5,10,163983.4,7,83.0,,,,
SKU002,2024-01-15,57,216924.33000000002,3805.69,0,Product 002,Home Decor,Table,2024-05-01,3867.09,3805.69,-61.4,0,Winter,0,2024-01-01,29,12,4,5,10,163983.4,14,61.0,83.0,,,
SKU002,2024-01-22,62,235952.78,3805.69,0,Product 002,Home Decor,Table,2024-05-01,3867.09,3805.69,-61.4,1,Winter,0,2024-01-01,29,12,4,5,10,163983.4,21,57.0,61.0,,,
SKU002,2024-01-29,68,258786.91999999998,3805.69,0,Product 002,Home Decor,Table,2024-05-01,3867.09,3805.69,-61.4,0,Winter,0,2024-01-01,29,12,4,5,10,163983.4,28,62.0,57.0,83.0,,65.75
SKU002,2024-02-05,72,274009.68,3805.69,0,Product 002,Home Decor,Table,2024-05-01,3867.09,3805.69,-61.4,0,Winter,0,2024-02-01,277,465,4,154,234,1566324.2,4,68.0,62.0,61.0,,62.0
SKU002,2024-02-12,65,247369.85,3805.69,0,Product 002,Home Decor,Table,2024-05-01,3867.09,3805.69,-61.4,0,Winter,0,2024-02-01,277,465,4,154,234,1566324.2,11,72.0,68.0,57.0,,64.75
SKU002,2024-02-19,64,243564.16,3805.69,0,Product 002,Home Decor,Table,2024-05-01,3867.09,3805.69,-61.4,0,Winter,0,2024-02-01,277,465,4,154,234,1566324.2,18,65.0,72.0,62.0,,66.75
SKU002,2024-02-26,74,281621.06,3805.69,1,Product 002,Home Decor,Table,2024-05-01,3867.09,3805.69,-61.4,0,Winter,1,2024-02-01,277,465,4,154,234,1566324.2,25,64.0,65.0,68.0,,67.25
SKU002,2024-03-04,69,262592.61,3805.69,1,Product 002,Home Decor,Table,2024-05-01,3867.09,3805.69,-61.4,0,Spring,1,2024-03-01,636,367,9,155,350,3596325.6,3,74.0,64.0,72.0,,68.75
SKU002,2024-03-11,103,391986.07,3805.69,1,Product 002,Home Decor,Table,2024-05-01,3867.09,3805.69,-61.4,0,Spring,1,2024-03-01,636,367,9,155,350,3596325.6,10,69.0,74.0,65.0,,68.0
SKU002,2024-03-18,89,338706.41000000003,3805.69,1,Product 002,Home Decor,Table,2024-05-01,3867.09,3805.69,-61.4,0,Spring,1,2024-03-01,636,367,9,155,350,3596325.6,17,103.0,69.0,64.0,,77.5
SKU002,2024-03-25,106,403403.14,3805.69,1,Product 002,Home Decor,Table,2024-05-01,3867.09,3805.69,-61.4,0,Spring,1,2024-03-01,636,367,9,155,350,3596325.6,24,89.0,103.0,74.0,,83.75
SKU002,2024-04-01,79,300649.51,3805.69,0,Product 002,Home Decor,Table,2024-05-01,3867.09,3805.69,-61.4,0,Spring,0,2024-04-01,706,674,9,108,346,3992147.6,0,106.0,89.0,69.0,,91.75
SKU002,2024-04-08,76,289232.44,3805.69,0,Product 002,Home Decor,Table,2024-05-01,3867.09,3805.69,-61.4,0,Spring,0,2024-04-01,706,674,9,108,346,3992147.6,7,79.0,106.0,103.0,,94.25
SKU002,2024-04-15,93,353929.17,3805.69,0,Product 002,Home Decor,Table,2024-05-01,3867.09,3805.69,-61.4,0,Spring,0,2024-04-01,706,674,9,108,346,3992147.6,14,76.0,79.0,89.0,,87.5
SKU002,2024-04-22,75,285426.75,3805.69,0,Product 002,Home Decor,Table,2024-05-01,3867.09,3805.69,-61.4,0,Spring,0,2024-04-01,706,674,9,108,346,3992147.6,21,93.0,76.0,106.0,,88.5
SKU002,2024-04-29,91,346317.79000000004,3805.69,0,Product 002,Home Decor,Table,2024-05-01,3867.09,3805.69,-61.4,0,Spring,0,2024-04-01,706,674,9,108,346,3992147.6,28,75.0,93.0,79.0,,80.75
SKU002,2024-05-06,88,334900.72,3805.69,0,Product 002,Home Decor,Table,2024-05-01,3867.09,3805.69,-61.4,0,Summer,0,2024-05-01,791,86,10,123,356,4472788.6,5,91.0,75.0,76.0,,83.75
SKU002,2024-05-13,86,327289.33999999997,3805.69,0,Product 002,Home Decor,Table,2024-05-01,3867.09,3805.69,-61.4,0,Summer,0,2024-05-01,791,86,10,123,356,4472788.6,12,88.0,91.0,93.0,,86.75
SKU002,2024-05-20,78,296843.82,3805.69,0,Product 002,Home Decor,Table,2024-05-01,3867.09,3805.69,-61.4,0,Summer,0,2024-05-01,791,86,10,123,356,4472788.6,19,86.0,88.0,75.0,,85.0
SKU002,2024-05-27,77,293038.13,3805.69,1,Product 002,Home Decor,Table,2024-05-01,3867.09,3805.69,-61.4,0,Summer,1,2024-05-01,791,86,10,123,356,4472788.6,26,78.0,86.0,91.0,,85.75
SKU002,2024-06-03,76,289232.44,3805.69,1,Product 002,Home Decor,Table,2024-05-01,3867.09,3805.69,-61.4,0,Summer,1,2024-06-01,324,359,6,168,316,1832090.4,2,77.0,78.0,88.0,,82.25
SKU002,2024-06-10,82,312066.58,3805.69,1,Product 002,Home Decor,Table,2024-05-01,3867.09,3805.69,-61.4,0,Summer,1,2024-06-01,324,359,6,168,316,1832090.4,9,76.0,77.0,86.0,,79.25
SKU002,2024-06-17,62,235952.78,3805.69,1,Product 002,Home Decor,Table,2024-05-01,3867.09,3805.69,-61.4,0,Summer,1,2024-06-01,324,359,6,168,316,1832090.4,16,82.0,76.0,78.0,,78.25
SKU002,2024-06-24,80,304455.2,3805.69,1,Product 002,Home Decor,Table,2024-05-01,3867.09,3805.69,-61.4,0,Summer,1,2024-06-01,324,359,6,168,316,1832090.4,23,62.0,82.0,77.0,,74.25
SKU002,2024-07-01,81,308260.89,3805.69,0,Product 002,Home Decor,Table,2024-05-01,3867.09,3805.69,-61.4,0,Monsoon,0,2024-07-01,517,515,13,170,490,2923428.2,0,80.0,62.0,76.0,,75.0
SKU002,2024-07-08,74,281621.06,3805.69,0,Product 002,Home Decor,Table,2024-05-01,3867.09,3805.69,-61.4,0,Monsoon,0,2024-07-01,517,515,13,170,490,2923428.2,7,81.0,80.0,82.0,,76.25
SKU002,2024-07-15,84,319677.96,3805.69,0,Product 002,Home Decor,Table,2024-05-01,3867.09,3805.69,-61.4,0,Monsoon,0,2024-07-01,517,515,13,170,490,2923428.2,14,74.0,81.0,62.0,,74.25
SKU002,2024-07-22,59,224535.71,3805.69,0,Product 002,Home Decor,Table,2024-05-01,3867.09,3805.69,-61.4,0,Monsoon,0,2024-07-01,517,515,13,170,490,2923428.2,21,84.0,74.0,80.0,,79.75
SKU002,2024-07-29,51,194090.19,3805.69,0,Product 002,Home Decor,Table,2024-05-01,3867.09,3805.69,-61.4,0,Monsoon,0,2024-07-01,517,515,13,170,490,2923428.2,28,59.0,84.0,81.0,,74.5
SKU002,2024-08-05,65,247369.85,3805.69,0,Product 002,Home Decor,Table,2024-05-01,3867.09,3805.69,-61.4,0,Monsoon,0,2024-08-01,283,360,10,91,299,1600251.8,4,51.0,59.0,74.0,,67.0
SKU002,2024-08-12,58,220730.02,3805.69,0,Product 002,Home Decor,Table,2024-05-01,3867.09,3805.69,-61.4,1,Monsoon,0,2024-08-01,283,360,10,91,299,1600251.8,11,65.0,51.0,84.0,,64.75
SKU002,2024-08-19,46,175061.74,3805.69,0,Product 002,Home Decor,Table,2024-05-01,3867.09,3805.69,-61.4,0,Monsoon,0,2024-08-01,283,360,10,91,299,1600251.8,18,58.0,65.0,59.0,,58.25
SKU002,2024-08-26,69,262592.61,3805.69,1,Product 002,Home Decor,Table,2024-05-01,3867.09,3805.69,-61.4,0,Monsoon,1,2024-08-01,283,360,10,91,299,1600251.8,25,46.0,58.0,51.0,,55.0
SKU002,2024-09-02,56,213118.64,3805.69,1,Product 002,Home Decor,Table,2024-05-01,3867.09,3805.69,-61.4,0,Monsoon,1,2024-09-01,512,183,7,70,192,2895155.2,1,69.0,46.0,65.0,,59.5
SKU002,2024-09-09,61,232147.09,3805.69,1,Product 002,Home Decor,Table,2024-05-01,3867.09,3805.69,-61.4,0,Monsoon,1,2024-09-01,512,183,7,70,192,2895155.2,8,56.0,69.0,58.0,,57.25
SKU002,2024-09-16,59,224535.71,3805.69,1,Product 002,Home Decor,Table,2024-05-01,3867.09,3805.69,-61.4,0,Monsoon,1,2024-09-01,512,183,7,70,192,2895155.2,15,61.0,56.0,46.0,,58.0
SKU002,2024-09-23,63,239758.47,3805.69,1,Product 002,Home Decor,Table,2024-05-01,3867.09,3805.69,-61.4,0,Monsoon,1,2024-09-01,512,183,7,70,192,2895155.2,22,59.0,61.0,69.0,,61.25
SKU002,2024-09-30,51,194090.19,3805.69,0,Product 002,Home Decor,Table,2024-05-01,3867.09,3805.69,-61.4,0,Monsoon,0,2024-09-01,512,183,7,70,192,2895155.2,29,63.0,59.0,56.0,,59.75
SKU002,2024-10-07,65,247369.85,3805.69,0,Product 002,Home Decor,Table,2024-05-01,3867.09,3805.69,-61.4,0,Autumn,0,2024-10-01,357,371,7,90,211,2018692.2,6,51.0,63.0,61.0,,58.5
SKU002,2024-10-14,72,274009.68,3805.69,0,Product 002,Home Decor,Table,2024-05-01,3867.09,3805.69,-61.4,0,Autumn,0,2024-10-01,357,371,7,90,211,2018692.2,13,65.0,51.0,59.0,,59.5
SKU002,2024-10-21,47,178867.43,3805.69,0,Product 002,Home Decor,Table,2024-05-01,3867.09,3805.69,-61.4,0,Autumn,0,2024-10-01,357,371,7,90,211,2018692.2,20,72.0,65.0,63.0,,62.75
SKU002,2024-10-28,65,247369.85,3805.69,1,Product 002,Home Decor,Table,2024-05-01,3867.09,3805.69,-61.4,1,Autumn,1,2024-10-01,357,371,7,90,211,2018692.2,27,47.0,72.0,51.0,,58.75
SKU002,2024-11-04,52,197895.88,3805.69,1,Product 002,Home Decor,Table,2024-05-01,3867.09,3805.69,-61.4,0,Autumn,1,2024-11-01,507,3,14,67,311,2866882.2,3,65.0,47.0,65.0,,62.25
SKU002,2024-11-11,67,254981.22999999998,3805.69,1,Product 002,Home Decor,Table,2024-05-01,3867.09,3805.69,-61.4,0,Autumn,1,2024-11-01,507,3,14,67,311,2866882.2,10,52.0,65.0,72.0,,59.0
SKU002,2024-11-18,66,251175.54,3805.69,1,Product 002,Home Decor,Table,2024-05-01,3867.09,3805.69,-61.4,0,Autumn,1,2024-11-01,507,3,14,67,311,2866882.2,17,67.0,52.0,47.0,,57.75
SKU002,2024-11-25,57,216924.33000000002,3805.69,1,Product 002,Home Decor,Table,2024-05-01,3867.09,3805.69,-61.4,0,Autumn,1,2024-11-01,507,3,14,67,311,2866882.2,24,66.0,67.0,65.0,,62.5
SKU002,2024-12-02,66,251175.54,3805.69,0,Product 002,Home Decor,Table,2024-05-01,3867.09,3805.69,-61.4,0,Winter,0,2024-12-01,459,109,4,91,159,2595461.4,1,57.0,66.0,52.0,,60.5
SKU002,2024-12-09,57,216924.33,3805.69,0,Product 002,Home Decor,Table,2024-05-01,3867.09,3805.69,-61.4,0,Winter,0,2024-12-01,459,109,4,91,159,2595461.4,8,66.0,57.0,67.0,,64.0
SKU002,2024-12-16,59,224535.71,3805.69,0,Product 002,Home Decor,Table,2024-05-01,3867.09,3805.69,-61.4,0,Winter,0,2024-12-01,459,109,4,91,159,2595461.4,15,57.0,66.0,66.0,,61.5
SKU002,2024-12-23,65,247369.84999999998,3805.69,0,Product 002,Home Decor,Table,2024-05-01,3867.09,3805.69,-61.4,1,Winter,0,2024-12-01,459,109,4,91,159,2595461.4,22,59.0,57.0,57.0,,59.75
SKU002,2024-12-30,70,266398.3,3805.69,0,Product 002,Home Decor,Table,2024-05-01,3867.09,3805.69,-61.4,0,Winter,0,2024-12-01,459,109,4,91,159,2595461.4,29,65.0,59.0,66.0,83.0,61.75
SKU002,2025-01-06,63,239758.47,3805.69,0,Product 002,Home Decor,Table,2024-05-01,3867.09,3805.69,-61.4,0,Winter,0,2025-01-01,168,413,10,55,229,949972.8,5,70.0,65.0,57.0,61.0,62.75
SKU002,2025-01-13,67,254981.23,3805.69,0,Product 002,Home Decor,Table,2024-05-01,3867.09,3805.69,-61.4,0,Winter,0,2025-01-01,168,413,10,55,229,949972.8,12,63.0,70.0,59.0,57.0,64.25
SKU002,2025-01-20,66,251175.54,3805.69,0,Product 002,Home Decor,Table,2024-05-01,3867.09,3805.69,-61.4,1,Winter,0,2025-01-01,168,413,10,55,229,949972.8,19,67.0,63.0,65.0,62.0,66.25
SKU002,2025-01-27,85,323483.64999999997,3805.69,0,Product 002,Home Decor,Table,2024-05-01,3867.09,3805.69,-61.4,0,Winter,0,2025-01-01,168,413,10,55,229,949972.8,26,66.0,67.0,70.0,68.0,66.5
SKU002,2025-02-03,71,270203.99,3805.69,0,Product 002,Home Decor,Table,2024-05-01,3867.09,3805.69,-61.4,0,Winter,0,2025-02-01,455,542,11,153,368,2572843.0,2,85.0,66.0,63.0,72.0,70.25
SKU002,2025-02-10,79,300649.51,3805.69,0,Product 002,Home Decor,Table,2024-05-01,3867.09,3805.69,-61.4,0,Winter,0,2025-02-01,455,542,11,153,368,2572843.0,9,71.0,85.0,67.0,65.0,72.25
SKU002,2025-02-17,82,312066.58,3805.69,0,Product 002,Home Decor,Table,2024-05-01,3867.09,3805.69,-61.4,0,Winter,0,2025-02-01,455,542,11,153,368,2572843.0,16,79.0,71.0,66.0,64.0,75.25
SKU002,2025-02-24,95,361540.55,3805.69,1,Product 002,Home Decor,Table,2024-05-01,3867.09,3805.69,-61.4,0,Winter,1,2025-02-01,455,542,11,153,368,2572843.0,23,82.0,79.0,85.0,74.0,79.25
SKU002,2025-03-03,99,376763.31,3805.69,1,Product 002,Home Decor,Table,2024-05-01,3867.09,3805.69,-61.4,0,Spring,1,2025-03-01,230,341,10,96,322,1300558.0,2,95.0,82.0,71.0,69.0,81.75
SKU002,2025-03-10,80,304455.2,3805.69,1,Product 002,Home Decor,Table,2024-05-01,3867.09,3805.69,-61.4,0,Spring,1,2025-03-01,230,341,10,96,322,1300558.0,9,99.0,95.0,79.0,103.0,88.75
SKU002,2025-03-17,81,308260.89,3805.69,1,Product 002,Home Decor,Table,2024-05-01,3867.09,3805.69,-61.4,0,Spring,1,2025-03-01,230,341,10,96,322,1300558.0,16,80.0,99.0,82.0,89.0,89.0
SKU002,2025-03-24,96,365346.24,3805.69,1,Product 002,Home Decor,Table,2024-05-01,3867.09,3805.69,-61.4,0,Spring,1,2025-03-01,230,341,10,96,322,1300558.0,23,81.0,80.0,95.0,106.0,88.75
SKU002,2025-03-31,80,304455.2,3805.69,0,Product 002,Home Decor,Table,2024-05-01,3867.09,3805.69,-61.4,0,Spring,0,2025-03-01,230,341,10,96,322,1300558.0,30,96.0,81.0,99.0,79.0,89.0
SKU002,2025-04-07,89,338706.41000000003,3805.69,0,Product 002,Home Decor,Table,2024-05-01,3867.09,3805.69,-61.4,0,Spring,0,2025-04-01,706,579,9,84,317,3992147.6,6,80.0,96.0,80.0,76.0,84.25
SKU002,2025-04-14,82,312066.58,3805.69,0,Product 002,Home Decor,Table,2024-05-01,3867.09,3805.69,-61.4,0,Spring,0,2025-04-01,706,579,9,84,317,3992147.6,13,89.0,80.0,81.0,93.0,86.5
SKU002,2025-04-21,79,300649.51,3805.69,0,Product 002,Home Decor,Table,2024-05-01,3867.09,3805.69,-61.4,0,Spring,0,2025-04-01,706,579,9,84,317,3992147.6,20,82.0,89.0,96.0,75.0,86.75
SKU002,2025-04-28,67,254981.23,3805.69,0,Product 002,Home Decor,Table,2024-05-01,3867.09,3805.69,-61.4,0,Spring,0,2025-04-01,706,579,9,84,317,3992147.6,27,79.0,82.0,80.0,91.0,82.5
SKU002,2025-05-05,77,293038.13,3805.69,0,Product 002,Home Decor,Table,2024-05-01,3867.09,3805.69,-61.4,0,Summer,0,2025-05-01,400,231,7,175,340,2261840.0,4,67.0,79.0,89.0,88.0,79.25
SKU002,2025-05-12,84,319677.96,3805.69,0,Product 002,Home Decor,Table,2024-05-01,3867.09,3805.69,-61.4,0,Summer,0,2025-05-01,400,231,7,175,340,2261840.0,11,77.0,67.0,82.0,86.0,76.25
SKU002,2025-05-19,82,312066.58,3805.69,0,Product 002,Home Decor,Table,2024-05-01,3867.09,3805.69,-61.4,0,Summer,0,2025-05-01,400,231,7,175,340,2261840.0,18,84.0,77.0,79.0,78.0,76.75
SKU002,2025-05-26,93,353929.17,3805.69,1,Product 002,Home Decor,Table,2024-05-01,3867.09,3805.69,-61.4,0,Summer,1,2025-05-01,400,231,7,175,340,2261840.0,25,82.0,84.0,67.0,77.0,77.5
SKU002,2025-06-02,73,277815.37,3805.69,1,Product 002,Home Decor,Table,2024-05-01,3867.09,3805.69,-61.4,0,Summer,1,2025-06-01,606,130,10,89,336,3426687.6,1,93.0,82.0,77.0,76.0,84.0
SKU002,2025-06-09,91,346317.79,3805.69,1,Product 002,Home Decor,Table,2024-05-01,3867.09,3805.69,-61.4,0,Summer,1,2025-06-01,606,130,10,89,336,3426687.6,8,73.0,93.0,84.0,82.0,83.0
SKU002,2025-06-16,84,319677.96,3805.69,1,Product 002,Home Decor,Table,2024-05-01,3867.09,3805.69,-61.4,0,Summer,1,2025-06-01,606,130,10,89,336,3426687.6,15,91.0,73.0,82.0,62.0,84.75
SKU002,2025-06-23,70,266398.3,3805.69,1,Product 002,Home Decor,Table,2024-05-01,3867.09,3805.69,-61.4,0,Summer,1,2025-06-01,606,130,10,89,336,3426687.6,22,84.0,91.0,93.0,80.0,85.25
SKU002,2025-06-30,53,201701.57,3805.69,0,Product 002,Home Decor,Table,2024-05-01,3867.09,3805.69,-61.4,0,Summer,0,2025-06-01,606,130,10,89,336,3426687.6,29,70.0,84.0,73.0,81.0,79.5
SKU002,2025-07-07,78,296843.82,3805.69,0,Product 002,Home Decor,Table,2024-05-01,3867.09,3805.69,-61.4,0,Monsoon,0,2025-07-01,774,228,7,193,363,4376660.4,6,53.0,70.0,91.0,74.0,74.5
SKU002,2025-07-14,69,262592.61,3805.69,0,Product 002,Home Decor,Table,2024-05-01,3867.09,3805.69,-61.4,0,Monsoon,0,2025-07-01,774,228,7,193,363,4376660.4,13,78.0,53.0,84.0,84.0,71.25
SKU002,2025-07-21,76,289232.44,3805.69,0,Product 002,Home Decor,Table,2024-05-01,3867.09,3805.69,-61.4,0,Monsoon,0,2025-07-01,774,228,7,193,363,4376660.4,20,69.0,78.0,70.0,59.0,67.5
SKU002,2025-07-28,75,285426.75,3805.69,0,Product 002,Home Decor,Table,2024-05-01,3867.09,3805.69,-61.4,0,Monsoon,0,2025-07-01,774,228,7,193,363,4376660.4,27,76.0,69.0,53.0,51.0,69.0
SKU002,2025-08-04,60,228341.4,3805.69,0,Product 002,Home Decor,Table,2024-05-01,3867.09,3805.69,-61.4,0,Monsoon,0,2025-08-01,644,76,14,87,373,3641562.4,3,75.0,76.0,78.0,65.0,74.5
SKU002,2025-08-11,70,266398.3,3805.69,0,Product 002,Home Decor,Table,2024-05-01,3867.09,3805.69,-61.4,1,Monsoon,0,2025-08-01,644,76,14,87,373,3641562.4,10,60.0,75.0,69.0,58.0,70.0
SKU002,2025-08-18,70,266398.3,3805.69,0,Product 002,Home Decor,Table,2024-05-01,3867.09,3805.69,-61.4,0,Monsoon,0,2025-08-01,644,76,14,87,373,3641562.4,17,70.0,60.0,76.0,46.0,70.25
SKU002,2025-08-25,79,300649.51,3805.69,0,Product 002,Home Decor,Table,2024-05-01,3867.09,3805.69,-61.4,0,Monsoon,0,2025-08-01,644,76,14,87,373,3641562.4,24,70.0,70.0,75.0,69.0,68.75
SKU002,2025-09-01,62,235952.78,3805.69,1,Product 002,Home Decor,Table,2024-05-01,3867.09,3805.69,-61.4,0,Monsoon,1,2025-09-01,120,34,10,57,240,678552.0,0,79.0,70.0,60.0,56.0,69.75
SKU002,2025-09-08,65,247369.85,3805.69,1,Product 002,Home Decor,Table,2024-05-01,3867.09,3805.69,-61.4,0,Monsoon,1,2025-09-01,120,34,10,57,240,678552.0,7,62.0,79.0,70.0,61.0,70.25
SKU002,2025-09-15,79,300649.51,3805.69,1,Product 002,Home Decor,Table,2024-05-01,3867.09,3805.69,-61.4,0,Monsoon,1,2025-09-01,120,34,10,57,240,678552.0,14,65.0,62.0,70.0,59.0,69.0
SKU002,2025-09-22,60,228341.4,3805.69,1,Product 002,Home Decor,Table,2024-05-01,3867.09,3805.69,-61.4,0,Monsoon,1,2025-09-01,120,34,10,57,240,678552.0,21,79.0,65.0,79.0,63.0,71.25
SKU002,2025-09-29,63,239758.47,3805.69,0,Product 002,Home Decor,Table,2024-05-01,3867.09,3805.69,-61.4,0,Monsoon,0,2025-09-01,120,34,10,57,240,678552.0,28,60.0,79.0,62.0,51.0,66.5
SKU002,2025-10-06,56,213118.64,3805.69,0,Product 002,Home Decor,Table,2024-05-01,3867.09,3805.69,-61.4,0,Autumn,0,2025-10-01,599,204,13,112,350,3387105.4,5,63.0,60.0,65.0,65.0,66.75
SKU002,2025-10-13,59,224535.71,3805.69,0,Product 002,Home Decor,Table,2024-05-01,3867.09,3805.69,-61.4,0,Autumn,0,2025-10-01,599,204,13,112,350,3387105.4,12,56.0,63.0,79.0,72.0,64.5
SKU002,2025-10-20,51,194090.19,3805.69,0,Product 002,Home Decor,Table,2024-05-01,3867.09,3805.69,-61.4,1,Autumn,0,2025-10-01,599,204,13,112,350,3387105.4,19,59.0,56.0,60.0,47.0,59.5
SKU002,2025-10-27,70,266398.3,3805.69,1,Product 002,Home Decor,Table,2024-05-01,3867.09,3805.69,-61.4,0,Autumn,1,2025-10-01,599,204,13,112,350,3387105.4,26,51.0,59.0,63.0,65.0,57.25
SKU002,2025-11-03,72,274009.68,3805.69,1,Product 002,Home Decor,Table,2024-05-01,3867.09,3805.69,-61.4,0,Autumn,1,2025-11-01,461,100,4,76,138,2606770.6,2,70.0,51.0,56.0,52.0,59.0
SKU002,2025-11-10,60,228341.4,3805.69,1,Product 002,Home Decor,Table,2024-05-01,3867.09,3805.69,-61.4,0,Autumn,1,2025-11-01,461,100,4,76,138,2606770.6,9,72.0,70.0,59.0,67.0,63.0
SKU002,2025-11-17,64,243564.16,3805.69,1,Product 002,Home Decor,Table,2024-05-01,3867.09,3805.69,-61.4,0,Autumn,1,2025-11-01,461,100,4,76,138,2606770.6,16,60.0,72.0,51.0,66.0,63.25
SKU002,2025-11-24,66,251175.54,3805.69,1,Product 002,Home Decor,Table,2024-05-01,3867.09,3805.69,-61.4,0,Autumn,1,2025-11-01,461,100,4,76,138,2606770.6,23,64.0,60.0,70.0,57.0,66.5
SKU002,2025-12-01,51,194090.19,3805.69,0,Product 002,Home Decor,Table,2024-05-01,3867.09,3805.69,-61.4,0,Winter,0,2025-12-01,526,29,3,94,149,2974319.6,0,66.0,64.0,72.0,66.0,65.5
SKU002,2025-12-08,55,209312.95,3805.69,0,Product 002,Home Decor,Table,2024-05-01,3867.09,3805.69,-61.4,0,Winter,0,2025-12-01,526,29,3,94,149,2974319.6,7,51.0,66.0,60.0,57.0,60.25
SKU002,2025-12-15,55,209312.95,3805.69,0,Product 002,Home Decor,Table,2024-05-01,3867.09,3805.69,-61.4,0,Winter,0,2025-12-01,526,29,3,94,149,2974319.6,14,55.0,51.0,64.0,59.0,59.0
SKU002,2025-12-22,51,194090.19,3805.69,0,Product 002,Home Decor,Table,2024-05-01,3867.09,3805.69,-61.4,1,Winter,0,2025-12-01,526,29,3,94,149,2974319.6,21,55.0,55.0,66.0,65.0,56.75
SKU003,2024-01-01,36,290816.28,8078.2300000000005,0,Product 003,Kitchen,Cushion,2023-12-22,589.48,8078.23,7488.75,0,Winter,0,2024-01-01,34,23,14,6,20,209060.22,0,,,,,
SKU003,2024-01-08,32,258503.36,8078.2300000000005,0,Product 003,Kitchen,Cushion,2023-12-22,589.48,8078.23,7488.75,0,Winter,0,2024-01-01,34,23,14,6,20,209060.22,7,36.0,,,,
SKU003,2024-01-15,32,258503.36,8078.2300000000005,0,Product 003,Kitchen,Cushion,2023-12-22,589.48,8078.23,7488.75,0,Winter,0,2024-01-01,34,23,14,6,20,209060.22,14,32.0,36.0,,,
SKU003,2024-01-22,43,347363.88999999996,8078.2300000000005,0,Product 003,Kitchen,Cushion,2023-12-22,589.48,8078.23,7488.75,1,Winter,0,2024-01-01,34,23,14,6,20,209060.22,21,32.0,32.0,,,
SKU003,2024-01-29,40,323129.2,8078.2300000000005,0,Product 003,Kitchen,Cushion,2023-12-22,589.48,8078.23,7488.75,0,Winter,0,2024-01-01,34,23,14,6,20,209060.22,28,43.0,32.0,36.0,,35.75
SKU003,2024-02-05,46,371598.58,8078.2300000000005,0,Product 003,Kitchen,Cushion,2023-12-22,589.48,8078.23,7488.75,0,Winter,0,2024-02-01,309,257,11,39,177,1899988.47,4,40.0,43.0,32.0,,36.75
SKU003,2024-02-12,34,274659.82,8078.2300000000005,0,Product 003,Kitchen,Cushion,2023-12-22,589.48,8078.23,7488.75,0,Winter,0,2024-02-01,309,257,11,39,177,1899988.47,11,46.0,40.0,32.0,,40.25
SKU003,2024-02-19,44,355442.12,8078.2300000000005,0,Product 003,Kitchen,Cushion,2023-12-22,589.48,8078.23,7488.75,0,Winter,0,2024-02-01,309,257,11,39,177,1899988.47,18,34.0,46.0,43.0,,40.75
SKU003,2024-02-26,52,420067.96,8078.2300000000005,1,Product 003,Kitchen,Cushion,2023-12-22,589.48,8078.23,7488.75,0,Winter,1,2024-02-01,309,257,11,39,177,1899988.47,25,44.0,34.0,40.0,,41.0
SKU003,2024-03-04,66,533163.1799999999,8078.2300000000005,1,Product 003,Kitchen,Cushion,2023-12-22,589.48,8078.23,7488.75,0,Spring,1,2024-03-01,211,442,11,111,263,1297403.13,3,52.0,44.0,46.0,,44.0
SKU003,2024-03-11,46,371598.57999999996,8078.2300000000005,1,Product 003,Kitchen,Cushion,2023-12-22,589.48,8078.23,7488.75,0,Spring,1,2024-03-01,211,442,11,111,263,1297403.13,10,66.0,52.0,34.0,,49.0
SKU003,2024-03-18,48,387755.04000000004,8078.2300000000005,1,Product 003,Kitchen,Cushion,2023-12-22,589.48,8078.23,7488.75,0,Spring,1,2024-03-01,211,442,11,111,263,1297403.13,17,46.0,66.0,44.0,,52.0
SKU003,2024-03-25,49,395833.27,8078.2300000000005,1,Product 003,Kitchen,Cushion,2023-12-22,589.48,8078.23,7488.75,0,Spring,1,2024-03-01,211,442,11,111,263,1297403.13,24,48.0,46.0,52.0,,53.0
SKU003,2024-04-01,48,387755.04,8078.2300000000005,0,Product 003,Kitchen,Cushion,2023-12-22,589.48,8078.23,7488.75,0,Spring,0,2024-04-01,341,84,5,105,184,2096751.03,0,49.0,48.0,66.0,,52.25
SKU003,2024-04-08,47,379676.81,8078.2300000000005,0,Product 003,Kitchen,Cushion,2023-12-22,589.48,8078.23,7488.75,0,Spring,0,2024-04-01,341,84,5,105,184,2096751.03,7,48.0,49.0,46.0,,47.75
SKU003,2024-04-15,47,379676.81,8078.2300000000005,0,Product 003,Kitchen,Cushion,2023-12-22,589.48,8078.23,7488.75,0,Spring,0,2024-04-01,341,84,5,105,184,2096751.03,14,47.0,48.0,48.0,,48.0
SKU003,2024-04-22,45,363520.35,8078.2300000000005,0,Product 003,Kitchen,Cushion,2023-12-22,589.48,8078.23,7488.75,0,Spring,0,2024-04-01,341,84,5,105,184,2096751.03,21,47.0,47.0,49.0,,47.75
SKU003,2024-04-29,45,363520.35,8078.2300000000005,0,Product 003,Kitchen,Cushion,2023-12-22,589.48,8078.23,7488.75,0,Spring,0,2024-04-01,341,84,5,105,184,2096751.03,28,45.0,47.0,48.0,,46.75
SKU003,2024-05-06,37,298894.51,8078.2300000000005,0,Product 003,Kitchen,Cushion,2023-12-22,589.48,8078.23,7488.75,0,Summer,0,2024-05-01,372,164,8,75,194,2287364.76,5,45.0,45.0,47.0,,46.0
SKU003,2024-05-13,41,331207.43000000005,8078.2300000000005,0,Product 003,Kitchen,Cushion,2023-12-22,589.48,8078.23,7488.75,0,Summer,0,2024-05-01,372,164,8,75,194,2287364.76,12,37.0,45.0,47.0,,43.5
SKU003,2024-05-20,50,403911.5,8078.2300000000005,0,Product 003,Kitchen,Cushion,2023-12-22,589.48,8078.23,7488.75,0,Summer,0,2024-05-01,372,164,8,75,194,2287364.76,19,41.0,37.0,45.0,,42.0
SKU003,2024-05-27,60,484693.80000000005,8078.2300000000005,1,Product 003,Kitchen,Cushion,2023-12-22,589.48,8078.23,7488.75,0,Summer,1,2024-05-01,372,164,8,75,194,2287364.76,26,50.0,41.0,45.0,,43.25
SKU003,2024-06-03,52,420067.96,8078.2300000000005,1,Product 003,Kitchen,Cushion,2023-12-22,589.48,8078.23,7488.75,0,Summer,1,2024-06-01,199,223,7,84,178,1223617.17,2,60.0,50.0,37.0,,47.0
SKU003,2024-06-10,47,379676.81,8078.2300000000005,1,Product 003,Kitchen,Cushion,2023-12-22,589.48,8078.23,7488.75,0,Summer,1,2024-06-01,199,223,7,84,178,1223617.17,9,52.0,60.0,41.0,,50.75
SKU003,2024-06-17,57,460459.11,8078.2300000000005,1,Product 003,Kitchen,Cushion,2023-12-22,589.48,8078.23,7488.75,0,Summer,1,2024-06-01,199,223,7,84,178,1223617.17,16,47.0,52.0,50.0,,52.25
SKU003,2024-06-24,30,242346.9,8078.2300000000005,1,Product 003,Kitchen,Cushion,2023-12-22,589.48,8078.23,7488.75,0,Summer,1,2024-06-01,199,223,7,84,178,1223617.17,23,57.0,47.0,60.0,,54.0
SKU003,2024-07-01,43,347363.89,8078.2300000000005,0,Product 003,Kitchen,Cushion,2023-12-22,589.48,8078.23,7488.75,0,Monsoon,0,2024-07-01,449,232,11,80,234,2760824.67,0,30.0,57.0,52.0,,46.5
SKU003,2024-07-08,32,258503.36000000002,8078.2300000000005,0,Product 003,Kitchen,Cushion,2023-12-22,589.48,8078.23,7488.75,0,Monsoon,0,2024-07-01,449,232,11,80,234,2760824.67,7,43.0,30.0,47.0,,44.25
SKU003,2024-07-15,28,226190.44,8078.2300000000005,0,Product 003,Kitchen,Cushion,2023-12-22,589.48,8078.23,7488.75,0,Monsoon,0,2024-07-01,449,232,11,80,234,2760824.67,14,32.0,43.0,57.0,,40.5
SKU003,2024-07-22,42,339285.66000000003,8078.2300000000005,0,Product 003,Kitchen,Cushion,2023-12-22,589.48,8078.23,7488.75,0,Monsoon,0,2024-07-01,449,232,11,80,234,2760824.67,21,28.0,32.0,30.0,,33.25
SKU003,2024-07-29,45,363520.35,8078.2300000000005,0,Product 003,Kitchen,Cushion,2023-12-22,589.48,8078.23,7488.75,0,Monsoon,0,2024-07-01,449,232,11,80,234,2760824.67,28,42.0,28.0,43.0,,36.25
SKU003,2024-08-05,35,282738.05,8078.2300000000005,0,Product 003,Kitchen,Cushion,2023-12-22,589.48,8078.23,7488.75,0,Monsoon,0,2024-08-01,244,130,12,46,183,1500314.52,4,45.0,42.0,32.0,,36.75
SKU003,2024-08-12,37,298894.51,8078.2300000000005,0,Product 003,Kitchen,Cushion,2023-12-22,589.48,8078.23,7488.75,1,Monsoon,0,2024-08-01,244,130,12,46,183,1500314.52,11,35.0,45.0,28.0,,37.5
SKU003,2024-08-19,38,306972.74,8078.2300000000005,0,Product 003,Kitchen,Cushion,2023-12-22,589.48,8078.23,7488.75,0,Monsoon,0,2024-08-01,244,130,12,46,183,1500314.52,18,37.0,35.0,42.0,,39.75
SKU003,2024-08-26,40,323129.2,8078.2300000000005,1,Product 003,Kitchen,Cushion,2023-12-22,589.48,8078.23,7488.75,0,Monsoon,1,2024-08-01,244,130,12,46,183,1500314.52,25,38.0,37.0,45.0,,38.75
SKU003,2024-09-02,38,306972.74,8078.2300000000005,1,Product 003,Kitchen,Cushion,2023-12-22,589.48,8078.23,7488.75,0,Monsoon,1,2024-09-01,304,237,8,55,141,1869244.32,1,40.0,38.0,35.0,,37.5
SKU003,2024-09-09,30,242346.9,8078.2300000000005,1,Product 003,Kitchen,Cushion,2023-12-22,589.48,8078.23,7488.75,0,Monsoon,1,2024-09-01,304,237,8,55,141,1869244.32,8,38.0,40.0,37.0,,38.25
SKU003,2024-09-16,41,331207.43,8078.2300000000005,1,Product 003,Kitchen,Cushion,2023-12-22,589.48,8078.23,7488.75,0,Monsoon,1,2024-09-01,304,237,8,55,141,1869244.32,15,30.0,38.0,38.0,,36.5
SKU003,2024-09-23,32,258503.36000000002,8078.2300000000005,1,Product 003,Kitchen,Cushion,2023-12-22,589.48,8078.23,7488.75,0,Monsoon,1,2024-09-01,304,237,8,55,141,1869244.32,22,41.0,30.0,40.0,,37.25
SKU003,2024-09-30,32,258503.36,8078.2300000000005,0,Product 003,Kitchen,Cushion,2023-12-22,589.48,8078.23,7488.75,0,Monsoon,0,2024-09-01,304,237,8,55,141,1869244.32,29,32.0,41.0,38.0,,35.25
SKU003,2024-10-07,34,274659.82,8078.2300000000005,0,Product 003,Kitchen,Cushion,2023-12-22,589.48,8078.23,7488.75,0,Autumn,0,2024-10-01,275,48,9,55,148,1690928.25,6,32.0,32.0,30.0,,33.75
SKU003,2024-10-14,27,218112.21,8078.2300000000005,0,Product 003,Kitchen,Cushion,2023-12-22,589.48,8078.23,7488.75,0,Autumn,0,2024-10-01,275,48,9,55,148,1690928.25,13,34.0,32.0,41.0,,34.75
SKU003,2024-10-21,35,282738.05,8078.2300000000005,0,Product 003,Kitchen,Cushion,2023-12-22,589.48,8078.23,7488.75,0,Autumn,0,2024-10-01,275,48,9,55,148,1690928.25,20,27.0,34.0,32.0,,31.25
SKU003,2024-10-28,17,137329.91,8078.2300000000005,1,Product 003,Kitchen,Cushion,2023-12-22,589.48,8078.23,7488.75,1,Autumn,1,2024-10-01,275,48,9,55,148,1690928.25,27,35.0,27.0,32.0,,32.0
SKU003,2024-11-04,41,331207.43,8078.2300000000005,1,Product 003,Kitchen,Cushion,2023-12-22,589.48,8078.23,7488.75,0,Autumn,1,2024-11-01,235,189,5,58,105,1444975.05,3,17.0,35.0,34.0,,28.25
SKU003,2024-11-11,38,306972.74,8078.2300000000005,1,Product 003,Kitchen,Cushion,2023-12-22,589.48,8078.23,7488.75,0,Autumn,1,2024-11-01,235,189,5,58,105,1444975.05,10,41.0,17.0,27.0,,30.0
SKU003,2024-11-18,39,315050.97,8078.2300000000005,1,Product 003,Kitchen,Cushion,2023-12-22,589.48,8078.23,7488.75,0,Autumn,1,2024-11-01,235,189,5,58,105,1444975.05,17,38.0,41.0,35.0,,32.75
SKU003,2024-11-25,36,290816.28,8078.2300000000005,1,Product 003,Kitchen,Cushion,2023-12-22,589.48,8078.23,7488.75,0,Autumn,1,2024-11-01,235,189,5,58,105,1444975.05,24,39.0,38.0,17.0,,33.75
SKU003,2024-12-02,38,306972.74,8078.2300000000005,0,Product 003,Kitchen,Cushion,2023-12-22,589.48,8078.23,7488.75,0,Winter,0,2024-12-01,146,24,5,53,109,897729.18,1,36.0,39.0,41.0,,38.5
SKU003,2024-12-09,23,185799.29,8078.2300000000005,0,Product 003,Kitchen,Cushion,2023-12-22,589.48,8078.23,7488.75,0,Winter,0,2024-12-01,146,24,5,53,109,897729.18,8,38.0,36.0,38.0,,37.75
SKU003,2024-12-16,48,387755.04,8078.2300000000005,0,Product 003,Kitchen,Cushion,2023-12-22,589.48,8078.23,7488.75,0,Winter,0,2024-12-01,146,24,5,53,109,897729.18,15,23.0,38.0,39.0,,34.0
SKU003,2024-12-23,30,242346.9,8078.2300000000005,0,Product 003,Kitchen,Cushion,2023-12-22,589.48,8078.23,7488.75,1,Winter,0,2024-12-01,146,24,5,53,109,897729.18,22,48.0,23.0,36.0,,36.25
SKU003,2024-12-30,32,258503.36,8078.2300000000005,0,Product 003,Kitchen,Cushion,2023-12-22,589.48,8078.23,7488.75,0,Winter,0,2024-12-01,146,24,5,53,109,897729.18,29,30.0,48.0,38.0,36.0,34.75
SKU003,2025-01-06,34,274659.82,8078.2300000000005,0,Product 003,Kitchen,Cushion,2023-12-22,589.48,8078.23,7488.75,0,Winter,0,2025-01-01,389,199,7,61,139,2391894.87,5,32.0,30.0,23.0,32.0,33.25
SKU003,2025-01-13,41,331207.43,8078.2300000000005,0,Product 003,Kitchen,Cushion,2023-12-22,589.48,8078.23,7488.75,0,Winter,0,2025-01-01,389,199,7,61,139,2391894.87,12,34.0,32.0,48.0,32.0,36.0
SKU003,2025-01-20,23,185799.29,8078.2300000000005,0,Product 003,Kitchen,Cushion,2023-12-22,589.48,8078.23,7488.75,1,Winter,0,2025-01-01,389,199,7,61,139,2391894.87,19,41.0,34.0,30.0,43.0,34.25
SKU003,2025-01-27,40,323129.2,8078.2300000000005,0,Product 003,Kitchen,Cushion,2023-12-22,589.48,8078.23,7488.75,0,Winter,0,2025-01-01,389,199,7,61,139,2391894.87,26,23.0,41.0,32.0,40.0,32.5
SKU003,2025-02-03,34,274659.82,8078.2300000000005,0,Product 003,Kitchen,Cushion,2023-12-22,589.48,8078.23,7488.75,0,Winter,0,2025-02-01,392,283,14,71,230,2410341.36,2,40.0,23.0,34.0,46.0,34.5
SKU003,2025-02-10,47,379676.81,8078.2300000000005,0,Product 003,Kitchen,Cushion,2023-12-22,589.48,8078.23,7488.75,0,Winter,0,2025-02-01,392,283,14,71,230,2410341.36,9,34.0,40.0,41.0,34.0,34.5
SKU003,2025-02-17,45,363520.35,8078.2300000000005,0,Product 003,Kitchen,Cushion,2023-12-22,589.48,8078.23,7488.75,0,Winter,0,2025-02-01,392,283,14,71,230,2410341.36,16,47.0,34.0,23.0,44.0,36.0
SKU003,2025-02-24,54,436224.42,8078.2300000000005,1,Product 003,Kitchen,Cushion,2023-12-22,589.48,8078.23,7488.75,0,Winter,1,2025-02-01,392,283,14,71,230,2410341.36,23,45.0,47.0,40.0,52.0,41.5
SKU003,2025-03-03,44,355442.12,8078.2300000000005,1,Product 003,Kitchen,Cushion,2023-12-22,589.48,8078.23,7488.75,0,Spring,1,2025-03-01,443,138,3,98,136,2723931.69,2,54.0,45.0,34.0,66.0,45.0
SKU003,2025-03-10,57,460459.11000000004,8078.2300000000005,1,Product 003,Kitchen,Cushion,2023-12-22,589.48,8078.23,7488.75,0,Spring,1,2025-03-01,443,138,3,98,136,2723931.69,9,44.0,54.0,47.0,46.0,47.5
SKU003,2025-03-17,69,557397.87,8078.2300000000005,1,Product 003,Kitchen,Cushion,2023-12-22,589.48,8078.23,7488.75,0,Spring,1,2025-03-01,443,138,3,98,136,2723931.69,16,57.0,44.0,45.0,48.0,50.0
SKU003,2025-03-24,50,403911.5,8078.2300000000005,1,Product 003,Kitchen,Cushion,2023-12-22,589.48,8078.23,7488.75,0,Spring,1,2025-03-01,443,138,3,98,136,2723931.69,23,69.0,57.0,54.0,49.0,56.0
SKU003,2025-03-31,38,306972.74,8078.2300000000005,0,Product 003,Kitchen,Cushion,2023-12-22,589.48,8078.23,7488.75,0,Spring,0,2025-03-01,443,138,3,98,136,2723931.69,30,50.0,69.0,44.0,48.0,55.0
SKU003,2025-04-07,48,387755.04000000004,8078.2300000000005,0,Product 003,Kitchen,Cushion,2023-12-22,589.48,8078.23,7488.75,0,Spring,0,2025-04-01,337,47,4,105,160,2072155.71,6,38.0,50.0,57.0,47.0,53.5
SKU003,2025-04-14,48,387755.04000000004,8078.2300000000005,0,Product 003,Kitchen,Cushion,2023-12-22,589.48,8078.23,7488.75,0,Spring,0,2025-04-01,337,47,4,105,160,2072155.71,13,48.0,38.0,69.0,47.0,51.25
SKU003,2025-04-21,49,395833.27,8078.2300000000005,0,Product 003,Kitchen,Cushion,2023-12-22,589.48,8078.23,7488.75,0,Spring,0,2025-04-01,337,47,4,105,160,2072155.71,20,48.0,48.0,50.0,45.0,46.0
SKU003,2025-04-28,41,331207.43,8078.2300000000005,0,Product 003,Kitchen,Cushion,2023-12-22,589.48,8078.23,7488.75,0,Spring,0,2025-04-01,337,47,4,105,160,2072155.71,27,49.0,48.0,38.0,45.0,45.75
SKU003,2025-05-05,50,403911.5,8078.2300000000005,0,Product 003,Kitchen,Cushion,2023-12-22,589.48,8078.23,7488.75,0,Summer,0,2025-05-01,308,200,4,92,150,1893839.64,4,41.0,49.0,48.0,37.0,46.5
SKU003,2025-05-12,41,331207.43,8078.2300000000005,0,Product 003,Kitchen,Cushion,2023-12-22,589.48,8078.23,7488.75,0,Summer,0,2025-05-01,308,200,4,92,150,1893839.64,11,50.0,41.0,48.0,41.0,47.0
SKU003,2025-05-19,43,347363.89,8078.2300000000005,0,Product 003,Kitchen,Cushion,2023-12-22,589.48,8078.23,7488.75,0,Summer,0,2025-05-01,308,200,4,92,150,1893839.64,18,41.0,50.0,49.0,50.0,45.25
SKU003,2025-05-26,45,363520.35,8078.2300000000005,1,Product 003,Kitchen,Cushion,2023-12-22,589.48,8078.23,7488.75,0,Summer,1,2025-05-01,308,200,4,92,150,1893839.64,25,43.0,41.0,41.0,60.0,43.75
SKU003,2025-06-02,50,403911.5,8078.2300000000005,1,Product 003,Kitchen,Cushion,2023-12-22,589.48,8078.23,7488.75,0,Summer,1,2025-06-01,241,92,6,39,117,1481868.03,1,45.0,43.0,50.0,52.0,44.75
SKU003,2025-06-09,53,428146.19,8078.2300000000005,1,Product 003,Kitchen,Cushion,2023-12-22,589.48,8078.23,7488.75,0,Summer,1,2025-06-01,241,92,6,39,117,1481868.03,8,50.0,45.0,41.0,47.0,44.75
SKU003,2025-06-16,48,387755.04000000004,8078.2300000000005,1,Product 003,Kitchen,Cushion,2023-12-22,589.48,8078.23,7488.75,0,Summer,1,2025-06-01,241,92,6,39,117,1481868.03,15,53.0,50.0,43.0,57.0,47.75
SKU003,2025-06-23,44,355442.12,8078.2300000000005,1,Product 003,Kitchen,Cushion,2023-12-22,589.48,8078.23,7488.75,0,Summer,1,2025-06-01,241,92,6,39,117,1481868.03,22,48.0,53.0,45.0,30.0,49.0
SKU003,2025-06-30,42,339285.66,8078.2300000000005,0,Product 003,Kitchen,Cushion,2023-12-22,589.48,8078.23,7488.75,0,Summer,0,2025-06-01,241,92,6,39,117,1481868.03,29,44.0,48.0,50.0,43.0,48.75
SKU003,2025-07-07,44,355442.12,8078.2300000000005,0,Product 003,Kitchen,Cushion,2023-12-22,589.48,8078.23,7488.75,0,Monsoon,0,2025-07-01,280,295,11,101,272,1721672.4,6,42.0,44.0,53.0,32.0,46.75
SKU003,2025-07-14,37,298894.51,8078.2300000000005,0,Product 003,Kitchen,Cushion,2023-12-22,589.48,8078.23,7488.75,0,Monsoon,0,2025-07-01,280,295,11,101,272,1721672.4,13,44.0,42.0,48.0,28.0,44.5
SKU003,2025-07-21,41,331207.43,8078.2300000000005,0,Product 003,Kitchen,Cushion,2023-12-22,589.48,8078.23,7488.75,0,Monsoon,0,2025-07-01,280,295,11,101,272,1721672.4,20,37.0,44.0,44.0,42.0,41.75
SKU003,2025-07-28,26,210033.98,8078.2300000000005,0,Product 003,Kitchen,Cushion,2023-12-22,589.48,8078.23,7488.75,0,Monsoon,0,2025-07-01,280,295,11,101,272,1721672.4,27,41.0,37.0,42.0,45.0,41.0
SKU003,2025-08-04,38,306972.74,8078.2300000000005,0,Product 003,Kitchen,Cushion,2023-12-22,589.48,8078.23,7488.75,0,Monsoon,0,2025-08-01,143,206,4,97,145,879282.69,3,26.0,41.0,44.0,35.0,37.0
SKU003,2025-08-11,39,315050.97,8078.2300000000005,0,Product 003,Kitchen,Cushion,2023-12-22,589.48,8078.23,7488.75,1,Monsoon,0,2025-08-01,143,206,4,97,145,879282.69,10,38.0,26.0,37.0,37.0,35.5
SKU003,2025-08-18,34,274659.82,8078.2300000000005,0,Product 003,Kitchen,Cushion,2023-12-22,589.48,8078.23,7488.75,0,Monsoon,0,2025-08-01,143,206,4,97,145,879282.69,17,39.0,38.0,41.0,38.0,36.0
SKU003,2025-08-25,27,218112.21,8078.2300000000005,0,Product 003,Kitchen,Cushion,2023-12-22,589.48,8078.23,7488.75,0,Monsoon,0,2025-08-01,143,206,4,97,145,879282.69,24,34.0,39.0,26.0,40.0,34.25
SKU003,2025-09-01,34,274659.82,8078.2300000000005,1,Product 003,Kitchen,Cushion,2023-12-22,589.48,8078.23,7488.75,0,Monsoon,1,2025-09-01,73,281,8,59,141,448864.59,0,27.0,34.0,38.0,38.0,34.5
SKU003,2025-09-08,42,339285.66,8078.2300000000005,1,Product 003,Kitchen,Cushion,2023-12-22,589.48,8078.23,7488.75,0,Monsoon,1,2025-09-01,73,281,8,59,141,448864.59,7,34.0,27.0,39.0,30.0,33.5
SKU003,2025-09-15,39,315050.97,8078.2300000000005,1,Product 003,Kitchen,Cushion,2023-12-22,589.48,8078.23,7488.75,0,Monsoon,1,2025-09-01,73,281,8,59,141,448864.59,14,42.0,34.0,34.0,41.0,34.25
SKU003,2025-09-22,42,339285.66000000003,8078.2300000000005,1,Product 003,Kitchen,Cushion,2023-12-22,589.48,8078.23,7488.75,0,Monsoon,1,2025-09-01,73,281,8,59,141,448864.59,21,39.0,42.0,27.0,32.0,35.5
SKU003,2025-09-29,43,347363.89,8078.2300000000005,0,Product 003,Kitchen,Cushion,2023-12-22,589.48,8078.23,7488.75,0,Monsoon,0,2025-09-01,73,281,8,59,141,448864.59,28,42.0,39.0,34.0,32.0,39.25
SKU003,2025-10-06,33,266581.58999999997,8078.2300000000005,0,Product 003,Kitchen,Cushion,2023-12-22,589.48,8078.23,7488.75,0,Autumn,0,2025-10-01,310,103,5,45,100,1906137.3,5,43.0,42.0,42.0,34.0,41.5
SKU003,2025-10-13,26,210033.97999999998,8078.2300000000005,0,Product 003,Kitchen,Cushion,2023-12-22,589.48,8078.23,7488.75,0,Autumn,0,2025-10-01,310,103,5,45,100,1906137.3,12,33.0,43.0,39.0,27.0,39.25
SKU003,2025-10-20,34,274659.82,8078.2300000000005,0,Product 003,Kitchen,Cushion,2023-12-22,589.48,8078.23,7488.75,1,Autumn,0,2025-10-01,310,103,5,45,100,1906137.3,19,26.0,33.0,42.0,35.0,36.0
SKU003,2025-10-27,41,331207.43,8078.2300000000005,1,Product 003,Kitchen,Cushion,2023-12-22,589.48,8078.23,7488.75,0,Autumn,1,2025-10-01,310,103,5,45,100,1906137.3,26,34.0,26.0,43.0,17.0,34.0
SKU003,2025-11-03,39,315050.97,8078.2300000000005,1,Product 003,Kitchen,Cushion,2023-12-22,589.48,8078.23,7488.75,0,Autumn,1,2025-11-01,144,37,5,37,85,885431.52,2,41.0,34.0,33.0,41.0,33.5
SKU003,2025-11-10,37,298894.51,8078.2300000000005,1,Product 003,Kitchen,Cushion,2023-12-22,589.48,8078.23,7488.75,0,Autumn,1,2025-11-01,144,37,5,37,85,885431.52,9,39.0,41.0,26.0,38.0,35.0
SKU003,2025-11-17,41,331207.43,8078.2300000000005,1,Product 003,Kitchen,Cushion,2023-12-22,589.48,8078.23,7488.75,0,Autumn,1,2025-11-01,144,37,5,37,85,885431.52,16,37.0,39.0,34.0,39.0,37.75
SKU003,2025-11-24,29,234268.66999999998,8078.2300000000005,1,Product 003,Kitchen,Cushion,2023-12-22,589.48,8078.23,7488.75,0,Autumn,1,2025-11-01,144,37,5,37,85,885431.52,23,41.0,37.0,41.0,36.0,39.5
SKU003,2025-12-01,38,306972.74,8078.2300000000005,0,Product 003,Kitchen,Cushion,2023-12-22,589.48,8078.23,7488.75,0,Winter,0,2025-12-01,349,12,3,88,123,2145941.67,0,29.0,41.0,39.0,38.0,36.5
SKU003,2025-12-08,33,266581.59,8078.2300000000005,0,Product 003,Kitchen,Cushion,2023-12-22,589.48,8078.23,7488.75,0,Winter,0,2025-12-01,349,12,3,88,123,2145941.67,7,38.0,29.0,37.0,23.0,36.25
SKU003,2025-12-15,23,185799.29,8078.2300000000005,0,Product 003,Kitchen,Cushion,2023-12-22,589.48,8078.23,7488.75,0,Winter,0,2025-12-01,349,12,3,88,123,2145941.67,14,33.0,38.0,41.0,48.0,35.25
SKU003,2025-12-22,34,274659.82,8078.2300000000005,0,Product 003,Kitchen,Cushion,2023-12-22,589.48,8078.23,7488.75,1,Winter,0,2025-12-01,349,12,3,88,123,2145941.67,21,23.0,33.0,29.0,30.0,30.75
SKU004,2024-01-01,31,212708.66999999998,6861.57,0,Product 004,Lighting,Cookware,2023-04-28,1445.74,6861.57,5415.83,0,Winter,0,2024-01-01,34,4,7,5,12,42257.92,0,,,,,
SKU004,2024-01-08,25,171539.25,6861.57,0,Product 004,Lighting,Cookware,2023-04-28,1445.74,6861.57,5415.83,0,Winter,0,2024-01-01,34,4,7,5,12,42257.92,7,31.0,,,,
SKU004,2024-01-15,38,260739.65999999997,6861.57,0,Product 004,Lighting,Cookware,2023-04-28,1445.74,6861.57,5415.83,0,Winter,0,2024-01-01,34,4,7,5,12,42257.92,14,25.0,31.0,,,
SKU004,2024-01-22,33,226431.81,6861.57,0,Product 004,Lighting,Cookware,2023-04-28,1445.74,6861.57,5415.83,1,Winter,0,2024-01-01,34,4,7,5,12,42257.92,21,38.0,25.0,,,
SKU004,2024-01-29,43,295047.51,6861.57,0,Product 004,Lighting,Cookware,2023-04-28,1445.74,6861.57,5415.83,0,Winter,0,2024-01-01,34,4,7,5,12,42257.92,28,33.0,38.0,31.0,,31.75
SKU004,2024-02-05,34,233293.38,6861.57,0,Product 004,Lighting,Cookware,2023-04-28,1445.74,6861.57,5415.83,0,Winter,0,2024-02-01,168,422,5,141,236,208803.84,4,43.0,33.0,25.0,,34.75
SKU004,2024-02-12,35,240154.94999999998,6861.57,0,Product 004,Lighting,Cookware,2023-04-28,1445.74,6861.57,5415.83,0,Winter,0,2024-02-01,168,422,5,141,236,208803.84,11,34.0,43.0,38.0,,37.0
SKU004,2024-02-19,22,150954.53999999998,6861.57,0,Product 004,Lighting,Cookware,2023-04-28,1445.74,6861.57,5415.83,0,Winter,0,2024-02-01,168,422,5,141,236,208803.84,18,35.0,34.0,33.0,,36.25
SKU004,2024-02-26,45,308770.65,6861.57,1,Product 004,Lighting,Cookware,2023-04-28,1445.74,6861.57,5415.83,0,Winter,1,2024-02-01,168,422,5,141,236,208803.84,25,22.0,35.0,43.0,,33.5
SKU004,2024-03-04,40,274462.8,6861.57,1,Product 004,Lighting,Cookware,2023-04-28,1445.74,6861.57,5415.83,0,Spring,1,2024-03-01,156,137,13,124,391,193889.28,3,45.0,22.0,34.0,,34.0
SKU004,2024-03-11,41,281324.37,6861.57,1,Product 004,Lighting,Cookware,2023-04-28,1445.74,6861.57,5415.83,0,Spring,1,2024-03-01,156,137,13,124,391,193889.28,10,40.0,45.0,35.0,,35.5
SKU004,2024-03-18,36,247016.52,6861.57,1,Product 004,Lighting,Cookware,2023-04-28,1445.74,6861.57,5415.83,0,Spring,1,2024-03-01,156,137,13,124,391,193889.28,17,41.0,40.0,22.0,,37.0
SKU004,2024-03-25,27,185262.38999999998,6861.57,1,Product 004,Lighting,Cookware,2023-04-28,1445.74,6861.57,5415.83,0,Spring,1,2024-03-01,156,137,13,124,391,193889.28,24,36.0,41.0,45.0,,40.5
SKU004,2024-04-01,35,240154.94999999998,6861.57,0,Product 004,Lighting,Cookware,2023-04-28,1445.74,6861.57,5415.83,0,Spring,0,2024-04-01,502,292,14,152,486,623925.76,0,27.0,36.0,40.0,,36.0
SKU004,2024-04-08,30,205847.09999999998,6861.57,0,Product 004,Lighting,Cookware,2023-04-28,1445.74,6861.57,5415.83,0,Spring,0,2024-04-01,502,292,14,152,486,623925.76,7,35.0,27.0,41.0,,34.75
SKU004,2024-04-15,44,301909.07999999996,6861.57,0,Product 004,Lighting,Cookware,2023-04-28,1445.74,6861.57,5415.83,0,Spring,0,2024-04-01,502,292,14,152,486,623925.76,14,30.0,35.0,36.0,,32.0
SKU004,2024-04-22,28,192123.96,6861.57,0,Product 004,Lighting,Cookware,2023-04-28,1445.74,6861.57,5415.83,0,Spring,0,2024-04-01,502,292,14,152,486,623925.76,21,44.0,30.0,27.0,,34.0
SKU004,2024-04-29,37,253878.09,6861.57,0,Product 004,Lighting,Cookware,2023-04-28,1445.74,6861.57,5415.83,0,Spring,0,2024-04-01,502,292,14,152,486,623925.76,28,28.0,44.0,35.0,,34.25
SKU004,2024-05-06,47,322493.79,6861.57,0,Product 004,Lighting,Cookware,2023-04-28,1445.74,6861.57,5415.83,0,Summer,0,2024-05-01,310,38,6,75,202,385292.8,5,37.0,28.0,30.0,,34.75
SKU004,2024-05-13,54,370524.77999999997,6861.57,0,Product 004,Lighting,Cookware,2023-04-28,1445.74,6861.57,5415.83,0,Summer,0,2024-05-01,310,38,6,75,202,385292.8,12,47.0,37.0,44.0,,39.0
SKU004,2024-05-20,40,274462.8,6861.57,0,Product 004,Lighting,Cookware,2023-04-28,1445.74,6861.57,5415.83,0,Summer,0,2024-05-01,310,38,6,75,202,385292.8,19,54.0,47.0,28.0,,41.5
SKU004,2024-05-27,28,192123.96,6861.57,1,Product 004,Lighting,Cookware,2023-04-28,1445.74,6861.57,5415.83,0,Summer,1,2024-05-01,310,38,6,75,202,385292.8,26,40.0,54.0,37.0,,44.5
SKU004,2024-06-03,41,281324.37,6861.57,1,Product 004,Lighting,Cookware,2023-04-28,1445.74,6861.57,5415.83,0,Summer,1,2024-06-01,628,334,11,117,338,780528.64,2,28.0,40.0,47.0,,42.25
SKU004,2024-06-10,40,274462.8,6861.57,1,Product 004,Lighting,Cookware,2023-04-28,1445.74,6861.57,5415.83,0,Summer,1,2024-06-01,628,334,11,117,338,780528.64,9,41.0,28.0,54.0,,40.75
SKU004,2024-06-17,37,253878.09,6861.57,1,Product 004,Lighting,Cookware,2023-04-28,1445.74,6861.57,5415.83,0,Summer,1,2024-06-01,628,334,11,117,338,780528.64,16,40.0,41.0,40.0,,37.25
SKU004,2024-06-24,34,233293.38,6861.57,1,Product 004,Lighting,Cookware,2023-04-28,1445.74,6861.57,5415.83,0,Summer,1,2024-06-01,628,334,11,117,338,780528.64,23,37.0,40.0,28.0,,36.5
SKU004,2024-07-01,28,192123.96,6861.57,0,Product 004,Lighting,Cookware,2023-04-28,1445.74,6861.57,5415.83,0,Monsoon,0,2024-07-01,322,651,10,133,339,400207.36,0,34.0,37.0,41.0,,38.0
SKU004,2024-07-08,33,226431.81,6861.57,0,Product 004,Lighting,Cookware,2023-04-28,1445.74,6861.57,5415.83,0,Monsoon,0,2024-07-01,322,651,10,133,339,400207.36,7,28.0,34.0,40.0,,34.75
SKU004,2024-07-15,35,240154.94999999998,6861.57,0,Product 004,Lighting,Cookware,2023-04-28,1445.74,6861.57,5415.83,0,Monsoon,0,2024-07-01,322,651,10,133,339,400207.36,14,33.0,28.0,37.0,,33.0
SKU004,2024-07-22,32,219570.24,6861.57,0,Product 004,Lighting,Cookware,2023-04-28,1445.74,6861.57,5415.83,0,Monsoon,0,2024-07-01,322,651,10,133,339,400207.36,21,35.0,33.0,34.0,,32.5
SKU004,2024-07-29,32,219570.24,6861.57,0,Product 004,Lighting,Cookware,2023-04-28,1445.74,6861.57,5415.83,0,Monsoon,0,2024-07-01,322,651,10,133,339,400207.36,28,32.0,35.0,28.0,,32.0
SKU004,2024-08-05,33,226431.81,6861.57,0,Product 004,Lighting,Cookware,2023-04-28,1445.74,6861.57,5415.83,0,Monsoon,0,2024-08-01,129,113,10,85,272,160331.52,4,32.0,32.0,33.0,,33.0
SKU004,2024-08-12,30,205847.09999999998,6861.57,0,Product 004,Lighting,Cookware,2023-04-28,1445.74,6861.57,5415.83,1,Monsoon,0,2024-08-01,129,113,10,85,272,160331.52,11,33.0,32.0,35.0,,33.0
SKU004,2024-08-19,29,198985.53,6861.57,0,Product 004,Lighting,Cookware,2023-04-28,1445.74,6861.57,5415.83,0,Monsoon,0,2024-08-01,129,113,10,85,272,160331.52,18,30.0,33.0,32.0,,31.75
SKU004,2024-08-26,22,150954.53999999998,6861.57,1,Product 004,Lighting,Cookware,2023-04-28,1445.74,6861.57,5415.83,0,Monsoon,1,2024-08-01,129,113,10,85,272,160331.52,25,29.0,30.0,32.0,,31.0
SKU004,2024-09-02,30,205847.09999999998,6861.57,1,Product 004,Lighting,Cookware,2023-04-28,1445.74,6861.57,5415.83,0,Monsoon,1,2024-09-01,368,164,5,99,186,457379.84,1,22.0,29.0,33.0,,28.5
SKU004,2024-09-09,34,233293.38,6861.57,1,Product 004,Lighting,Cookware,2023-04-28,1445.74,6861.57,5415.83,0,Monsoon,1,2024-09-01,368,164,5,99,186,457379.84,8,30.0,22.0,30.0,,27.75
SKU004,2024-09-16,29,198985.53,6861.57,1,Product 004,Lighting,Cookware,2023-04-28,1445.74,6861.57,5415.83,0,Monsoon,1,2024-09-01,368,164,5,99,186,457379.84,15,34.0,30.0,29.0,,28.75
SKU004,2024-09-23,26,178400.82,6861.57,1,Product 004,Lighting,Cookware,2023-04-28,1445.74,6861.57,5415.83,0,Monsoon,1,2024-09-01,368,164,5,99,186,457379.84,22,29.0,34.0,22.0,,28.75
SKU004,2024-09-30,26,178400.82,6861.57,0,Product 004,Lighting,Cookware,2023-04-28,1445.74,6861.57,5415.83,0,Monsoon,0,2024-09-01,368,164,5,99,186,457379.84,29,26.0,29.0,30.0,,29.75
SKU004,2024-10-07,29,198985.53,6861.57,0,Product 004,Lighting,Cookware,2023-04-28,1445.74,6861.57,5415.83,0,Autumn,0,2024-10-01,143,0,13,63,294,177731.84,6,26.0,26.0,34.0,,28.75
SKU004,2024-10-14,29,198985.53,6861.57,0,Product 004,Lighting,Cookware,2023-04-28,1445.74,6861.57,5415.83,0,Autumn,0,2024-10-01,143,0,13,63,294,177731.84,13,29.0,26.0,29.0,,27.5
SKU004,2024-10-21,26,178400.82,6861.57,0,Product 004,Lighting,Cookware,2023-04-28,1445.74,6861.57,5415.83,0,Autumn,0,2024-10-01,143,0,13,63,294,177731.84,20,29.0,29.0,26.0,,27.5
SKU004,2024-10-28,32,219570.24,6861.57,1,Product 004,Lighting,Cookware,2023-04-28,1445.74,6861.57,5415.83,1,Autumn,1,2024-10-01,143,0,13,63,294,177731.84,27,26.0,29.0,26.0,,27.5
SKU004,2024-11-04,29,198985.53,6861.57,1,Product 004,Lighting,Cookware,2023-04-28,1445.74,6861.57,5415.83,0,Autumn,1,2024-11-01,356,340,13,91,289,442465.28,3,32.0,26.0,29.0,,29.0
SKU004,2024-11-11,26,178400.82,6861.57,1,Product 004,Lighting,Cookware,2023-04-28,1445.74,6861.57,5415.83,0,Autumn,1,2024-11-01,356,340,13,91,289,442465.28,10,29.0,32.0,29.0,,29.0
SKU004,2024-11-18,19,130369.82999999999,6861.57,1,Product 004,Lighting,Cookware,2023-04-28,1445.74,6861.57,5415.83,0,Autumn,1,2024-11-01,356,340,13,91,289,442465.28,17,26.0,29.0,26.0,,28.25
SKU004,2024-11-25,24,164677.68,6861.57,1,Product 004,Lighting,Cookware,2023-04-28,1445.74,6861.57,5415.83,0,Autumn,1,2024-11-01,356,340,13,91,289,442465.28,24,19.0,26.0,32.0,,26.5
SKU004,2024-12-02,30,205847.09999999998,6861.57,0,Product 004,Lighting,Cookware,2023-04-28,1445.74,6861.57,5415.83,0,Winter,0,2024-12-01,460,201,9,120,272,571724.8,1,24.0,19.0,29.0,,24.5
SKU004,2024-12-09,33,226431.81,6861.57,0,Product 004,Lighting,Cookware,2023-04-28,1445.74,6861.57,5415.83,0,Winter,0,2024-12-01,460,201,9,120,272,571724.8,8,30.0,24.0,26.0,,24.75
SKU004,2024-12-16,27,185262.38999999998,6861.57,0,Product 004,Lighting,Cookware,2023-04-28,1445.74,6861.57,5415.83,0,Winter,0,2024-12-01,460,201,9,120,272,571724.8,15,33.0,30.0,19.0,,26.5
SKU004,2024-12-23,28,192123.96,6861.57,0,Product 004,Lighting,Cookware,2023-04-28,1445.74,6861.57,5415.83,1,Winter,0,2024-12-01,460,201,9,120,272,571724.8,22,27.0,33.0,24.0,,28.5
SKU004,2024-12-30,37,253878.09,6861.57,0,Product 004,Lighting,Cookware,2023-04-28,1445.74,6861.57,5415.83,0,Winter,0,2024-12-01,460,201,9,120,272,571724.8,29,28.0,27.0,30.0,31.0,29.5
SKU004,2025-01-06,35,240154.94999999998,6861.57,0,Product 004,Lighting,Cookware,2023-04-28,1445.74,6861.57,5415.83,0,Winter,0,2025-01-01,382,252,12,109,309,474780.16,5,37.0,28.0,33.0,25.0,31.25
SKU004,2025-01-13,24,164677.68,6861.57,0,Product 004,Lighting,Cookware,2023-04-28,1445.74,6861.57,5415.83,0,Winter,0,2025-01-01,382,252,12,109,309,474780.16,12,35.0,37.0,27.0,38.0,31.75
SKU004,2025-01-20,38,260739.65999999997,6861.57,0,Product 004,Lighting,Cookware,2023-04-28,1445.74,6861.57,5415.83,1,Winter,0,2025-01-01,382,252,12,109,309,474780.16,19,24.0,35.0,28.0,33.0,31.0
SKU004,2025-01-27,34,233293.38,6861.57,0,Product 004,Lighting,Cookware,2023-04-28,1445.74,6861.57,5415.83,0,Winter,0,2025-01-01,382,252,12,109,309,474780.16,26,38.0,24.0,37.0,43.0,33.5
SKU004,2025-02-03,32,219570.24,6861.57,0,Product 004,Lighting,Cookware,2023-04-28,1445.74,6861.57,5415.83,0,Winter,0,2025-02-01,259,141,9,113,268,321905.92,2,34.0,38.0,35.0,34.0,32.75
SKU004,2025-02-10,37,253878.09,6861.57,0,Product 004,Lighting,Cookware,2023-04-28,1445.74,6861.57,5415.83,0,Winter,0,2025-02-01,259,141,9,113,268,321905.92,9,32.0,34.0,24.0,35.0,32.0
SKU004,2025-02-17,33,226431.81,6861.57,0,Product 004,Lighting,Cookware,2023-04-28,1445.74,6861.57,5415.83,0,Winter,0,2025-02-01,259,141,9,113,268,321905.92,16,37.0,32.0,38.0,22.0,35.25
SKU004,2025-02-24,50,343078.5,6861.57,1,Product 004,Lighting,Cookware,2023-04-28,1445.74,6861.57,5415.83,0,Winter,1,2025-02-01,259,141,9,113,268,321905.92,23,33.0,37.0,34.0,45.0,34.0
SKU004,2025-03-03,36,247016.52,6861.57,1,Product 004,Lighting,Cookware,2023-04-28,1445.74,6861.57,5415.83,0,Spring,1,2025-03-01,376,176,13,114,374,467322.88,2,50.0,33.0,32.0,40.0,38.0
SKU004,2025-03-10,35,240154.94999999998,6861.57,1,Product 004,Lighting,Cookware,2023-04-28,1445.74,6861.57,5415.83,0,Spring,1,2025-03-01,376,176,13,114,374,467322.88,9,36.0,50.0,37.0,41.0,39.0
SKU004,2025-03-17,39,267601.23,6861.57,1,Product 004,Lighting,Cookware,2023-04-28,1445.74,6861.57,5415.83,0,Spring,1,2025-03-01,376,176,13,114,374,467322.88,16,35.0,36.0,33.0,36.0,38.5
SKU004,2025-03-24,43,295047.51,6861.57,1,Product 004,Lighting,Cookware,2023-04-28,1445.74,6861.57,5415.83,0,Spring,1,2025-03-01,376,176,13,114,374,467322.88,23,39.0,35.0,50.0,27.0,40.0
SKU004,2025-03-31,22,150954.53999999998,6861.57,0,Product 004,Lighting,Cookware,2023-04-28,1445.74,6861.57,5415.83,0,Spring,0,2025-03-01,376,176,13,114,374,467322.88,30,43.0,39.0,36.0,35.0,38.25
SKU004,2025-04-07,39,267601.23,6861.57,0,Product 004,Lighting,Cookware,2023-04-28,1445.74,6861.57,5415.83,0,Spring,0,2025-04-01,498,377,5,90,206,618954.24,6,22.0,43.0,35.0,30.0,34.75
SKU004,2025-04-14,45,308770.64999999997,6861.57,0,Product 004,Lighting,Cookware,2023-04-28,1445.74,6861.57,5415.83,0,Spring,0,2025-04-01,498,377,5,90,206,618954.24,13,39.0,22.0,39.0,44.0,35.75
SKU004,2025-04-21,41,281324.37,6861.57,0,Product 004,Lighting,Cookware,2023-04-28,1445.74,6861.57,5415.83,0,Spring,0,2025-04-01,498,377,5,90,206,618954.24,20,45.0,39.0,43.0,28.0,37.25
SKU004,2025-04-28,31,212708.66999999998,6861.57,0,Product 004,Lighting,Cookware,2023-04-28,1445.74,6861.57,5415.83,0,Spring,0,2025-04-01,498,377,5,90,206,618954.24,27,41.0,45.0,22.0,37.0,36.75
SKU004,2025-05-05,34,233293.38,6861.57,0,Product 004,Lighting,Cookware,2023-04-28,1445.74,6861.57,5415.83,0,Summer,0,2025-05-01,678,196,9,135,340,842672.64,4,31.0,41.0,39.0,47.0,39.0
SKU004,2025-05-12,33,226431.81,6861.57,0,Product 004,Lighting,Cookware,2023-04-28,1445.74,6861.57,5415.83,0,Summer,0,2025-05-01,678,196,9,135,340,842672.64,11,34.0,31.0,45.0,54.0,37.75
SKU004,2025-05-19,38,260739.65999999997,6861.57,0,Product 004,Lighting,Cookware,2023-04-28,1445.74,6861.57,5415.83,0,Summer,0,2025-05-01,678,196,9,135,340,842672.64,18,33.0,34.0,41.0,40.0,34.75
SKU004,2025-05-26,30,205847.09999999998,6861.57,1,Product 004,Lighting,Cookware,2023-04-28,1445.74,6861.57,5415.83,0,Summer,1,2025-05-01,678,196,9,135,340,842672.64,25,38.0,33.0,31.0,28.0,34.0
SKU004,2025-06-02,28,192123.96,6861.57,1,Product 004,Lighting,Cookware,2023-04-28,1445.74,6861.57,5415.83,0,Summer,1,2025-06-01,147,692,11,162,401,182703.36,1,30.0,38.0,34.0,41.0,33.75
SKU004,2025-06-09,29,198985.53,6861.57,1,Product 004,Lighting,Cookware,2023-04-28,1445.74,6861.57,5415.83,0,Summer,1,2025-06-01,147,692,11,162,401,182703.36,8,28.0,30.0,33.0,40.0,32.25
SKU004,2025-06-16,48,329355.36,6861.57,1,Product 004,Lighting,Cookware,2023-04-28,1445.74,6861.57,5415.83,0,Summer,1,2025-06-01,147,692,11,162,401,182703.36,15,29.0,28.0,38.0,37.0,31.25
SKU004,2025-06-23,31,212708.66999999998,6861.57,1,Product 004,Lighting,Cookware,2023-04-28,1445.74,6861.57,5415.83,0,Summer,1,2025-06-01,147,692,11,162,401,182703.36,22,48.0,29.0,30.0,34.0,33.75
SKU004,2025-06-30,27,185262.38999999998,6861.57,0,Product 004,Lighting,Cookware,2023-04-28,1445.74,6861.57,5415.83,0,Summer,0,2025-06-01,147,692,11,162,401,182703.36,29,31.0,48.0,28.0,28.0,34.0
SKU004,2025-07-07,32,219570.24,6861.57,0,Product 004,Lighting,Cookware,2023-04-28,1445.74,6861.57,5415.83,0,Monsoon,0,2025-07-01,393,394,9,86,278,488451.84,6,27.0,31.0,29.0,33.0,33.75
SKU004,2025-07-14,34,233293.38,6861.57,0,Product 004,Lighting,Cookware,2023-04-28,1445.74,6861.57,5415.83,0,Monsoon,0,2025-07-01,393,394,9,86,278,488451.84,13,32.0,27.0,48.0,35.0,34.5
SKU004,2025-07-21,29,198985.53,6861.57,0,Product 004,Lighting,Cookware,2023-04-28,1445.74,6861.57,5415.83,0,Monsoon,0,2025-07-01,393,394,9,86,278,488451.84,20,34.0,32.0,31.0,32.0,31.0
SKU004,2025-07-28,33,226431.81,6861.57,0,Product 004,Lighting,Cookware,2023-04-28,1445.74,6861.57,5415.83,0,Monsoon,0,2025-07-01,393,394,9,86,278,488451.84,27,29.0,34.0,27.0,32.0,30.5
SKU004,2025-08-04,26,178400.82,6861.57,0,Product 004,Lighting,Cookware,2023-04-28,1445.74,6861.57,5415.83,0,Monsoon,0,2025-08-01,167,186,7,116,244,207560.96,3,33.0,29.0,32.0,33.0,32.0
SKU004,2025-08-11,26,178400.82,6861.57,0,Product 004,Lighting,Cookware,2023-04-28,1445.74,6861.57,5415.83,1,Monsoon,0,2025-08-01,167,186,7,116,244,207560.96,10,26.0,33.0,34.0,30.0,30.5
SKU004,2025-08-18,18,123508.26,6861.57,0,Product 004,Lighting,Cookware,2023-04-28,1445.74,6861.57,5415.83,0,Monsoon,0,2025-08-01,167,186,7,116,244,207560.96,17,26.0,26.0,29.0,29.0,28.5
SKU004,2025-08-25,36,247016.52,6861.57,0,Product 004,Lighting,Cookware,2023-04-28,1445.74,6861.57,5415.83,0,Monsoon,0,2025-08-01,167,186,7,116,244,207560.96,24,18.0,26.0,33.0,22.0,25.75
SKU004,2025-09-01,38,260739.65999999997,6861.57,1,Product 004,Lighting,Cookware,2023-04-28,1445.74,6861.57,5415.83,0,Monsoon,1,2025-09-01,424,246,10,50,215,526981.12,0,36.0,18.0,26.0,30.0,26.5
SKU004,2025-09-08,29,198985.53,6861.57,1,Product 004,Lighting,Cookware,2023-04-28,1445.74,6861.57,5415.83,0,Monsoon,1,2025-09-01,424,246,10,50,215,526981.12,7,38.0,36.0,26.0,34.0,29.5
SKU004,2025-09-15,26,178400.82,6861.57,1,Product 004,Lighting,Cookware,2023-04-28,1445.74,6861.57,5415.83,0,Monsoon,1,2025-09-01,424,246,10,50,215,526981.12,14,29.0,38.0,18.0,29.0,30.25
SKU004,2025-09-22,28,192123.96,6861.57,1,Product 004,Lighting,Cookware,2023-04-28,1445.74,6861.57,5415.83,0,Monsoon,1,2025-09-01,424,246,10,50,215,526981.12,21,26.0,29.0,36.0,26.0,32.25
SKU004,2025-09-29,23,157816.11,6861.57,0,Product 004,Lighting,Cookware,2023-04-28,1445.74,6861.57,5415.83,0,Monsoon,0,2025-09-01,424,246,10,50,215,526981.12,28,28.0,26.0,38.0,26.0,30.25
SKU004,2025-10-06,28,192123.96,6861.57,0,Product 004,Lighting,Cookware,2023-04-28,1445.74,6861.57,5415.83,0,Autumn,0,2025-10-01,189,326,9,78,218,234904.32,5,23.0,28.0,29.0,29.0,26.5
SKU004,2025-10-13,24,164677.68,6861.57,0,Product 004,Lighting,Cookware,2023-04-28,1445.74,6861.57,5415.83,0,Autumn,0,2025-10-01,189,326,9,78,218,234904.32,12,28.0,23.0,26.0,29.0,26.25
SKU004,2025-10-20,24,164677.68,6861.57,0,Product 004,Lighting,Cookware,2023-04-28,1445.74,6861.57,5415.83,1,Autumn,0,2025-10-01,189,326,9,78,218,234904.32,19,24.0,28.0,28.0,26.0,25.75
SKU004,2025-10-27,32,219570.24,6861.57,1,Product 004,Lighting,Cookware,2023-04-28,1445.74,6861.57,5415.83,0,Autumn,1,2025-10-01,189,326,9,78,218,234904.32,26,24.0,24.0,23.0,32.0,24.75
SKU004,2025-11-03,27,185262.38999999998,6861.57,1,Product 004,Lighting,Cookware,2023-04-28,1445.74,6861.57,5415.83,0,Autumn,1,2025-11-01,534,249,10,72,236,663697.92,2,32.0,24.0,28.0,29.0,27.0
SKU004,2025-11-10,31,212708.66999999998,6861.57,1,Product 004,Lighting,Cookware,2023-04-28,1445.74,6861.57,5415.83,0,Autumn,1,2025-11-01,534,249,10,72,236,663697.92,9,27.0,32.0,24.0,26.0,26.75
SKU004,2025-11-17,28,192123.96,6861.57,1,Product 004,Lighting,Cookware,2023-04-28,1445.74,6861.57,5415.83,0,Autumn,1,2025-11-01,534,249,10,72,236,663697.92,16,31.0,27.0,24.0,19.0,28.5
SKU004,2025-11-24,22,150954.53999999998,6861.57,1,Product 004,Lighting,Cookware,2023-04-28,1445.74,6861.57,5415.83,0,Autumn,1,2025-11-01,534,249,10,72,236,663697.92,23,28.0,31.0,32.0,24.0,29.5
SKU004,2025-12-01,28,192123.96,6861.57,0,Product 004,Lighting,Cookware,2023-04-28,1445.74,6861.57,5415.83,0,Winter,0,2025-12-01,259,254,6,98,196,321905.92,0,22.0,28.0,27.0,30.0,27.0
SKU004,2025-12-08,39,267601.23,6861.57,0,Product 004,Lighting,Cookware,2023-04-28,1445.74,6861.57,5415.83,0,Winter,0,2025-12-01,259,254,6,98,196,321905.92,7,28.0,22.0,31.0,33.0,27.25
SKU004,2025-12-15,38,260739.65999999997,6861.57,0,Product 004,Lighting,Cookware,2023-04-28,1445.74,6861.57,5415.83,0,Winter,0,2025-12-01,259,254,6,98,196,321905.92,14,39.0,28.0,28.0,27.0,29.25
SKU004,2025-12-22,30,205847.09999999998,6861.57,0,Product 004,Lighting,Cookware,2023-04-28,1445.74,6861.57,5415.83,1,Winter,0,2025-12-01,259,254,6,98,196,321905.92,21,38.0,39.0,22.0,28.0,31.75
SKU005,2024-01-01,109,1034760.98,9493.22,0,Product 005,Storage,Lamp,2023-04-22,5543.63,9493.22,3949.59,0,Winter,0,2024-01-01,23,5,5,6,11,170945.89,0,,,,,
SKU005,2024-01-08,116,1101213.52,9493.22,0,Product 005,Storage,Lamp,2023-04-22,5543.63,9493.22,3949.59,0,Winter,0,2024-01-01,23,5,5,6,11,170945.89,7,109.0,,,,
SKU005,2024-01-15,108,1025267.76,9493.22,0,Product 005,Storage,Lamp,2023-04-22,5543.63,9493.22,3949.59,0,Winter,0,2024-01-01,23,5,5,6,11,170945.89,14,116.0,109.0,,,
SKU005,2024-01-22,102,968308.44,9493.22,0,Product 005,Storage,Lamp,2023-04-22,5543.63,9493.22,3949.59,1,Winter,0,2024-01-01,23,5,5,6,11,170945.89,21,108.0,116.0,,,
SKU005,2024-01-29,129,1224625.38,9493.22,0,Product 005,Storage,Lamp,2023-04-22,5543.63,9493.22,3949.59,0,Winter,0,2024-01-01,23,5,5,6,11,170945.89,28,102.0,108.0,109.0,,108.75
SKU005,2024-02-05,135,1281584.7,9493.22,0,Product 005,Storage,Lamp,2023-04-22,5543.63,9493.22,3949.59,0,Winter,0,2024-02-01,401,292,10,161,373,2980404.43,4,129.0,102.0,116.0,,113.75
SKU005,2024-02-12,144,1367023.68,9493.22,0,Product 005,Storage,Lamp,2023-04-22,5543.63,9493.22,3949.59,0,Winter,0,2024-02-01,401,292,10,161,373,2980404.43,11,135.0,129.0,108.0,,118.5
SKU005,2024-02-19,124,1177159.28,9493.22,0,Product 005,Storage,Lamp,2023-04-22,5543.63,9493.22,3949.59,0,Winter,0,2024-02-01,401,292,10,161,373,2980404.43,18,144.0,135.0,102.0,,127.5
SKU005,2024-02-26,134,1272091.48,9493.22,1,Product 005,Storage,Lamp,2023-04-22,5543.63,9493.22,3949.59,0,Winter,1,2024-02-01,401,292,10,161,373,2980404.43,25,124.0,144.0,129.0,,133.0
SKU005,2024-03-04,147,1395503.3399999999,9493.22,1,Product 005,Storage,Lamp,2023-04-22,5543.63,9493.22,3949.59,0,Spring,1,2024-03-01,638,295,9,130,335,4741890.34,3,134.0,124.0,135.0,,134.25
SKU005,2024-03-11,144,1367023.68,9493.22,1,Product 005,Storage,Lamp,2023-04-22,5543.63,9493.22,3949.59,0,Spring,1,2024-03-01,638,295,9,130,335,4741890.34,10,147.0,134.0,144.0,,137.25
SKU005,2024-03-18,151,1433476.22,9493.22,1,Product 005,Storage,Lamp,2023-04-22,5543.63,9493.22,3949.59,0,Spring,1,2024-03-01,638,295,9,130,335,4741890.34,17,144.0,147.0,124.0,,137.25
SKU005,2024-03-25,126,1196145.72,9493.22,1,Product 005,Storage,Lamp,2023-04-22,5543.63,9493.22,3949.59,0,Spring,1,2024-03-01,638,295,9,130,335,4741890.34,24,151.0,144.0,134.0,,144.0
SKU005,2024-04-01,138,1310064.3599999999,9493.22,0,Product 005,Storage,Lamp,2023-04-22,5543.63,9493.22,3949.59,0,Spring,0,2024-04-01,902,272,4,107,216,6704051.86,0,126.0,151.0,147.0,,142.0
SKU005,2024-04-08,113,1072733.8599999999,9493.22,0,Product 005,Storage,Lamp,2023-04-22,5543.63,9493.22,3949.59,0,Spring,0,2024-04-01,902,272,4,107,216,6704051.86,7,138.0,126.0,144.0,,139.75
SKU005,2024-04-15,140,1329050.8,9493.22,0,Product 005,Storage,Lamp,2023-04-22,5543.63,9493.22,3949.59,0,Spring,0,2024-04-01,902,272,4,107,216,6704051.86,14,113.0,138.0,151.0,,132.0
SKU005,2024-04-22,113,1072733.8599999999,9493.22,0,Product 005,Storage,Lamp,2023-04-22,5543.63,9493.22,3949.59,0,Spring,0,2024-04-01,902,272,4,107,216,6704051.86,21,140.0,113.0,126.0,,129.25
SKU005,2024-04-29,122,1158172.8399999999,9493.22,0,Product 005,Storage,Lamp,2023-04-22,5543.63,9493.22,3949.59,0,Spring,0,2024-04-01,902,272,4,107,216,6704051.86,28,113.0,140.0,138.0,,126.0
SKU005,2024-05-06,142,1348037.24,9493.22,0,Product 005,Storage,Lamp,2023-04-22,5543.63,9493.22,3949.59,0,Summer,0,2024-05-01,688,133,6,106,253,5113511.84,5,122.0,113.0,113.0,,122.0
SKU005,2024-05-13,122,1158172.8399999999,9493.22,0,Product 005,Storage,Lamp,2023-04-22,5543.63,9493.22,3949.59,0,Summer,0,2024-05-01,688,133,6,106,253,5113511.84,12,142.0,122.0,140.0,,129.25
SKU005,2024-05-20,118,1120199.96,9493.22,0,Product 005,Storage,Lamp,2023-04-22,5543.63,9493.22,3949.59,0,Summer,0,2024-05-01,688,133,6,106,253,5113511.84,19,122.0,142.0,113.0,,124.75
SKU005,2024-05-27,124,1177159.28,9493.22,1,Product 005,Storage,Lamp,2023-04-22,5543.63,9493.22,3949.59,0,Summer,1,2024-05-01,688,133,6,106,253,5113511.84,26,118.0,122.0,122.0,,126.0
SKU005,2024-06-03,157,1490435.54,9493.22,1,Product 005,Storage,Lamp,2023-04-22,5543.63,9493.22,3949.59,0,Summer,1,2024-06-01,532,31,11,148,431,3954052.76,2,124.0,118.0,142.0,,126.5
SKU005,2024-06-10,138,1310064.3599999999,9493.22,1,Product 005,Storage,Lamp,2023-04-22,5543.63,9493.22,3949.59,0,Summer,1,2024-06-01,532,31,11,148,431,3954052.76,9,157.0,124.0,122.0,,130.25
SKU005,2024-06-17,149,1414489.78,9493.22,1,Product 005,Storage,Lamp,2023-04-22,5543.63,9493.22,3949.59,0,Summer,1,2024-06-01,532,31,11,148,431,3954052.76,16,138.0,157.0,118.0,,134.25
SKU005,2024-06-24,145,1376516.9,9493.22,1,Product 005,Storage,Lamp,2023-04-22,5543.63,9493.22,3949.59,0,Summer,1,2024-06-01,532,31,11,148,431,3954052.76,23,149.0,138.0,124.0,,142.0
SKU005,2024-07-01,105,996788.0999999999,9493.22,0,Product 005,Storage,Lamp,2023-04-22,5543.63,9493.22,3949.59,0,Monsoon,0,2024-07-01,488,846,12,152,446,3627025.84,0,145.0,149.0,157.0,,147.25
SKU005,2024-07-08,114,1082227.08,9493.22,0,Product 005,Storage,Lamp,2023-04-22,5543.63,9493.22,3949.59,0,Monsoon,0,2024-07-01,488,846,12,152,446,3627025.84,7,105.0,145.0,138.0,,134.25
SKU005,2024-07-15,109,1034760.98,9493.22,0,Product 005,Storage,Lamp,2023-04-22,5543.63,9493.22,3949.59,0,Monsoon,0,2024-07-01,488,846,12,152,446,3627025.84,14,114.0,105.0,149.0,,128.25
SKU005,2024-07-22,114,1082227.0799999998,9493.22,0,Product 005,Storage,Lamp,2023-04-22,5543.63,9493.22,3949.59,0,Monsoon,0,2024-07-01,488,846,12,152,446,3627025.84,21,109.0,114.0,145.0,,118.25
SKU005,2024-07-29,108,1025267.7599999999,9493.22,0,Product 005,Storage,Lamp,2023-04-22,5543.63,9493.22,3949.59,0,Monsoon,0,2024-07-01,488,846,12,152,446,3627025.84,28,114.0,109.0,105.0,,110.5
SKU005,2024-08-05,95,901855.8999999999,9493.22,0,Product 005,Storage,Lamp,2023-04-22,5543.63,9493.22,3949.59,0,Monsoon,0,2024-08-01,592,164,4,80,164,4399998.56,4,108.0,114.0,114.0,,111.25
SKU005,2024-08-12,103,977801.6599999999,9493.22,0,Product 005,Storage,Lamp,2023-04-22,5543.63,9493.22,3949.59,1,Monsoon,0,2024-08-01,592,164,4,80,164,4399998.56,11,95.0,108.0,109.0,,106.5
SKU005,2024-08-19,113,1072733.8599999999,9493.22,0,Product 005,Storage,Lamp,2023-04-22,5543.63,9493.22,3949.59,0,Monsoon,0,2024-08-01,592,164,4,80,164,4399998.56,18,103.0,95.0,114.0,,105.0
SKU005,2024-08-26,122,1158172.8399999999,9493.22,1,Product 005,Storage,Lamp,2023-04-22,5543.63,9493.22,3949.59,0,Monsoon,1,2024-08-01,592,164,4,80,164,4399998.56,25,113.0,103.0,108.0,,104.75
SKU005,2024-09-02,113,1072733.8599999999,9493.22,1,Product 005,Storage,Lamp,2023-04-22,5543.63,9493.22,3949.59,0,Monsoon,1,2024-09-01,641,565,13,138,390,4764187.63,1,122.0,113.0,95.0,,108.25
SKU005,2024-09-09,104,987294.8799999999,9493.22,1,Product 005,Storage,Lamp,2023-04-22,5543.63,9493.22,3949.59,0,Monsoon,1,2024-09-01,641,565,13,138,390,4764187.63,8,113.0,122.0,103.0,,112.75
SKU005,2024-09-16,95,901855.8999999999,9493.22,1,Product 005,Storage,Lamp,2023-04-22,5543.63,9493.22,3949.59,0,Monsoon,1,2024-09-01,641,565,13,138,390,4764187.63,15,104.0,113.0,113.0,,113.0
SKU005,2024-09-23,108,1025267.76,9493.22,1,Product 005,Storage,Lamp,2023-04-22,5543.63,9493.22,3949.59,0,Monsoon,1,2024-09-01,641,565,13,138,390,4764187.63,22,95.0,104.0,122.0,,108.5
SKU005,2024-09-30,86,816416.9199999999,9493.22,0,Product 005,Storage,Lamp,2023-04-22,5543.63,9493.22,3949.59,0,Monsoon,0,2024-09-01,641,565,13,138,390,4764187.63,29,108.0,95.0,113.0,,105.0
SKU005,2024-10-07,96,911349.1199999999,9493.22,0,Product 005,Storage,Lamp,2023-04-22,5543.63,9493.22,3949.59,0,Autumn,0,2024-10-01,599,300,10,85,278,4452025.57,6,86.0,108.0,104.0,,98.25
SKU005,2024-10-14,92,873376.24,9493.22,0,Product 005,Storage,Lamp,2023-04-22,5543.63,9493.22,3949.59,0,Autumn,0,2024-10-01,599,300,10,85,278,4452025.57,13,96.0,86.0,95.0,,96.25
SKU005,2024-10-21,85,806923.7,9493.22,0,Product 005,Storage,Lamp,2023-04-22,5543.63,9493.22,3949.59,0,Autumn,0,2024-10-01,599,300,10,85,278,4452025.57,20,92.0,96.0,108.0,,95.5
SKU005,2024-10-28,109,1034760.98,9493.22,1,Product 005,Storage,Lamp,2023-04-22,5543.63,9493.22,3949.59,1,Autumn,1,2024-10-01,599,300,10,85,278,4452025.57,27,85.0,92.0,86.0,,89.75
SKU005,2024-11-04,109,1034760.98,9493.22,1,Product 005,Storage,Lamp,2023-04-22,5543.63,9493.22,3949.59,0,Autumn,1,2024-11-01,471,440,14,108,350,3500674.53,3,109.0,85.0,96.0,,95.5
SKU005,2024-11-11,123,1167666.06,9493.22,1,Product 005,Storage,Lamp,2023-04-22,5543.63,9493.22,3949.59,0,Autumn,1,2024-11-01,471,440,14,108,350,3500674.53,10,109.0,109.0,92.0,,98.75
SKU005,2024-11-18,104,987294.8799999999,9493.22,1,Product 005,Storage,Lamp,2023-04-22,5543.63,9493.22,3949.59,0,Autumn,1,2024-11-01,471,440,14,108,350,3500674.53,17,123.0,109.0,85.0,,106.5
SKU005,2024-11-25,79,749964.38,9493.22,1,Product 005,Storage,Lamp,2023-04-22,5543.63,9493.22,3949.59,0,Autumn,1,2024-11-01,471,440,14,108,350,3500674.53,24,104.0,123.0,109.0,,111.25
SKU005,2024-12-02,95,901855.8999999999,9493.22,0,Product 005,Storage,Lamp,2023-04-22,5543.63,9493.22,3949.59,0,Winter,0,2024-12-01,181,375,7,86,222,1345269.83,1,79.0,104.0,109.0,,103.75
SKU005,2024-12-09,107,1015774.5399999999,9493.22,0,Product 005,Storage,Lamp,2023-04-22,5543.63,9493.22,3949.59,0,Winter,0,2024-12-01,181,375,7,86,222,1345269.83,8,95.0,79.0,123.0,,100.25
SKU005,2024-12-16,110,1044254.2,9493.22,0,Product 005,Storage,Lamp,2023-04-22,5543.63,9493.22,3949.59,0,Winter,0,2024-12-01,181,375,7,86,222,1345269.83,15,107.0,95.0,104.0,,96.25
SKU005,2024-12-23,106,1006281.32,9493.22,0,Product 005,Storage,Lamp,2023-04-22,5543.63,9493.22,3949.59,1,Winter,0,2024-12-01,181,375,7,86,222,1345269.83,22,110.0,107.0,79.0,,97.75
SKU005,2024-12-30,111,1053747.42,9493.22,0,Product 005,Storage,Lamp,2023-04-22,5543.63,9493.22,3949.59,0,Winter,0,2024-12-01,181,375,7,86,222,1345269.83,29,106.0,110.0,95.0,109.0,104.5
SKU005,2025-01-06,97,920842.34,9493.22,0,Product 005,Storage,Lamp,2023-04-22,5543.63,9493.22,3949.59,0,Winter,0,2025-01-01,154,198,10,107,306,1144594.22,5,111.0,106.0,107.0,116.0,108.5
SKU005,2025-01-13,133,1262598.26,9493.22,0,Product 005,Storage,Lamp,2023-04-22,5543.63,9493.22,3949.59,0,Winter,0,2025-01-01,154,198,10,107,306,1144594.22,12,97.0,111.0,110.0,108.0,106.0
SKU005,2025-01-20,110,1044254.2,9493.22,0,Product 005,Storage,Lamp,2023-04-22,5543.63,9493.22,3949.59,1,Winter,0,2025-01-01,154,198,10,107,306,1144594.22,19,133.0,97.0,106.0,102.0,111.75
SKU005,2025-01-27,107,1015774.54,9493.22,0,Product 005,Storage,Lamp,2023-04-22,5543.63,9493.22,3949.59,0,Winter,0,2025-01-01,154,198,10,107,306,1144594.22,26,110.0,133.0,111.0,129.0,112.75
SKU005,2025-02-03,123,1167666.06,9493.22,0,Product 005,Storage,Lamp,2023-04-22,5543.63,9493.22,3949.59,0,Winter,0,2025-02-01,263,463,8,94,256,1954729.09,2,107.0,110.0,97.0,135.0,111.75
SKU005,2025-02-10,132,1253105.04,9493.22,0,Product 005,Storage,Lamp,2023-04-22,5543.63,9493.22,3949.59,0,Winter,0,2025-02-01,263,463,8,94,256,1954729.09,9,123.0,107.0,133.0,144.0,118.25
SKU005,2025-02-17,139,1319557.58,9493.22,0,Product 005,Storage,Lamp,2023-04-22,5543.63,9493.22,3949.59,0,Winter,0,2025-02-01,263,463,8,94,256,1954729.09,16,132.0,123.0,110.0,124.0,118.0
SKU005,2025-02-24,160,1518915.2,9493.22,1,Product 005,Storage,Lamp,2023-04-22,5543.63,9493.22,3949.59,0,Winter,1,2025-02-01,263,463,8,94,256,1954729.09,23,139.0,132.0,107.0,134.0,125.25
SKU005,2025-03-03,140,1329050.7999999998,9493.22,1,Product 005,Storage,Lamp,2023-04-22,5543.63,9493.22,3949.59,0,Spring,1,2025-03-01,320,349,4,183,279,2378377.6,2,160.0,139.0,123.0,147.0,138.5
SKU005,2025-03-10,142,1348037.24,9493.22,1,Product 005,Storage,Lamp,2023-04-22,5543.63,9493.22,3949.59,0,Spring,1,2025-03-01,320,349,4,183,279,2378377.6,9,140.0,160.0,132.0,144.0,142.75
SKU005,2025-03-17,144,1367023.68,9493.22,1,Product 005,Storage,Lamp,2023-04-22,5543.63,9493.22,3949.59,0,Spring,1,2025-03-01,320,349,4,183,279,2378377.6,16,142.0,140.0,139.0,151.0,145.25
SKU005,2025-03-24,134,1272091.48,9493.22,1,Product 005,Storage,Lamp,2023-04-22,5543.63,9493.22,3949.59,0,Spring,1,2025-03-01,320,349,4,183,279,2378377.6,23,144.0,142.0,160.0,126.0,146.5
SKU005,2025-03-31,142,1348037.24,9493.22,0,Product 005,Storage,Lamp,2023-04-22,5543.63,9493.22,3949.59,0,Spring,0,2025-03-01,320,349,4,183,279,2378377.6,30,134.0,144.0,140.0,138.0,140.0
SKU005,2025-04-07,132,1253105.04,9493.22,0,Product 005,Storage,Lamp,2023-04-22,5543.63,9493.22,3949.59,0,Spring,0,2025-04-01,696,333,11,95,386,5172971.28,6,142.0,134.0,142.0,113.0,140.5
SKU005,2025-04-14,134,1272091.48,9493.22,0,Product 005,Storage,Lamp,2023-04-22,5543.63,9493.22,3949.59,0,Spring,0,2025-04-01,696,333,11,95,386,5172971.28,13,132.0,142.0,144.0,140.0,138.0
SKU005,2025-04-21,141,1338544.02,9493.22,0,Product 005,Storage,Lamp,2023-04-22,5543.63,9493.22,3949.59,0,Spring,0,2025-04-01,696,333,11,95,386,5172971.28,20,134.0,132.0,134.0,113.0,135.5
SKU005,2025-04-28,116,1101213.52,9493.22,0,Product 005,Storage,Lamp,2023-04-22,5543.63,9493.22,3949.59,0,Spring,0,2025-04-01,696,333,11,95,386,5172971.28,27,141.0,134.0,142.0,122.0,137.25
SKU005,2025-05-05,117,1110706.74,9493.22,0,Product 005,Storage,Lamp,2023-04-22,5543.63,9493.22,3949.59,0,Summer,0,2025-05-01,169,84,13,101,398,1256080.67,4,116.0,141.0,132.0,142.0,130.75
SKU005,2025-05-12,122,1158172.8399999999,9493.22,0,Product 005,Storage,Lamp,2023-04-22,5543.63,9493.22,3949.59,0,Summer,0,2025-05-01,169,84,13,101,398,1256080.67,11,117.0,116.0,134.0,122.0,127.0
SKU005,2025-05-19,137,1300571.14,9493.22,0,Product 005,Storage,Lamp,2023-04-22,5543.63,9493.22,3949.59,0,Summer,0,2025-05-01,169,84,13,101,398,1256080.67,18,122.0,117.0,141.0,118.0,124.0
SKU005,2025-05-26,130,1234118.5999999999,9493.22,1,Product 005,Storage,Lamp,2023-04-22,5543.63,9493.22,3949.59,0,Summer,1,2025-05-01,169,84,13,101,398,1256080.67,25,137.0,122.0,116.0,124.0,123.0
SKU005,2025-06-02,140,1329050.7999999998,9493.22,1,Product 005,Storage,Lamp,2023-04-22,5543.63,9493.22,3949.59,0,Summer,1,2025-06-01,699,474,6,169,316,5195268.57,1,130.0,137.0,117.0,157.0,126.5
SKU005,2025-06-09,133,1262598.26,9493.22,1,Product 005,Storage,Lamp,2023-04-22,5543.63,9493.22,3949.59,0,Summer,1,2025-06-01,699,474,6,169,316,5195268.57,8,140.0,130.0,122.0,138.0,132.25
SKU005,2025-06-16,116,1101213.52,9493.22,1,Product 005,Storage,Lamp,2023-04-22,5543.63,9493.22,3949.59,0,Summer,1,2025-06-01,699,474,6,169,316,5195268.57,15,133.0,140.0,137.0,149.0,135.0
SKU005,2025-06-23,134,1272091.48,9493.22,1,Product 005,Storage,Lamp,2023-04-22,5543.63,9493.22,3949.59,0,Summer,1,2025-06-01,699,474,6,169,316,5195268.57,22,116.0,133.0,130.0,145.0,129.75
SKU005,2025-06-30,99,939828.78,9493.22,0,Product 005,Storage,Lamp,2023-04-22,5543.63,9493.22,3949.59,0,Summer,0,2025-06-01,699,474,6,169,316,5195268.57,29,134.0,116.0,140.0,105.0,130.75
SKU005,2025-07-07,104,987294.8799999999,9493.22,0,Product 005,Storage,Lamp,2023-04-22,5543.63,9493.22,3949.59,0,Monsoon,0,2025-07-01,509,198,13,197,540,3783106.87,6,99.0,134.0,133.0,114.0,120.5
SKU005,2025-07-14,106,1006281.32,9493.22,0,Product 005,Storage,Lamp,2023-04-22,5543.63,9493.22,3949.59,0,Monsoon,0,2025-07-01,509,198,13,197,540,3783106.87,13,104.0,99.0,116.0,109.0,113.25
SKU005,2025-07-21,124,1177159.28,9493.22,0,Product 005,Storage,Lamp,2023-04-22,5543.63,9493.22,3949.59,0,Monsoon,0,2025-07-01,509,198,13,197,540,3783106.87,20,106.0,104.0,134.0,114.0,110.75
SKU005,2025-07-28,115,1091720.3,9493.22,0,Product 005,Storage,Lamp,2023-04-22,5543.63,9493.22,3949.59,0,Monsoon,0,2025-07-01,509,198,13,197,540,3783106.87,27,124.0,106.0,99.0,108.0,108.25
SKU005,2025-08-04,96,911349.1199999999,9493.22,0,Product 005,Storage,Lamp,2023-04-22,5543.63,9493.22,3949.59,0,Monsoon,0,2025-08-01,483,200,6,65,186,3589863.69,3,115.0,124.0,104.0,95.0,112.25
SKU005,2025-08-11,114,1082227.0799999998,9493.22,0,Product 005,Storage,Lamp,2023-04-22,5543.63,9493.22,3949.59,1,Monsoon,0,2025-08-01,483,200,6,65,186,3589863.69,10,96.0,115.0,106.0,103.0,110.25
SKU005,2025-08-18,95,901855.9,9493.22,0,Product 005,Storage,Lamp,2023-04-22,5543.63,9493.22,3949.59,0,Monsoon,0,2025-08-01,483,200,6,65,186,3589863.69,17,114.0,96.0,124.0,113.0,112.25
SKU005,2025-08-25,96,911349.12,9493.22,0,Product 005,Storage,Lamp,2023-04-22,5543.63,9493.22,3949.59,0,Monsoon,0,2025-08-01,483,200,6,65,186,3589863.69,24,95.0,114.0,115.0,122.0,105.0
SKU005,2025-09-01,95,901855.8999999999,9493.22,1,Product 005,Storage,Lamp,2023-04-22,5543.63,9493.22,3949.59,0,Monsoon,1,2025-09-01,673,340,5,100,198,5002025.39,0,96.0,95.0,96.0,113.0,100.25
SKU005,2025-09-08,96,911349.12,9493.22,1,Product 005,Storage,Lamp,2023-04-22,5543.63,9493.22,3949.59,0,Monsoon,1,2025-09-01,673,340,5,100,198,5002025.39,7,95.0,96.0,114.0,104.0,100.0
SKU005,2025-09-15,89,844896.58,9493.22,1,Product 005,Storage,Lamp,2023-04-22,5543.63,9493.22,3949.59,0,Monsoon,1,2025-09-01,673,340,5,100,198,5002025.39,14,96.0,95.0,95.0,95.0,95.5
SKU005,2025-09-22,108,1025267.76,9493.22,1,Product 005,Storage,Lamp,2023-04-22,5543.63,9493.22,3949.59,0,Monsoon,1,2025-09-01,673,340,5,100,198,5002025.39,21,89.0,96.0,96.0,108.0,94.0
SKU005,2025-09-29,97,920842.34,9493.22,0,Product 005,Storage,Lamp,2023-04-22,5543.63,9493.22,3949.59,0,Monsoon,0,2025-09-01,673,340,5,100,198,5002025.39,28,108.0,89.0,95.0,86.0,97.0
SKU005,2025-10-06,107,1015774.5399999999,9493.22,0,Product 005,Storage,Lamp,2023-04-22,5543.63,9493.22,3949.59,0,Autumn,0,2025-10-01,423,96,11,70,272,3143917.89,5,97.0,108.0,96.0,96.0,97.5
SKU005,2025-10-13,105,996788.1,9493.22,0,Product 005,Storage,Lamp,2023-04-22,5543.63,9493.22,3949.59,0,Autumn,0,2025-10-01,423,96,11,70,272,3143917.89,12,107.0,97.0,89.0,92.0,100.25
SKU005,2025-10-20,98,930335.5599999999,9493.22,0,Product 005,Storage,Lamp,2023-04-22,5543.63,9493.22,3949.59,1,Autumn,0,2025-10-01,423,96,11,70,272,3143917.89,19,105.0,107.0,108.0,85.0,104.25
SKU005,2025-10-27,104,987294.88,9493.22,1,Product 005,Storage,Lamp,2023-04-22,5543.63,9493.22,3949.59,0,Autumn,1,2025-10-01,423,96,11,70,272,3143917.89,26,98.0,105.0,97.0,109.0,101.75
SKU005,2025-11-03,114,1082227.08,9493.22,1,Product 005,Storage,Lamp,2023-04-22,5543.63,9493.22,3949.59,0,Autumn,1,2025-11-01,335,37,9,100,257,2489864.05,2,104.0,98.0,107.0,109.0,103.5
SKU005,2025-11-10,102,968308.44,9493.22,1,Product 005,Storage,Lamp,2023-04-22,5543.63,9493.22,3949.59,0,Autumn,1,2025-11-01,335,37,9,100,257,2489864.05,9,114.0,104.0,105.0,123.0,105.25
SKU005,2025-11-17,115,1091720.3,9493.22,1,Product 005,Storage,Lamp,2023-04-22,5543.63,9493.22,3949.59,0,Autumn,1,2025-11-01,335,37,9,100,257,2489864.05,16,102.0,114.0,98.0,104.0,104.5
SKU005,2025-11-24,100,949322.0,9493.22,1,Product 005,Storage,Lamp,2023-04-22,5543.63,9493.22,3949.59,0,Autumn,1,2025-11-01,335,37,9,100,257,2489864.05,23,115.0,102.0,104.0,79.0,108.75
SKU005,2025-12-01,96,911349.12,9493.22,0,Product 005,Storage,Lamp,2023-04-22,5543.63,9493.22,3949.59,0,Winter,0,2025-12-01,471,291,6,129,245,3500674.53,0,100.0,115.0,114.0,95.0,107.75
SKU005,2025-12-08,103,977801.6599999999,9493.22,0,Product 005,Storage,Lamp,2023-04-22,5543.63,9493.22,3949.59,0,Winter,0,2025-12-01,471,291,6,129,245,3500674.53,7,96.0,100.0,102.0,107.0,103.25
SKU005,2025-12-15,100,949321.9999999999,9493.22,0,Product 005,Storage,Lamp,2023-04-22,5543.63,9493.22,3949.59,0,Winter,0,2025-12-01,471,291,6,129,245,3500674.53,14,103.0,96.0,115.0,110.0,103.5
SKU005,2025-12-22,108,1025267.7599999999,9493.22,0,Product 005,Storage,Lamp,2023-04-22,5543.63,9493.22,3949.59,1,Winter,0,2025-12-01,471,291,6,129,245,3500674.53,21,100.0,103.0,100.0,106.0,99.75
SKU006,2024-01-01,38,308029.52,8106.04,0,Product 006,Furniture,Shelf,2024-08-02,6021.91,8106.04,2084.13,0,Winter,0,2024-01-01,13,6,5,5,10,86143.2,0,,,,,
SKU006,2024-01-08,34,275605.36,8106.04,0,Product 006,Furniture,Shelf,2024-08-02,6021.91,8106.04,2084.13,0,Winter,0,2024-01-01,13,6,5,5,10,86143.2,7,38.0,,,,
SKU006,2024-01-15,43,348559.72,8106.04,0,Product 006,Furniture,Shelf,2024-08-02,6021.91,8106.04,2084.13,0,Winter,0,2024-01-01,13,6,5,5,10,86143.2,14,34.0,38.0,,,
SKU006,2024-01-22,39,316135.56,8106.04,0,Product 006,Furniture,Shelf,2024-08-02,6021.91,8106.04,2084.13,1,Winter,0,2024-01-01,13,6,5,5,10,86143.2,21,43.0,34.0,,,
SKU006,2024-01-29,49,397195.96,8106.04,0,Product 006,Furniture,Shelf,2024-08-02,6021.91,8106.04,2084.13,0,Winter,0,2024-01-01,13,6,5,5,10,86143.2,28,39.0,43.0,38.0,,38.5
SKU006,2024-02-05,50,405302.0,8106.04,0,Product 006,Furniture,Shelf,2024-08-02,6021.91,8106.04,2084.13,0,Winter,0,2024-02-01,464,145,9,63,212,3074649.6,4,49.0,39.0,34.0,,41.25
SKU006,2024-02-12,52,421514.08,8106.04,0,Product 006,Furniture,Shelf,2024-08-02,6021.91,8106.04,2084.13,0,Winter,0,2024-02-01,464,145,9,63,212,3074649.6,11,50.0,49.0,43.0,,45.25
SKU006,2024-02-19,50,405302.0,8106.04,0,Product 006,Furniture,Shelf,2024-08-02,6021.91,8106.04,2084.13,0,Winter,0,2024-02-01,464,145,9,63,212,3074649.6,18,52.0,50.0,39.0,,47.5
SKU006,2024-02-26,56,453938.24,8106.04,1,Product 006,Furniture,Shelf,2024-08-02,6021.91,8106.04,2084.13,0,Winter,1,2024-02-01,464,145,9,63,212,3074649.6,25,50.0,52.0,49.0,,50.25
SKU006,2024-03-04,76,616059.04,8106.04,1,Product 006,Furniture,Shelf,2024-08-02,6021.91,8106.04,2084.13,0,Spring,1,2024-03-01,477,136,12,62,266,3160792.8,3,56.0,50.0,50.0,,52.0
SKU006,2024-03-11,50,405302.0,8106.04,1,Product 006,Furniture,Shelf,2024-08-02,6021.91,8106.04,2084.13,0,Spring,1,2024-03-01,477,136,12,62,266,3160792.8,10,76.0,56.0,52.0,,58.5
SKU006,2024-03-18,55,445832.2,8106.04,1,Product 006,Furniture,Shelf,2024-08-02,6021.91,8106.04,2084.13,0,Spring,1,2024-03-01,477,136,12,62,266,3160792.8,17,50.0,76.0,50.0,,58.0
SKU006,2024-03-25,53,429620.12,8106.04,1,Product 006,Furniture,Shelf,2024-08-02,6021.91,8106.04,2084.13,0,Spring,1,2024-03-01,477,136,12,62,266,3160792.8,24,55.0,50.0,56.0,,59.25
SKU006,2024-04-01,68,551210.72,8106.04,0,Product 006,Furniture,Shelf,2024-08-02,6021.91,8106.04,2084.13,0,Spring,0,2024-04-01,341,558,9,104,311,2259602.4,0,53.0,55.0,76.0,,58.5
SKU006,2024-04-08,61,494468.44,8106.04,0,Product 006,Furniture,Shelf,2024-08-02,6021.91,8106.04,2084.13,0,Spring,0,2024-04-01,341,558,9,104,311,2259602.4,7,68.0,53.0,50.0,,56.5
SKU006,2024-04-15,54,437726.16,8106.04,0,Product 006,Furniture,Shelf,2024-08-02,6021.91,8106.04,2084.13,0,Spring,0,2024-04-01,341,558,9,104,311,2259602.4,14,61.0,68.0,55.0,,59.25
SKU006,2024-04-22,44,356665.76,8106.04,0,Product 006,Furniture,Shelf,2024-08-02,6021.91,8106.04,2084.13,0,Spring,0,2024-04-01,341,558,9,104,311,2259602.4,21,54.0,61.0,53.0,,59.0
SKU006,2024-04-29,54,437726.16000000003,8106.04,0,Product 006,Furniture,Shelf,2024-08-02,6021.91,8106.04,2084.13,0,Spring,0,2024-04-01,341,558,9,104,311,2259602.4,28,44.0,54.0,68.0,,56.75
SKU006,2024-05-06,45,364771.8,8106.04,0,Product 006,Furniture,Shelf,2024-08-02,6021.91,8106.04,2084.13,0,Summer,0,2024-05-01,145,644,13,139,405,960828.0,5,54.0,44.0,61.0,,53.25
SKU006,2024-05-13,52,421514.08,8106.04,0,Product 006,Furniture,Shelf,2024-08-02,6021.91,8106.04,2084.13,0,Summer,0,2024-05-01,145,644,13,139,405,960828.0,12,45.0,54.0,54.0,,49.25
SKU006,2024-05-20,58,470150.31999999995,8106.04,0,Product 006,Furniture,Shelf,2024-08-02,6021.91,8106.04,2084.13,0,Summer,0,2024-05-01,145,644,13,139,405,960828.0,19,52.0,45.0,44.0,,48.75
SKU006,2024-05-27,46,372877.83999999997,8106.04,1,Product 006,Furniture,Shelf,2024-08-02,6021.91,8106.04,2084.13,0,Summer,1,2024-05-01,145,644,13,139,405,960828.0,26,58.0,52.0,54.0,,52.25
SKU006,2024-06-03,33,267499.32,8106.04,1,Product 006,Furniture,Shelf,2024-08-02,6021.91,8106.04,2084.13,0,Summer,1,2024-06-01,275,225,12,90,331,1822260.0,2,46.0,58.0,45.0,,50.25
SKU006,2024-06-10,41,332347.63999999996,8106.04,1,Product 006,Furniture,Shelf,2024-08-02,6021.91,8106.04,2084.13,0,Summer,1,2024-06-01,275,225,12,90,331,1822260.0,9,33.0,46.0,52.0,,47.25
SKU006,2024-06-17,42,340453.68,8106.04,1,Product 006,Furniture,Shelf,2024-08-02,6021.91,8106.04,2084.13,0,Summer,1,2024-06-01,275,225,12,90,331,1822260.0,16,41.0,33.0,58.0,,44.5
SKU006,2024-06-24,59,478256.36,8106.04,1,Product 006,Furniture,Shelf,2024-08-02,6021.91,8106.04,2084.13,0,Summer,1,2024-06-01,275,225,12,90,331,1822260.0,23,42.0,41.0,46.0,,40.5
SKU006,2024-07-01,54,437726.16,8106.04,0,Product 006,Furniture,Shelf,2024-08-02,6021.91,8106.04,2084.13,0,Monsoon,0,2024-07-01,500,325,3,111,173,3313200.0,0,59.0,42.0,33.0,,43.75
SKU006,2024-07-08,42,340453.68,8106.04,0,Product 006,Furniture,Shelf,2024-08-02,6021.91,8106.04,2084.13,0,Monsoon,0,2024-07-01,500,325,3,111,173,3313200.0,7,54.0,59.0,41.0,,49.0
SKU006,2024-07-15,47,380983.88,8106.04,0,Product 006,Furniture,Shelf,2024-08-02,6021.91,8106.04,2084.13,0,Monsoon,0,2024-07-01,500,325,3,111,173,3313200.0,14,42.0,54.0,42.0,,49.25
SKU006,2024-07-22,48,389089.92,8106.04,0,Product 006,Furniture,Shelf,2024-08-02,6021.91,8106.04,2084.13,0,Monsoon,0,2024-07-01,500,325,3,111,173,3313200.0,21,47.0,42.0,59.0,,50.5
SKU006,2024-07-29,45,364771.8,8106.04,0,Product 006,Furniture,Shelf,2024-08-02,6021.91,8106.04,2084.13,0,Monsoon,0,2024-07-01,500,325,3,111,173,3313200.0,28,48.0,47.0,54.0,,47.75
SKU006,2024-08-05,25,202651.0,8106.04,0,Product 006,Furniture,Shelf,2024-08-02,6021.91,8106.04,2084.13,0,Monsoon,0,2024-08-01,453,205,14,73,304,3001759.2,4,45.0,48.0,42.0,,45.5
SKU006,2024-08-12,39,316135.56,8106.04,0,Product 006,Furniture,Shelf,2024-08-02,6021.91,8106.04,2084.13,1,Monsoon,0,2024-08-01,453,205,14,73,304,3001759.2,11,25.0,45.0,47.0,,41.25
SKU006,2024-08-19,34,275605.36,8106.04,0,Product 006,Furniture,Shelf,2024-08-02,6021.91,8106.04,2084.13,0,Monsoon,0,2024-08-01,453,205,14,73,304,3001759.2,18,39.0,25.0,48.0,,39.25
SKU006,2024-08-26,55,445832.2,8106.04,1,Product 006,Furniture,Shelf,2024-08-02,6021.91,8106.04,2084.13,0,Monsoon,1,2024-08-01,453,205,14,73,304,3001759.2,25,34.0,39.0,45.0,,35.75
SKU006,2024-09-02,33,267499.32,8106.04,1,Product 006,Furniture,Shelf,2024-08-02,6021.91,8106.04,2084.13,0,Monsoon,1,2024-09-01,246,180,14,60,288,1630094.4,1,55.0,34.0,25.0,,38.25
SKU006,2024-09-09,38,308029.52,8106.04,1,Product 006,Furniture,Shelf,2024-08-02,6021.91,8106.04,2084.13,0,Monsoon,1,2024-09-01,246,180,14,60,288,1630094.4,8,33.0,55.0,39.0,,40.25
SKU006,2024-09-16,42,340453.68,8106.04,1,Product 006,Furniture,Shelf,2024-08-02,6021.91,8106.04,2084.13,0,Monsoon,1,2024-09-01,246,180,14,60,288,1630094.4,15,38.0,33.0,34.0,,40.0
SKU006,2024-09-23,40,324241.6,8106.04,1,Product 006,Furniture,Shelf,2024-08-02,6021.91,8106.04,2084.13,0,Monsoon,1,2024-09-01,246,180,14,60,288,1630094.4,22,42.0,38.0,55.0,,42.0
SKU006,2024-09-30,47,380983.88,8106.04,0,Product 006,Furniture,Shelf,2024-08-02,6021.91,8106.04,2084.13,0,Monsoon,0,2024-09-01,246,180,14,60,288,1630094.4,29,40.0,42.0,33.0,,38.25
SKU006,2024-10-07,38,308029.52,8106.04,0,Product 006,Furniture,Shelf,2024-08-02,6021.91,8106.04,2084.13,0,Autumn,0,2024-10-01,307,213,3,124,174,2034304.8,6,47.0,40.0,38.0,,41.75
SKU006,2024-10-14,37,299923.48,8106.04,0,Product 006,Furniture,Shelf,2024-08-02,6021.91,8106.04,2084.13,0,Autumn,0,2024-10-01,307,213,3,124,174,2034304.8,13,38.0,47.0,42.0,,41.75
SKU006,2024-10-21,29,235075.16,8106.04,0,Product 006,Furniture,Shelf,2024-08-02,6021.91,8106.04,2084.13,0,Autumn,0,2024-10-01,307,213,3,124,174,2034304.8,20,37.0,38.0,40.0,,40.5
SKU006,2024-10-28,40,324241.6,8106.04,1,Product 006,Furniture,Shelf,2024-08-02,6021.91,8106.04,2084.13,1,Autumn,1,2024-10-01,307,213,3,124,174,2034304.8,27,29.0,37.0,47.0,,37.75
SKU006,2024-11-04,40,324241.6,8106.04,1,Product 006,Furniture,Shelf,2024-08-02,6021.91,8106.04,2084.13,0,Autumn,1,2024-11-01,310,87,14,110,314,2054184.0,3,40.0,29.0,38.0,,36.0
SKU006,2024-11-11,28,226969.12,8106.04,1,Product 006,Furniture,Shelf,2024-08-02,6021.91,8106.04,2084.13,0,Autumn,1,2024-11-01,310,87,14,110,314,2054184.0,10,40.0,40.0,37.0,,36.5
SKU006,2024-11-18,41,332347.64,8106.04,1,Product 006,Furniture,Shelf,2024-08-02,6021.91,8106.04,2084.13,0,Autumn,1,2024-11-01,310,87,14,110,314,2054184.0,17,28.0,40.0,29.0,,34.25
SKU006,2024-11-25,44,356665.76,8106.04,1,Product 006,Furniture,Shelf,2024-08-02,6021.91,8106.04,2084.13,0,Autumn,1,2024-11-01,310,87,14,110,314,2054184.0,24,41.0,28.0,40.0,,37.25
SKU006,2024-12-02,44,356665.76,8106.04,0,Product 006,Furniture,Shelf,2024-08-02,6021.91,8106.04,2084.13,0,Winter,0,2024-12-01,329,75,4,94,162,2180085.6,1,44.0,41.0,40.0,,38.25
SKU006,2024-12-09,34,275605.36,8106.04,0,Product 006,Furniture,Shelf,2024-08-02,6021.91,8106.04,2084.13,0,Winter,0,2024-12-01,329,75,4,94,162,2180085.6,8,44.0,44.0,28.0,,39.25
SKU006,2024-12-16,44,356665.76,8106.04,0,Product 006,Furniture,Shelf,2024-08-02,6021.91,8106.04,2084.13,0,Winter,0,2024-12-01,329,75,4,94,162,2180085.6,15,34.0,44.0,41.0,,40.75
SKU006,2024-12-23,48,389089.92,8106.04,0,Product 006,Furniture,Shelf,2024-08-02,6021.91,8106.04,2084.13,1,Winter,0,2024-12-01,329,75,4,94,162,2180085.6,22,44.0,34.0,44.0,,41.5
SKU006,2024-12-30,45,364771.8,8106.04,0,Product 006,Furniture,Shelf,2024-08-02,6021.91,8106.04,2084.13,0,Winter,0,2024-12-01,329,75,4,94,162,2180085.6,29,48.0,44.0,44.0,38.0,42.5
SKU006,2025-01-06,50,405302.0,8106.04,0,Product 006,Furniture,Shelf,2024-08-02,6021.91,8106.04,2084.13,0,Winter,0,2025-01-01,336,515,11,96,262,2226470.4,5,45.0,48.0,34.0,34.0,42.75
SKU006,2025-01-13,46,372877.83999999997,8106.04,0,Product 006,Furniture,Shelf,2024-08-02,6021.91,8106.04,2084.13,0,Winter,0,2025-01-01,336,515,11,96,262,2226470.4,12,50.0,45.0,44.0,43.0,46.75
SKU006,2025-01-20,51,413408.04,8106.04,0,Product 006,Furniture,Shelf,2024-08-02,6021.91,8106.04,2084.13,1,Winter,0,2025-01-01,336,515,11,96,262,2226470.4,19,46.0,50.0,48.0,39.0,47.25
SKU006,2025-01-27,47,380983.88,8106.04,0,Product 006,Furniture,Shelf,2024-08-02,6021.91,8106.04,2084.13,0,Winter,0,2025-01-01,336,515,11,96,262,2226470.4,26,51.0,46.0,45.0,49.0,48.0
SKU006,2025-02-03,46,372877.83999999997,8106.04,0,Product 006,Furniture,Shelf,2024-08-02,6021.91,8106.04,2084.13,0,Winter,0,2025-02-01,293,365,11,85,275,1941535.2,2,47.0,51.0,50.0,50.0,48.5
SKU006,2025-02-10,45,364771.8,8106.04,0,Product 006,Furniture,Shelf,2024-08-02,6021.91,8106.04,2084.13,0,Winter,0,2025-02-01,293,365,11,85,275,1941535.2,9,46.0,47.0,46.0,52.0,47.5
SKU006,2025-02-17,51,413408.04,8106.04,0,Product 006,Furniture,Shelf,2024-08-02,6021.91,8106.04,2084.13,0,Winter,0,2025-02-01,293,365,11,85,275,1941535.2,16,45.0,46.0,51.0,50.0,47.25
SKU006,2025-02-24,57,462044.28,8106.04,1,Product 006,Furniture,Shelf,2024-08-02,6021.91,8106.04,2084.13,0,Winter,1,2025-02-01,293,365,11,85,275,1941535.2,23,51.0,45.0,47.0,56.0,47.25
SKU006,2025-03-03,58,470150.31999999995,8106.04,1,Product 006,Furniture,Shelf,2024-08-02,6021.91,8106.04,2084.13,0,Spring,1,2025-03-01,255,628,13,111,346,1689732.0,2,57.0,51.0,46.0,76.0,49.75
SKU006,2025-03-10,66,534998.64,8106.04,1,Product 006,Furniture,Shelf,2024-08-02,6021.91,8106.04,2084.13,0,Spring,1,2025-03-01,255,628,13,111,346,1689732.0,9,58.0,57.0,45.0,50.0,52.75
SKU006,2025-03-17,42,340453.68,8106.04,1,Product 006,Furniture,Shelf,2024-08-02,6021.91,8106.04,2084.13,0,Spring,1,2025-03-01,255,628,13,111,346,1689732.0,16,66.0,58.0,51.0,55.0,58.0
SKU006,2025-03-24,55,445832.2,8106.04,1,Product 006,Furniture,Shelf,2024-08-02,6021.91,8106.04,2084.13,0,Spring,1,2025-03-01,255,628,13,111,346,1689732.0,23,42.0,66.0,57.0,53.0,55.75
SKU006,2025-03-31,56,453938.24,8106.04,0,Product 006,Furniture,Shelf,2024-08-02,6021.91,8106.04,2084.13,0,Spring,0,2025-03-01,255,628,13,111,346,1689732.0,30,55.0,42.0,58.0,68.0,55.25
SKU006,2025-04-07,53,429620.12,8106.04,0,Product 006,Furniture,Shelf,2024-08-02,6021.91,8106.04,2084.13,0,Spring,0,2025-04-01,460,692,13,113,404,3048144.0,6,56.0,55.0,66.0,61.0,54.75
SKU006,2025-04-14,46,372877.84,8106.04,0,Product 006,Furniture,Shelf,2024-08-02,6021.91,8106.04,2084.13,0,Spring,0,2025-04-01,460,692,13,113,404,3048144.0,13,53.0,56.0,42.0,54.0,51.5
SKU006,2025-04-21,67,543104.6799999999,8106.04,0,Product 006,Furniture,Shelf,2024-08-02,6021.91,8106.04,2084.13,0,Spring,0,2025-04-01,460,692,13,113,404,3048144.0,20,46.0,53.0,55.0,44.0,52.5
SKU006,2025-04-28,44,356665.76,8106.04,0,Product 006,Furniture,Shelf,2024-08-02,6021.91,8106.04,2084.13,0,Spring,0,2025-04-01,460,692,13,113,404,3048144.0,27,67.0,46.0,56.0,54.0,55.5
SKU006,2025-05-05,66,534998.64,8106.04,0,Product 006,Furniture,Shelf,2024-08-02,6021.91,8106.04,2084.13,0,Summer,0,2025-05-01,742,7,4,104,190,4916788.8,4,44.0,67.0,53.0,45.0,52.5
SKU006,2025-05-12,55,445832.2,8106.04,0,Product 006,Furniture,Shelf,2024-08-02,6021.91,8106.04,2084.13,0,Summer,0,2025-05-01,742,7,4,104,190,4916788.8,11,66.0,44.0,46.0,52.0,55.75
SKU006,2025-05-19,51,413408.04,8106.04,0,Product 006,Furniture,Shelf,2024-08-02,6021.91,8106.04,2084.13,0,Summer,0,2025-05-01,742,7,4,104,190,4916788.8,18,55.0,66.0,67.0,58.0,58.0
SKU006,2025-05-26,50,405302.0,8106.04,1,Product 006,Furniture,Shelf,2024-08-02,6021.91,8106.04,2084.13,0,Summer,1,2025-05-01,742,7,4,104,190,4916788.8,25,51.0,55.0,44.0,46.0,54.0
SKU006,2025-06-02,57,462044.27999999997,8106.04,1,Product 006,Furniture,Shelf,2024-08-02,6021.91,8106.04,2084.13,0,Summer,1,2025-06-01,509,111,8,174,349,3372837.6,1,50.0,51.0,66.0,33.0,55.5
SKU006,2025-06-09,64,518786.56,8106.04,1,Product 006,Furniture,Shelf,2024-08-02,6021.91,8106.04,2084.13,0,Summer,1,2025-06-01,509,111,8,174,349,3372837.6,8,57.0,50.0,55.0,41.0,53.25
SKU006,2025-06-16,42,340453.68,8106.04,1,Product 006,Furniture,Shelf,2024-08-02,6021.91,8106.04,2084.13,0,Summer,1,2025-06-01,509,111,8,174,349,3372837.6,15,64.0,57.0,51.0,42.0,55.5
SKU006,2025-06-23,54,437726.16,8106.04,1,Product 006,Furniture,Shelf,2024-08-02,6021.91,8106.04,2084.13,0,Summer,1,2025-06-01,509,111,8,174,349,3372837.6,22,42.0,64.0,50.0,59.0,53.25
SKU006,2025-06-30,41,332347.64,8106.04,0,Product 006,Furniture,Shelf,2024-08-02,6021.91,8106.04,2084.13,0,Summer,0,2025-06-01,509,111,8,174,349,3372837.6,29,54.0,42.0,57.0,54.0,54.25
SKU006,2025-07-07,31,251287.24,8106.04,0,Product 006,Furniture,Shelf,2024-08-02,6021.91,8106.04,2084.13,0,Monsoon,0,2025-07-01,428,321,14,101,400,2836099.2,6,41.0,54.0,64.0,42.0,50.25
SKU006,2025-07-14,45,364771.8,8106.04,0,Product 006,Furniture,Shelf,2024-08-02,6021.91,8106.04,2084.13,0,Monsoon,0,2025-07-01,428,321,14,101,400,2836099.2,13,31.0,41.0,42.0,47.0,42.0
SKU006,2025-07-21,43,348559.72,8106.04,0,Product 006,Furniture,Shelf,2024-08-02,6021.91,8106.04,2084.13,0,Monsoon,0,2025-07-01,428,321,14,101,400,2836099.2,20,45.0,31.0,54.0,48.0,42.75
SKU006,2025-07-28,49,397195.95999999996,8106.04,0,Product 006,Furniture,Shelf,2024-08-02,6021.91,8106.04,2084.13,0,Monsoon,0,2025-07-01,428,321,14,101,400,2836099.2,27,43.0,45.0,41.0,45.0,40.0
SKU006,2025-08-04,46,372877.83999999997,8106.04,0,Product 006,Furniture,Shelf,2024-08-02,6021.91,8106.04,2084.13,0,Monsoon,0,2025-08-01,345,403,10,125,301,2286108.0,3,49.0,43.0,31.0,25.0,42.0
SKU006,2025-08-11,38,308029.51999999996,8106.04,0,Product 006,Furniture,Shelf,2024-08-02,6021.91,8106.04,2084.13,1,Monsoon,0,2025-08-01,345,403,10,125,301,2286108.0,10,46.0,49.0,45.0,39.0,45.75
SKU006,2025-08-18,42,340453.68,8106.04,0,Product 006,Furniture,Shelf,2024-08-02,6021.91,8106.04,2084.13,0,Monsoon,0,2025-08-01,345,403,10,125,301,2286108.0,17,38.0,46.0,43.0,34.0,44.0
SKU006,2025-08-25,36,291817.44,8106.04,0,Product 006,Furniture,Shelf,2024-08-02,6021.91,8106.04,2084.13,0,Monsoon,0,2025-08-01,345,403,10,125,301,2286108.0,24,42.0,38.0,49.0,55.0,43.75
SKU006,2025-09-01,43,348559.72,8106.04,1,Product 006,Furniture,Shelf,2024-08-02,6021.91,8106.04,2084.13,0,Monsoon,1,2025-09-01,193,243,3,106,154,1278895.2,0,36.0,42.0,46.0,33.0,40.5
SKU006,2025-09-08,40,324241.6,8106.04,1,Product 006,Furniture,Shelf,2024-08-02,6021.91,8106.04,2084.13,0,Monsoon,1,2025-09-01,193,243,3,106,154,1278895.2,7,43.0,36.0,38.0,38.0,39.75
SKU006,2025-09-15,45,364771.8,8106.04,1,Product 006,Furniture,Shelf,2024-08-02,6021.91,8106.04,2084.13,0,Monsoon,1,2025-09-01,193,243,3,106,154,1278895.2,14,40.0,43.0,42.0,42.0,40.25
SKU006,2025-09-22,48,389089.92,8106.04,1,Product 006,Furniture,Shelf,2024-08-02,6021.91,8106.04,2084.13,0,Monsoon,1,2025-09-01,193,243,3,106,154,1278895.2,21,45.0,40.0,36.0,40.0,41.0
SKU006,2025-09-29,43,348559.72,8106.04,0,Product 006,Furniture,Shelf,2024-08-02,6021.91,8106.04,2084.13,0,Monsoon,0,2025-09-01,193,243,3,106,154,1278895.2,28,48.0,45.0,43.0,47.0,44.0
SKU006,2025-10-06,38,308029.52,8106.04,0,Product 006,Furniture,Shelf,2024-08-02,6021.91,8106.04,2084.13,0,Autumn,0,2025-10-01,232,418,11,65,241,1537324.8,5,43.0,48.0,40.0,38.0,44.0
SKU006,2025-10-13,29,235075.15999999997,8106.04,0,Product 006,Furniture,Shelf,2024-08-02,6021.91,8106.04,2084.13,0,Autumn,0,2025-10-01,232,418,11,65,241,1537324.8,12,38.0,43.0,45.0,37.0,43.5
SKU006,2025-10-20,34,275605.36,8106.04,0,Product 006,Furniture,Shelf,2024-08-02,6021.91,8106.04,2084.13,1,Autumn,0,2025-10-01,232,418,11,65,241,1537324.8,19,29.0,38.0,48.0,29.0,39.5
SKU006,2025-10-27,36,291817.44,8106.04,1,Product 006,Furniture,Shelf,2024-08-02,6021.91,8106.04,2084.13,0,Autumn,1,2025-10-01,232,418,11,65,241,1537324.8,26,34.0,29.0,43.0,40.0,36.0
SKU006,2025-11-03,39,316135.56,8106.04,1,Product 006,Furniture,Shelf,2024-08-02,6021.91,8106.04,2084.13,0,Autumn,1,2025-11-01,245,30,14,87,297,1623468.0,2,36.0,34.0,38.0,40.0,34.25
SKU006,2025-11-10,31,251287.24,8106.04,1,Product 006,Furniture,Shelf,2024-08-02,6021.91,8106.04,2084.13,0,Autumn,1,2025-11-01,245,30,14,87,297,1623468.0,9,39.0,36.0,29.0,28.0,34.5
SKU006,2025-11-17,45,364771.8,8106.04,1,Product 006,Furniture,Shelf,2024-08-02,6021.91,8106.04,2084.13,0,Autumn,1,2025-11-01,245,30,14,87,297,1623468.0,16,31.0,39.0,34.0,41.0,35.0
SKU006,2025-11-24,40,324241.6,8106.04,1,Product 006,Furniture,Shelf,2024-08-02,6021.91,8106.04,2084.13,0,Autumn,1,2025-11-01,245,30,14,87,297,1623468.0,23,45.0,31.0,36.0,44.0,37.75
SKU006,2025-12-01,37,299923.48,8106.04,0,Product 006,Furniture,Shelf,2024-08-02,6021.91,8106.04,2084.13,0,Winter,0,2025-12-01,359,485,13,129,340,2378877.6,0,40.0,45.0,39.0,44.0,38.75
SKU006,2025-12-08,41,332347.64,8106.04,0,Product 006,Furniture,Shelf,2024-08-02,6021.91,8106.04,2084.13,0,Winter,0,2025-12-01,359,485,13,129,340,2378877.6,7,37.0,40.0,31.0,34.0,38.25
SKU006,2025-12-15,41,332347.64,8106.04,0,Product 006,Furniture,Shelf,2024-08-02,6021.91,8106.04,2084.13,0,Winter,0,2025-12-01,359,485,13,129,340,2378877.6,14,41.0,37.0,45.0,44.0,40.75
SKU006,2025-12-22,43,348559.72,8106.04,0,Product 006,Furniture,Shelf,2024-08-02,6021.91,8106.04,2084.13,1,Winter,0,2025-12-01,359,485,13,129,340,2378877.6,21,41.0,41.0,40.0,48.0,39.75
SKU007,2024-01-01,172,879623.48,5114.090000000001,0,Product 007,Home Decor,Cabinet,2022-04-05,7748.2,5114.09,-2634.11,0,Winter,0,2024-01-01,12,2,3,7,10,54576.36,0,,,,,
SKU007,2024-01-08,178,910308.02,5114.090000000001,0,Product 007,Home Decor,Cabinet,2022-04-05,7748.2,5114.09,-2634.11,0,Winter,0,2024-01-01,12,2,3,7,10,54576.36,7,172.0,,,,
SKU007,2024-01-15,189,966563.01,5114.090000000001,0,Product 007,Home Decor,Cabinet,2022-04-05,7748.2,5114.09,-2634.11,0,Winter,0,2024-01-01,12,2,3,7,10,54576.36,14,178.0,172.0,,,
SKU007,2024-01-22,176,900079.84,5114.090000000001,0,Product 007,Home Decor,Cabinet,2022-04-05,7748.2,5114.09,-2634.11,1,Winter,0,2024-01-01,12,2,3,7,10,54576.36,21,189.0,178.0,,,
SKU007,2024-01-29,171,874509.39,5114.090000000001,0,Product 007,Home Decor,Cabinet,2022-04-05,7748.2,5114.09,-2634.11,0,Winter,0,2024-01-01,12,2,3,7,10,54576.36,28,176.0,189.0,172.0,,178.75
SKU007,2024-02-05,163,833596.6699999999,5114.090000000001,0,Product 007,Home Decor,Cabinet,2022-04-05,7748.2,5114.09,-2634.11,0,Winter,0,2024-02-01,282,685,13,143,390,1282544.46,4,171.0,176.0,178.0,,178.5
SKU007,2024-02-12,195,997247.55,5114.090000000001,0,Product 007,Home Decor,Cabinet,2022-04-05,7748.2,5114.09,-2634.11,0,Winter,0,2024-02-01,282,685,13,143,390,1282544.46,11,163.0,171.0,189.0,,174.75
SKU007,2024-02-19,173,884737.57,5114.090000000001,0,Product 007,Home Decor,Cabinet,2022-04-05,7748.2,5114.09,-2634.11,0,Winter,0,2024-02-01,282,685,13,143,390,1282544.46,18,195.0,163.0,176.0,,176.25
SKU007,2024-02-26,201,1027932.09,5114.090000000001,1,Product 007,Home Decor,Cabinet,2022-04-05,7748.2,5114.09,-2634.11,0,Winter,1,2024-02-01,282,685,13,143,390,1282544.46,25,173.0,195.0,171.0,,175.5
SKU007,2024-03-04,195,997247.55,5114.090000000001,1,Product 007,Home Decor,Cabinet,2022-04-05,7748.2,5114.09,-2634.11,0,Spring,1,2024-03-01,565,231,11,97,310,2569636.95,3,201.0,173.0,163.0,,183.0
SKU007,2024-03-11,212,1084187.08,5114.090000000001,1,Product 007,Home Decor,Cabinet,2022-04-05,7748.2,5114.09,-2634.11,0,Spring,1,2024-03-01,565,231,11,97,310,2569636.95,10,195.0,201.0,195.0,,191.0
SKU007,2024-03-18,223,1140442.07,5114.090000000001,1,Product 007,Home Decor,Cabinet,2022-04-05,7748.2,5114.09,-2634.11,0,Spring,1,2024-03-01,565,231,11,97,310,2569636.95,17,212.0,195.0,173.0,,195.25
SKU007,2024-03-25,192,981905.28,5114.090000000001,1,Product 007,Home Decor,Cabinet,2022-04-05,7748.2,5114.09,-2634.11,0,Spring,1,2024-03-01,565,231,11,97,310,2569636.95,24,223.0,212.0,201.0,,207.75
SKU007,2024-04-01,199,1017703.91,5114.090000000001,0,Product 007,Home Decor,Cabinet,2022-04-05,7748.2,5114.09,-2634.11,0,Spring,0,2024-04-01,445,303,4,121,214,2023873.35,0,192.0,223.0,195.0,,205.5
SKU007,2024-04-08,222,1135327.98,5114.090000000001,0,Product 007,Home Decor,Cabinet,2022-04-05,7748.2,5114.09,-2634.11,0,Spring,0,2024-04-01,445,303,4,121,214,2023873.35,7,199.0,192.0,212.0,,206.5
SKU007,2024-04-15,199,1017703.91,5114.090000000001,0,Product 007,Home Decor,Cabinet,2022-04-05,7748.2,5114.09,-2634.11,0,Spring,0,2024-04-01,445,303,4,121,214,2023873.35,14,222.0,199.0,223.0,,209.0
SKU007,2024-04-22,198,1012589.8200000001,5114.090000000001,0,Product 007,Home Decor,Cabinet,2022-04-05,7748.2,5114.09,-2634.11,0,Spring,0,2024-04-01,445,303,4,121,214,2023873.35,21,199.0,222.0,192.0,,203.0
SKU007,2024-04-29,188,961448.9199999999,5114.090000000001,0,Product 007,Home Decor,Cabinet,2022-04-05,7748.2,5114.09,-2634.11,0,Spring,0,2024-04-01,445,303,4,121,214,2023873.35,28,198.0,199.0,199.0,,204.5
SKU007,2024-05-06,174,889851.66,5114.090000000001,0,Product 007,Home Decor,Cabinet,2022-04-05,7748.2,5114.09,-2634.11,0,Summer,0,2024-05-01,555,166,11,78,305,2524156.65,5,188.0,198.0,222.0,,201.75
SKU007,2024-05-13,184,940992.56,5114.090000000001,0,Product 007,Home Decor,Cabinet,2022-04-05,7748.2,5114.09,-2634.11,0,Summer,0,2024-05-01,555,166,11,78,305,2524156.65,12,174.0,188.0,199.0,,189.75
SKU007,2024-05-20,209,1068844.81,5114.090000000001,0,Product 007,Home Decor,Cabinet,2022-04-05,7748.2,5114.09,-2634.11,0,Summer,0,2024-05-01,555,166,11,78,305,2524156.65,19,184.0,174.0,198.0,,186.0
SKU007,2024-05-27,242,1237609.78,5114.090000000001,1,Product 007,Home Decor,Cabinet,2022-04-05,7748.2,5114.09,-2634.11,0,Summer,1,2024-05-01,555,166,11,78,305,2524156.65,26,209.0,184.0,188.0,,188.75
SKU007,2024-06-03,196,1002361.64,5114.090000000001,1,Product 007,Home Decor,Cabinet,2022-04-05,7748.2,5114.09,-2634.11,0,Summer,1,2024-06-01,591,729,13,81,367,2687885.73,2,242.0,209.0,174.0,,202.25
SKU007,2024-06-10,203,1038160.27,5114.090000000001,1,Product 007,Home Decor,Cabinet,2022-04-05,7748.2,5114.09,-2634.11,0,Summer,1,2024-06-01,591,729,13,81,367,2687885.73,9,196.0,242.0,184.0,,207.75
SKU007,2024-06-17,219,1119985.71,5114.090000000001,1,Product 007,Home Decor,Cabinet,2022-04-05,7748.2,5114.09,-2634.11,0,Summer,1,2024-06-01,591,729,13,81,367,2687885.73,16,203.0,196.0,209.0,,212.5
SKU007,2024-06-24,204,1043274.36,5114.090000000001,1,Product 007,Home Decor,Cabinet,2022-04-05,7748.2,5114.09,-2634.11,0,Summer,1,2024-06-01,591,729,13,81,367,2687885.73,23,219.0,203.0,242.0,,215.0
SKU007,2024-07-01,187,956334.83,5114.090000000001,0,Product 007,Home Decor,Cabinet,2022-04-05,7748.2,5114.09,-2634.11,0,Monsoon,0,2024-07-01,513,412,7,113,268,2333139.39,0,204.0,219.0,196.0,,205.5
SKU007,2024-07-08,179,915422.11,5114.090000000001,0,Product 007,Home Decor,Cabinet,2022-04-05,7748.2,5114.09,-2634.11,0,Monsoon,0,2024-07-01,513,412,7,113,268,2333139.39,7,187.0,204.0,203.0,,203.25
SKU007,2024-07-15,180,920536.2,5114.090000000001,0,Product 007,Home Decor,Cabinet,2022-04-05,7748.2,5114.09,-2634.11,0,Monsoon,0,2024-07-01,513,412,7,113,268,2333139.39,14,179.0,187.0,219.0,,197.25
SKU007,2024-07-22,172,879623.48,5114.090000000001,0,Product 007,Home Decor,Cabinet,2022-04-05,7748.2,5114.09,-2634.11,0,Monsoon,0,2024-07-01,513,412,7,113,268,2333139.39,21,180.0,179.0,204.0,,187.5
SKU007,2024-07-29,160,818254.4,5114.090000000001,0,Product 007,Home Decor,Cabinet,2022-04-05,7748.2,5114.09,-2634.11,0,Monsoon,0,2024-07-01,513,412,7,113,268,2333139.39,28,172.0,180.0,187.0,,179.5
SKU007,2024-08-05,141,721086.69,5114.090000000001,0,Product 007,Home Decor,Cabinet,2022-04-05,7748.2,5114.09,-2634.11,0,Monsoon,0,2024-08-01,527,99,10,148,339,2396811.81,4,160.0,172.0,179.0,,172.75
SKU007,2024-08-12,164,838710.76,5114.090000000001,0,Product 007,Home Decor,Cabinet,2022-04-05,7748.2,5114.09,-2634.11,1,Monsoon,0,2024-08-01,527,99,10,148,339,2396811.81,11,141.0,160.0,180.0,,163.25
SKU007,2024-08-19,160,818254.4,5114.090000000001,0,Product 007,Home Decor,Cabinet,2022-04-05,7748.2,5114.09,-2634.11,0,Monsoon,0,2024-08-01,527,99,10,148,339,2396811.81,18,164.0,141.0,172.0,,159.25
SKU007,2024-08-26,151,772227.59,5114.090000000001,1,Product 007,Home Decor,Cabinet,2022-04-05,7748.2,5114.09,-2634.11,0,Monsoon,1,2024-08-01,527,99,10,148,339,2396811.81,25,160.0,164.0,160.0,,156.25
SKU007,2024-09-02,157,802912.13,5114.090000000001,1,Product 007,Home Decor,Cabinet,2022-04-05,7748.2,5114.09,-2634.11,0,Monsoon,1,2024-09-01,296,417,9,118,279,1346216.88,1,151.0,160.0,141.0,,154.0
SKU007,2024-09-09,174,889851.6599999999,5114.090000000001,1,Product 007,Home Decor,Cabinet,2022-04-05,7748.2,5114.09,-2634.11,0,Monsoon,1,2024-09-01,296,417,9,118,279,1346216.88,8,157.0,151.0,164.0,,158.0
SKU007,2024-09-16,151,772227.59,5114.090000000001,1,Product 007,Home Decor,Cabinet,2022-04-05,7748.2,5114.09,-2634.11,0,Monsoon,1,2024-09-01,296,417,9,118,279,1346216.88,15,174.0,157.0,160.0,,160.5
SKU007,2024-09-23,170,869395.3,5114.090000000001,1,Product 007,Home Decor,Cabinet,2022-04-05,7748.2,5114.09,-2634.11,0,Monsoon,1,2024-09-01,296,417,9,118,279,1346216.88,22,151.0,174.0,151.0,,158.25
SKU007,2024-09-30,130,664831.7,5114.090000000001,0,Product 007,Home Decor,Cabinet,2022-04-05,7748.2,5114.09,-2634.11,0,Monsoon,0,2024-09-01,296,417,9,118,279,1346216.88,29,170.0,151.0,157.0,,163.0
SKU007,2024-10-07,123,629033.0700000001,5114.090000000001,0,Product 007,Home Decor,Cabinet,2022-04-05,7748.2,5114.09,-2634.11,0,Autumn,0,2024-10-01,290,85,6,121,227,1318928.7,6,130.0,170.0,174.0,,156.25
SKU007,2024-10-14,128,654603.52,5114.090000000001,0,Product 007,Home Decor,Cabinet,2022-04-05,7748.2,5114.09,-2634.11,0,Autumn,0,2024-10-01,290,85,6,121,227,1318928.7,13,123.0,130.0,151.0,,143.5
SKU007,2024-10-21,124,634147.16,5114.090000000001,0,Product 007,Home Decor,Cabinet,2022-04-05,7748.2,5114.09,-2634.11,0,Autumn,0,2024-10-01,290,85,6,121,227,1318928.7,20,128.0,123.0,170.0,,137.75
SKU007,2024-10-28,152,777341.6799999999,5114.090000000001,1,Product 007,Home Decor,Cabinet,2022-04-05,7748.2,5114.09,-2634.11,1,Autumn,1,2024-10-01,290,85,6,121,227,1318928.7,27,124.0,128.0,130.0,,126.25
SKU007,2024-11-04,172,879623.48,5114.090000000001,1,Product 007,Home Decor,Cabinet,2022-04-05,7748.2,5114.09,-2634.11,0,Autumn,1,2024-11-01,328,23,8,62,178,1491753.84,3,152.0,124.0,123.0,,131.75
SKU007,2024-11-11,159,813140.31,5114.090000000001,1,Product 007,Home Decor,Cabinet,2022-04-05,7748.2,5114.09,-2634.11,0,Autumn,1,2024-11-01,328,23,8,62,178,1491753.84,10,172.0,152.0,128.0,,144.0
SKU007,2024-11-18,167,854053.03,5114.090000000001,1,Product 007,Home Decor,Cabinet,2022-04-05,7748.2,5114.09,-2634.11,0,Autumn,1,2024-11-01,328,23,8,62,178,1491753.84,17,159.0,172.0,124.0,,151.75
SKU007,2024-11-25,132,675059.88,5114.090000000001,1,Product 007,Home Decor,Cabinet,2022-04-05,7748.2,5114.09,-2634.11,0,Autumn,1,2024-11-01,328,23,8,62,178,1491753.84,24,167.0,159.0,152.0,,162.5
SKU007,2024-12-02,148,756885.32,5114.090000000001,0,Product 007,Home Decor,Cabinet,2022-04-05,7748.2,5114.09,-2634.11,0,Winter,0,2024-12-01,454,91,3,136,189,2064805.62,1,132.0,167.0,172.0,,157.5
SKU007,2024-12-09,137,700630.3300000001,5114.090000000001,0,Product 007,Home Decor,Cabinet,2022-04-05,7748.2,5114.09,-2634.11,0,Winter,0,2024-12-01,454,91,3,136,189,2064805.62,8,148.0,132.0,159.0,,151.5
SKU007,2024-12-16,167,854053.03,5114.090000000001,0,Product 007,Home Decor,Cabinet,2022-04-05,7748.2,5114.09,-2634.11,0,Winter,0,2024-12-01,454,91,3,136,189,2064805.62,15,137.0,148.0,167.0,,146.0
SKU007,2024-12-23,147,751771.23,5114.090000000001,0,Product 007,Home Decor,Cabinet,2022-04-05,7748.2,5114.09,-2634.11,1,Winter,0,2024-12-01,454,91,3,136,189,2064805.62,22,167.0,137.0,132.0,,146.0
SKU007,2024-12-30,175,894965.75,5114.090000000001,0,Product 007,Home Decor,Cabinet,2022-04-05,7748.2,5114.09,-2634.11,0,Winter,0,2024-12-01,454,91,3,136,189,2064805.62,29,147.0,167.0,148.0,172.0,149.75
SKU007,2025-01-06,171,874509.3899999999,5114.090000000001,0,Product 007,Home Decor,Cabinet,2022-04-05,7748.2,5114.09,-2634.11,0,Winter,0,2025-01-01,504,223,3,70,122,2292207.12,5,175.0,147.0,137.0,178.0,156.5
SKU007,2025-01-13,156,797798.04,5114.090000000001,0,Product 007,Home Decor,Cabinet,2022-04-05,7748.2,5114.09,-2634.11,0,Winter,0,2025-01-01,504,223,3,70,122,2292207.12,12,171.0,175.0,167.0,189.0,165.0
SKU007,2025-01-20,179,915422.11,5114.090000000001,0,Product 007,Home Decor,Cabinet,2022-04-05,7748.2,5114.09,-2634.11,1,Winter,0,2025-01-01,504,223,3,70,122,2292207.12,19,156.0,171.0,147.0,176.0,162.25
SKU007,2025-01-27,178,910308.02,5114.090000000001,0,Product 007,Home Decor,Cabinet,2022-04-05,7748.2,5114.09,-2634.11,0,Winter,0,2025-01-01,504,223,3,70,122,2292207.12,26,179.0,156.0,175.0,171.0,170.25
SKU007,2025-02-03,179,915422.11,5114.090000000001,0,Product 007,Home Decor,Cabinet,2022-04-05,7748.2,5114.09,-2634.11,0,Winter,0,2025-02-01,320,5,9,70,227,1455369.6,2,178.0,179.0,171.0,163.0,171.0
SKU007,2025-02-10,171,874509.39,5114.090000000001,0,Product 007,Home Decor,Cabinet,2022-04-05,7748.2,5114.09,-2634.11,0,Winter,0,2025-02-01,320,5,9,70,227,1455369.6,9,179.0,178.0,156.0,195.0,173.0
SKU007,2025-02-17,171,874509.39,5114.090000000001,0,Product 007,Home Decor,Cabinet,2022-04-05,7748.2,5114.09,-2634.11,0,Winter,0,2025-02-01,320,5,9,70,227,1455369.6,16,171.0,179.0,179.0,173.0,176.75
SKU007,2025-02-24,189,966563.01,5114.090000000001,1,Product 007,Home Decor,Cabinet,2022-04-05,7748.2,5114.09,-2634.11,0,Winter,1,2025-02-01,320,5,9,70,227,1455369.6,23,171.0,171.0,178.0,201.0,174.75
SKU007,2025-03-03,217,1109757.53,5114.090000000001,1,Product 007,Home Decor,Cabinet,2022-04-05,7748.2,5114.09,-2634.11,0,Spring,1,2025-03-01,167,363,5,141,237,759521.01,2,189.0,171.0,179.0,195.0,177.5
SKU007,2025-03-10,191,976791.19,5114.090000000001,1,Product 007,Home Decor,Cabinet,2022-04-05,7748.2,5114.09,-2634.11,0,Spring,1,2025-03-01,167,363,5,141,237,759521.01,9,217.0,189.0,171.0,212.0,187.0
SKU007,2025-03-17,194,992133.46,5114.090000000001,1,Product 007,Home Decor,Cabinet,2022-04-05,7748.2,5114.09,-2634.11,0,Spring,1,2025-03-01,167,363,5,141,237,759521.01,16,191.0,217.0,171.0,223.0,192.0
SKU007,2025-03-24,208,1063730.72,5114.090000000001,1,Product 007,Home Decor,Cabinet,2022-04-05,7748.2,5114.09,-2634.11,0,Spring,1,2025-03-01,167,363,5,141,237,759521.01,23,194.0,191.0,189.0,192.0,197.75
SKU007,2025-03-31,201,1027932.09,5114.090000000001,0,Product 007,Home Decor,Cabinet,2022-04-05,7748.2,5114.09,-2634.11,0,Spring,0,2025-03-01,167,363,5,141,237,759521.01,30,208.0,194.0,217.0,199.0,202.5
SKU007,2025-04-07,194,992133.46,5114.090000000001,0,Product 007,Home Decor,Cabinet,2022-04-05,7748.2,5114.09,-2634.11,0,Spring,0,2025-04-01,335,202,9,85,291,1523590.05,6,201.0,208.0,191.0,222.0,198.5
SKU007,2025-04-14,200,1022818.0,5114.090000000001,0,Product 007,Home Decor,Cabinet,2022-04-05,7748.2,5114.09,-2634.11,0,Spring,0,2025-04-01,335,202,9,85,291,1523590.05,13,194.0,201.0,194.0,199.0,199.25
SKU007,2025-04-21,201,1027932.0900000001,5114.090000000001,0,Product 007,Home Decor,Cabinet,2022-04-05,7748.2,5114.09,-2634.11,0,Spring,0,2025-04-01,335,202,9,85,291,1523590.05,20,200.0,194.0,208.0,198.0,200.75
SKU007,2025-04-28,199,1017703.91,5114.090000000001,0,Product 007,Home Decor,Cabinet,2022-04-05,7748.2,5114.09,-2634.11,0,Spring,0,2025-04-01,335,202,9,85,291,1523590.05,27,201.0,200.0,201.0,188.0,199.0
SKU007,2025-05-05,168,859167.12,5114.090000000001,0,Product 007,Home Decor,Cabinet,2022-04-05,7748.2,5114.09,-2634.11,0,Summer,0,2025-05-01,574,782,12,167,439,2610569.22,4,199.0,201.0,194.0,174.0,198.5
SKU007,2025-05-12,180,920536.2,5114.090000000001,0,Product 007,Home Decor,Cabinet,2022-04-05,7748.2,5114.09,-2634.11,0,Summer,0,2025-05-01,574,782,12,167,439,2610569.22,11,168.0,199.0,200.0,184.0,192.0
SKU007,2025-05-19,203,1038160.27,5114.090000000001,0,Product 007,Home Decor,Cabinet,2022-04-05,7748.2,5114.09,-2634.11,0,Summer,0,2025-05-01,574,782,12,167,439,2610569.22,18,180.0,168.0,201.0,209.0,187.0
SKU007,2025-05-26,196,1002361.64,5114.090000000001,1,Product 007,Home Decor,Cabinet,2022-04-05,7748.2,5114.09,-2634.11,0,Summer,1,2025-05-01,574,782,12,167,439,2610569.22,25,203.0,180.0,199.0,242.0,187.5
SKU007,2025-06-02,185,946106.6499999999,5114.090000000001,1,Product 007,Home Decor,Cabinet,2022-04-05,7748.2,5114.09,-2634.11,0,Summer,1,2025-06-01,519,600,11,76,322,2360427.57,1,196.0,203.0,168.0,196.0,186.75
SKU007,2025-06-09,174,889851.6599999999,5114.090000000001,1,Product 007,Home Decor,Cabinet,2022-04-05,7748.2,5114.09,-2634.11,0,Summer,1,2025-06-01,519,600,11,76,322,2360427.57,8,185.0,196.0,180.0,203.0,191.0
SKU007,2025-06-16,187,956334.83,5114.090000000001,1,Product 007,Home Decor,Cabinet,2022-04-05,7748.2,5114.09,-2634.11,0,Summer,1,2025-06-01,519,600,11,76,322,2360427.57,15,174.0,185.0,203.0,219.0,189.5
SKU007,2025-06-23,212,1084187.08,5114.090000000001,1,Product 007,Home Decor,Cabinet,2022-04-05,7748.2,5114.09,-2634.11,0,Summer,1,2025-06-01,519,600,11,76,322,2360427.57,22,187.0,174.0,196.0,204.0,185.5
SKU007,2025-06-30,181,925650.29,5114.090000000001,0,Product 007,Home Decor,Cabinet,2022-04-05,7748.2,5114.09,-2634.11,0,Summer,0,2025-06-01,519,600,11,76,322,2360427.57,29,212.0,187.0,185.0,187.0,189.5
SKU007,2025-07-07,187,956334.83,5114.090000000001,0,Product 007,Home Decor,Cabinet,2022-04-05,7748.2,5114.09,-2634.11,0,Monsoon,0,2025-07-01,643,313,11,147,400,2924383.29,6,181.0,212.0,174.0,179.0,188.5
SKU007,2025-07-14,161,823368.49,5114.090000000001,0,Product 007,Home Decor,Cabinet,2022-04-05,7748.2,5114.09,-2634.11,0,Monsoon,0,2025-07-01,643,313,11,147,400,2924383.29,13,187.0,181.0,187.0,180.0,191.75
SKU007,2025-07-21,167,854053.03,5114.090000000001,0,Product 007,Home Decor,Cabinet,2022-04-05,7748.2,5114.09,-2634.11,0,Monsoon,0,2025-07-01,643,313,11,147,400,2924383.29,20,161.0,187.0,212.0,172.0,185.25
SKU007,2025-07-28,181,925650.29,5114.090000000001,0,Product 007,Home Decor,Cabinet,2022-04-05,7748.2,5114.09,-2634.11,0,Monsoon,0,2025-07-01,643,313,11,147,400,2924383.29,27,167.0,161.0,181.0,160.0,174.0
SKU007,2025-08-04,145,741543.05,5114.090000000001,0,Product 007,Home Decor,Cabinet,2022-04-05,7748.2,5114.09,-2634.11,0,Monsoon,0,2025-08-01,478,98,7,89,224,2173958.34,3,181.0,167.0,187.0,141.0,174.0
SKU007,2025-08-11,158,808026.22,5114.090000000001,0,Product 007,Home Decor,Cabinet,2022-04-05,7748.2,5114.09,-2634.11,1,Monsoon,0,2025-08-01,478,98,7,89,224,2173958.34,10,145.0,181.0,161.0,164.0,163.5
SKU007,2025-08-18,146,746657.1399999999,5114.090000000001,0,Product 007,Home Decor,Cabinet,2022-04-05,7748.2,5114.09,-2634.11,0,Monsoon,0,2025-08-01,478,98,7,89,224,2173958.34,17,158.0,145.0,167.0,160.0,162.75
SKU007,2025-08-25,170,869395.3,5114.090000000001,0,Product 007,Home Decor,Cabinet,2022-04-05,7748.2,5114.09,-2634.11,0,Monsoon,0,2025-08-01,478,98,7,89,224,2173958.34,24,146.0,158.0,181.0,151.0,157.5
SKU007,2025-09-01,152,777341.6799999999,5114.090000000001,1,Product 007,Home Decor,Cabinet,2022-04-05,7748.2,5114.09,-2634.11,0,Monsoon,1,2025-09-01,367,183,14,97,340,1669127.01,0,170.0,146.0,145.0,157.0,154.75
SKU007,2025-09-08,153,782455.77,5114.090000000001,1,Product 007,Home Decor,Cabinet,2022-04-05,7748.2,5114.09,-2634.11,0,Monsoon,1,2025-09-01,367,183,14,97,340,1669127.01,7,152.0,170.0,158.0,174.0,156.5
SKU007,2025-09-15,162,828482.58,5114.090000000001,1,Product 007,Home Decor,Cabinet,2022-04-05,7748.2,5114.09,-2634.11,0,Monsoon,1,2025-09-01,367,183,14,97,340,1669127.01,14,153.0,152.0,146.0,151.0,155.25
SKU007,2025-09-22,171,874509.39,5114.090000000001,1,Product 007,Home Decor,Cabinet,2022-04-05,7748.2,5114.09,-2634.11,0,Monsoon,1,2025-09-01,367,183,14,97,340,1669127.01,21,162.0,153.0,170.0,170.0,159.25
SKU007,2025-09-29,129,659717.61,5114.090000000001,0,Product 007,Home Decor,Cabinet,2022-04-05,7748.2,5114.09,-2634.11,0,Monsoon,0,2025-09-01,367,183,14,97,340,1669127.01,28,171.0,162.0,152.0,130.0,159.5
SKU007,2025-10-06,149,761999.41,5114.090000000001,0,Product 007,Home Decor,Cabinet,2022-04-05,7748.2,5114.09,-2634.11,0,Autumn,0,2025-10-01,526,185,4,63,133,2392263.78,5,129.0,171.0,153.0,123.0,153.75
SKU007,2025-10-13,158,808026.22,5114.090000000001,0,Product 007,Home Decor,Cabinet,2022-04-05,7748.2,5114.09,-2634.11,0,Autumn,0,2025-10-01,526,185,4,63,133,2392263.78,12,149.0,129.0,162.0,128.0,152.75
SKU007,2025-10-20,131,669945.79,5114.090000000001,0,Product 007,Home Decor,Cabinet,2022-04-05,7748.2,5114.09,-2634.11,1,Autumn,0,2025-10-01,526,185,4,63,133,2392263.78,19,158.0,149.0,171.0,124.0,151.75
SKU007,2025-10-27,152,777341.6799999999,5114.090000000001,1,Product 007,Home Decor,Cabinet,2022-04-05,7748.2,5114.09,-2634.11,0,Autumn,1,2025-10-01,526,185,4,63,133,2392263.78,26,131.0,158.0,129.0,152.0,141.75
SKU007,2025-11-03,142,726200.78,5114.090000000001,1,Product 007,Home Decor,Cabinet,2022-04-05,7748.2,5114.09,-2634.11,0,Autumn,1,2025-11-01,434,27,5,64,136,1973845.02,2,152.0,131.0,149.0,172.0,147.5
SKU007,2025-11-10,131,669945.79,5114.090000000001,1,Product 007,Home Decor,Cabinet,2022-04-05,7748.2,5114.09,-2634.11,0,Autumn,1,2025-11-01,434,27,5,64,136,1973845.02,9,142.0,152.0,158.0,159.0,145.75
SKU007,2025-11-17,157,802912.13,5114.090000000001,1,Product 007,Home Decor,Cabinet,2022-04-05,7748.2,5114.09,-2634.11,0,Autumn,1,2025-11-01,434,27,5,64,136,1973845.02,16,131.0,142.0,131.0,167.0,139.0
SKU007,2025-11-24,181,925650.29,5114.090000000001,1,Product 007,Home Decor,Cabinet,2022-04-05,7748.2,5114.09,-2634.11,0,Autumn,1,2025-11-01,434,27,5,64,136,1973845.02,23,157.0,131.0,152.0,132.0,145.5
SKU007,2025-12-01,145,741543.05,5114.090000000001,0,Product 007,Home Decor,Cabinet,2022-04-05,7748.2,5114.09,-2634.11,0,Winter,0,2025-12-01,207,460,8,98,237,941442.21,0,181.0,157.0,142.0,148.0,152.75
SKU007,2025-12-08,154,787569.86,5114.090000000001,0,Product 007,Home Decor,Cabinet,2022-04-05,7748.2,5114.09,-2634.11,0,Winter,0,2025-12-01,207,460,8,98,237,941442.21,7,145.0,181.0,131.0,137.0,153.5
SKU007,2025-12-15,149,761999.41,5114.090000000001,0,Product 007,Home Decor,Cabinet,2022-04-05,7748.2,5114.09,-2634.11,0,Winter,0,2025-12-01,207,460,8,98,237,941442.21,14,154.0,145.0,157.0,167.0,159.25
SKU007,2025-12-22,161,823368.49,5114.090000000001,0,Product 007,Home Decor,Cabinet,2022-04-05,7748.2,5114.09,-2634.11,1,Winter,0,2025-12-01,207,460,8,98,237,941442.21,21,149.0,154.0,181.0,147.0,157.25
SKU008,2024-01-01,119,1171274.16,9842.64,0,Product 008,Kitchen,Rug,2024-02-07,2775.15,9842.64,7067.49,0,Winter,0,2024-01-01,18,22,7,5,12,119954.52,0,,,,,
SKU008,2024-01-08,137,1348441.68,9842.64,0,Product 008,Kitchen,Rug,2024-02-07,2775.15,9842.64,7067.49,0,Winter,0,2024-01-01,18,22,7,5,12,119954.52,7,119.0,,,,
SKU008,2024-01-15,118,1161431.52,9842.64,0,Product 008,Kitchen,Rug,2024-02-07,2775.15,9842.64,7067.49,0,Winter,0,2024-01-01,18,22,7,5,12,119954.52,14,137.0,119.0,,,
SKU008,2024-01-22,108,1063005.12,9842.64,0,Product 008,Kitchen,Rug,2024-02-07,2775.15,9842.64,7067.49,1,Winter,0,2024-01-01,18,22,7,5,12,119954.52,21,118.0,137.0,,,
SKU008,2024-01-29,114,1122060.96,9842.64,0,Product 008,Kitchen,Rug,2024-02-07,2775.15,9842.64,7067.49,0,Winter,0,2024-01-01,18,22,7,5,12,119954.52,28,108.0,118.0,119.0,,120.5
SKU008,2024-02-05,113,1112218.32,9842.64,0,Product 008,Kitchen,Rug,2024-02-07,2775.15,9842.64,7067.49,0,Winter,0,2024-02-01,186,157,10,128,376,1239530.04,4,114.0,108.0,137.0,,119.25
SKU008,2024-02-12,107,1053162.48,9842.64,0,Product 008,Kitchen,Rug,2024-02-07,2775.15,9842.64,7067.49,0,Winter,0,2024-02-01,186,157,10,128,376,1239530.04,11,113.0,114.0,118.0,,113.25
SKU008,2024-02-19,118,1161431.52,9842.64,0,Product 008,Kitchen,Rug,2024-02-07,2775.15,9842.64,7067.49,0,Winter,0,2024-02-01,186,157,10,128,376,1239530.04,18,107.0,113.0,108.0,,110.5
SKU008,2024-02-26,131,1289385.84,9842.64,1,Product 008,Kitchen,Rug,2024-02-07,2775.15,9842.64,7067.49,0,Winter,1,2024-02-01,186,157,10,128,376,1239530.04,25,118.0,107.0,114.0,,113.0
SKU008,2024-03-04,132,1299228.48,9842.64,1,Product 008,Kitchen,Rug,2024-02-07,2775.15,9842.64,7067.49,0,Spring,1,2024-03-01,537,304,14,177,549,3578643.18,3,131.0,118.0,113.0,,117.25
SKU008,2024-03-11,147,1446868.08,9842.64,1,Product 008,Kitchen,Rug,2024-02-07,2775.15,9842.64,7067.49,0,Spring,1,2024-03-01,537,304,14,177,549,3578643.18,10,132.0,131.0,107.0,,122.0
SKU008,2024-03-18,144,1417340.16,9842.64,1,Product 008,Kitchen,Rug,2024-02-07,2775.15,9842.64,7067.49,0,Spring,1,2024-03-01,537,304,14,177,549,3578643.18,17,147.0,132.0,118.0,,132.0
SKU008,2024-03-25,128,1259857.92,9842.64,1,Product 008,Kitchen,Rug,2024-02-07,2775.15,9842.64,7067.49,0,Spring,1,2024-03-01,537,304,14,177,549,3578643.18,24,144.0,147.0,131.0,,138.5
SKU008,2024-04-01,128,1259857.92,9842.64,0,Product 008,Kitchen,Rug,2024-02-07,2775.15,9842.64,7067.49,0,Spring,0,2024-04-01,206,344,6,197,386,1372812.84,0,128.0,144.0,132.0,,137.75
SKU008,2024-04-08,128,1259857.92,9842.64,0,Product 008,Kitchen,Rug,2024-02-07,2775.15,9842.64,7067.49,0,Spring,0,2024-04-01,206,344,6,197,386,1372812.84,7,128.0,128.0,147.0,,136.75
SKU008,2024-04-15,139,1368126.96,9842.64,0,Product 008,Kitchen,Rug,2024-02-07,2775.15,9842.64,7067.49,0,Spring,0,2024-04-01,206,344,6,197,386,1372812.84,14,128.0,128.0,144.0,,132.0
SKU008,2024-04-22,134,1318913.76,9842.64,0,Product 008,Kitchen,Rug,2024-02-07,2775.15,9842.64,7067.49,0,Spring,0,2024-04-01,206,344,6,197,386,1372812.84,21,139.0,128.0,128.0,,130.75
SKU008,2024-04-29,139,1368126.96,9842.64,0,Product 008,Kitchen,Rug,2024-02-07,2775.15,9842.64,7067.49,0,Spring,0,2024-04-01,206,344,6,197,386,1372812.84,28,134.0,139.0,128.0,,132.25
SKU008,2024-05-06,131,1289385.8399999999,9842.64,0,Product 008,Kitchen,Rug,2024-02-07,2775.15,9842.64,7067.49,0,Summer,0,2024-05-01,915,574,8,111,342,6097688.1,5,139.0,134.0,128.0,,135.0
SKU008,2024-05-13,128,1259857.92,9842.64,0,Product 008,Kitchen,Rug,2024-02-07,2775.15,9842.64,7067.49,0,Summer,0,2024-05-01,915,574,8,111,342,6097688.1,12,131.0,139.0,139.0,,135.75
SKU008,2024-05-20,137,1348441.68,9842.64,0,Product 008,Kitchen,Rug,2024-02-07,2775.15,9842.64,7067.49,0,Summer,0,2024-05-01,915,574,8,111,342,6097688.1,19,128.0,131.0,134.0,,133.0
SKU008,2024-05-27,140,1377969.5999999999,9842.64,1,Product 008,Kitchen,Rug,2024-02-07,2775.15,9842.64,7067.49,0,Summer,1,2024-05-01,915,574,8,111,342,6097688.1,26,137.0,128.0,139.0,,133.75
SKU008,2024-06-03,125,1230330.0,9842.64,1,Product 008,Kitchen,Rug,2024-02-07,2775.15,9842.64,7067.49,0,Summer,1,2024-06-01,760,110,8,207,427,5064746.4,2,140.0,137.0,131.0,,134.0
SKU008,2024-06-10,106,1043319.84,9842.64,1,Product 008,Kitchen,Rug,2024-02-07,2775.15,9842.64,7067.49,0,Summer,1,2024-06-01,760,110,8,207,427,5064746.4,9,125.0,140.0,128.0,,132.5
SKU008,2024-06-17,134,1318913.76,9842.64,1,Product 008,Kitchen,Rug,2024-02-07,2775.15,9842.64,7067.49,0,Summer,1,2024-06-01,760,110,8,207,427,5064746.4,16,106.0,125.0,137.0,,127.0
SKU008,2024-06-24,144,1417340.1600000001,9842.64,1,Product 008,Kitchen,Rug,2024-02-07,2775.15,9842.64,7067.49,0,Summer,1,2024-06-01,760,110,8,207,427,5064746.4,23,134.0,106.0,140.0,,126.25
SKU008,2024-07-01,112,1102375.68,9842.64,0,Product 008,Kitchen,Rug,2024-02-07,2775.15,9842.64,7067.49,0,Monsoon,0,2024-07-01,307,127,4,132,251,2045890.98,0,144.0,134.0,125.0,,127.25
SKU008,2024-07-08,120,1181116.8,9842.64,0,Product 008,Kitchen,Rug,2024-02-07,2775.15,9842.64,7067.49,0,Monsoon,0,2024-07-01,307,127,4,132,251,2045890.98,7,112.0,144.0,106.0,,124.0
SKU008,2024-07-15,108,1063005.12,9842.64,0,Product 008,Kitchen,Rug,2024-02-07,2775.15,9842.64,7067.49,0,Monsoon,0,2024-07-01,307,127,4,132,251,2045890.98,14,120.0,112.0,134.0,,127.5
SKU008,2024-07-22,134,1318913.76,9842.64,0,Product 008,Kitchen,Rug,2024-02-07,2775.15,9842.64,7067.49,0,Monsoon,0,2024-07-01,307,127,4,132,251,2045890.98,21,108.0,120.0,144.0,,121.0
SKU008,2024-07-29,100,984264.0,9842.64,0,Product 008,Kitchen,Rug,2024-02-07,2775.15,9842.64,7067.49,0,Monsoon,0,2024-07-01,307,127,4,132,251,2045890.98,28,134.0,108.0,112.0,,118.5
SKU008,2024-08-05,97,954736.08,9842.64,0,Product 008,Kitchen,Rug,2024-02-07,2775.15,9842.64,7067.49,0,Monsoon,0,2024-08-01,700,612,14,123,498,4664898.0,4,100.0,134.0,120.0,,115.5
SKU008,2024-08-12,99,974421.36,9842.64,0,Product 008,Kitchen,Rug,2024-02-07,2775.15,9842.64,7067.49,1,Monsoon,0,2024-08-01,700,612,14,123,498,4664898.0,11,97.0,100.0,108.0,,109.75
SKU008,2024-08-19,113,1112218.32,9842.64,0,Product 008,Kitchen,Rug,2024-02-07,2775.15,9842.64,7067.49,0,Monsoon,0,2024-08-01,700,612,14,123,498,4664898.0,18,99.0,97.0,134.0,,107.5
SKU008,2024-08-26,107,1053162.48,9842.64,1,Product 008,Kitchen,Rug,2024-02-07,2775.15,9842.64,7067.49,0,Monsoon,1,2024-08-01,700,612,14,123,498,4664898.0,25,113.0,99.0,100.0,,102.25
SKU008,2024-09-02,115,1131903.6,9842.64,1,Product 008,Kitchen,Rug,2024-02-07,2775.15,9842.64,7067.49,0,Monsoon,1,2024-09-01,125,180,12,192,480,833017.5,1,107.0,113.0,97.0,,104.0
SKU008,2024-09-09,93,915365.52,9842.64,1,Product 008,Kitchen,Rug,2024-02-07,2775.15,9842.64,7067.49,0,Monsoon,1,2024-09-01,125,180,12,192,480,833017.5,8,115.0,107.0,99.0,,108.5
SKU008,2024-09-16,101,994106.64,9842.64,1,Product 008,Kitchen,Rug,2024-02-07,2775.15,9842.64,7067.49,0,Monsoon,1,2024-09-01,125,180,12,192,480,833017.5,15,93.0,115.0,113.0,,107.0
SKU008,2024-09-23,107,1053162.48,9842.64,1,Product 008,Kitchen,Rug,2024-02-07,2775.15,9842.64,7067.49,0,Monsoon,1,2024-09-01,125,180,12,192,480,833017.5,22,101.0,93.0,107.0,,104.0
SKU008,2024-09-30,89,875994.96,9842.64,0,Product 008,Kitchen,Rug,2024-02-07,2775.15,9842.64,7067.49,0,Monsoon,0,2024-09-01,125,180,12,192,480,833017.5,29,107.0,101.0,115.0,,104.0
SKU008,2024-10-07,80,787411.2,9842.64,0,Product 008,Kitchen,Rug,2024-02-07,2775.15,9842.64,7067.49,0,Autumn,0,2024-10-01,717,337,5,129,243,4778188.38,6,89.0,107.0,93.0,,97.5
SKU008,2024-10-14,71,698827.44,9842.64,0,Product 008,Kitchen,Rug,2024-02-07,2775.15,9842.64,7067.49,0,Autumn,0,2024-10-01,717,337,5,129,243,4778188.38,13,80.0,89.0,101.0,,94.25
SKU008,2024-10-21,97,954736.0800000001,9842.64,0,Product 008,Kitchen,Rug,2024-02-07,2775.15,9842.64,7067.49,0,Autumn,0,2024-10-01,717,337,5,129,243,4778188.38,20,71.0,80.0,107.0,,86.75
SKU008,2024-10-28,99,974421.36,9842.64,1,Product 008,Kitchen,Rug,2024-02-07,2775.15,9842.64,7067.49,1,Autumn,1,2024-10-01,717,337,5,129,243,4778188.38,27,97.0,71.0,89.0,,84.25
SKU008,2024-11-04,97,954736.08,9842.64,1,Product 008,Kitchen,Rug,2024-02-07,2775.15,9842.64,7067.49,0,Autumn,1,2024-11-01,347,395,13,103,371,2312456.58,3,99.0,97.0,80.0,,86.75
SKU008,2024-11-11,106,1043319.84,9842.64,1,Product 008,Kitchen,Rug,2024-02-07,2775.15,9842.64,7067.49,0,Autumn,1,2024-11-01,347,395,13,103,371,2312456.58,10,97.0,99.0,71.0,,91.0
SKU008,2024-11-18,88,866152.32,9842.64,1,Product 008,Kitchen,Rug,2024-02-07,2775.15,9842.64,7067.49,0,Autumn,1,2024-11-01,347,395,13,103,371,2312456.58,17,106.0,97.0,97.0,,99.75
SKU008,2024-11-25,108,1063005.12,9842.64,1,Product 008,Kitchen,Rug,2024-02-07,2775.15,9842.64,7067.49,0,Autumn,1,2024-11-01,347,395,13,103,371,2312456.58,24,88.0,106.0,99.0,,97.5
SKU008,2024-12-02,109,1072847.76,9842.64,0,Product 008,Kitchen,Rug,2024-02-07,2775.15,9842.64,7067.49,0,Winter,0,2024-12-01,417,445,8,86,271,2778946.38,1,108.0,88.0,97.0,,99.75
SKU008,2024-12-09,104,1023634.5599999999,9842.64,0,Product 008,Kitchen,Rug,2024-02-07,2775.15,9842.64,7067.49,0,Winter,0,2024-12-01,417,445,8,86,271,2778946.38,8,109.0,108.0,106.0,,102.75
SKU008,2024-12-16,82,807096.48,9842.64,0,Product 008,Kitchen,Rug,2024-02-07,2775.15,9842.64,7067.49,0,Winter,0,2024-12-01,417,445,8,86,271,2778946.38,15,104.0,109.0,88.0,,102.25
SKU008,2024-12-23,97,954736.0800000001,9842.64,0,Product 008,Kitchen,Rug,2024-02-07,2775.15,9842.64,7067.49,1,Winter,0,2024-12-01,417,445,8,86,271,2778946.38,22,82.0,104.0,108.0,,100.75
SKU008,2024-12-30,103,1013791.9199999999,9842.64,0,Product 008,Kitchen,Rug,2024-02-07,2775.15,9842.64,7067.49,0,Winter,0,2024-12-01,417,445,8,86,271,2778946.38,29,97.0,82.0,109.0,119.0,98.0
SKU008,2025-01-06,105,1033477.2,9842.64,0,Product 008,Kitchen,Rug,2024-02-07,2775.15,9842.64,7067.49,0,Winter,0,2025-01-01,706,294,10,167,393,4704882.84,5,103.0,97.0,104.0,137.0,96.5
SKU008,2025-01-13,111,1092533.04,9842.64,0,Product 008,Kitchen,Rug,2024-02-07,2775.15,9842.64,7067.49,0,Winter,0,2025-01-01,706,294,10,167,393,4704882.84,12,105.0,103.0,82.0,118.0,96.75
SKU008,2025-01-20,106,1043319.84,9842.64,0,Product 008,Kitchen,Rug,2024-02-07,2775.15,9842.64,7067.49,1,Winter,0,2025-01-01,706,294,10,167,393,4704882.84,19,111.0,105.0,97.0,108.0,104.0
SKU008,2025-01-27,121,1190959.44,9842.64,0,Product 008,Kitchen,Rug,2024-02-07,2775.15,9842.64,7067.49,0,Winter,0,2025-01-01,706,294,10,167,393,4704882.84,26,106.0,111.0,103.0,114.0,106.25
SKU008,2025-02-03,134,1318913.76,9842.64,0,Product 008,Kitchen,Rug,2024-02-07,2775.15,9842.64,7067.49,0,Winter,0,2025-02-01,450,314,14,80,447,2998863.0,2,121.0,106.0,105.0,113.0,110.75
SKU008,2025-02-10,122,1200802.08,9842.64,0,Product 008,Kitchen,Rug,2024-02-07,2775.15,9842.64,7067.49,0,Winter,0,2025-02-01,450,314,14,80,447,2998863.0,9,134.0,121.0,111.0,107.0,118.0
SKU008,2025-02-17,112,1102375.68,9842.64,0,Product 008,Kitchen,Rug,2024-02-07,2775.15,9842.64,7067.49,0,Winter,0,2025-02-01,450,314,14,80,447,2998863.0,16,122.0,134.0,106.0,118.0,120.75
SKU008,2025-02-24,138,1358284.32,9842.64,1,Product 008,Kitchen,Rug,2024-02-07,2775.15,9842.64,7067.49,0,Winter,1,2025-02-01,450,314,14,80,447,2998863.0,23,112.0,122.0,121.0,131.0,122.25
SKU008,2025-03-03,133,1309071.1199999999,9842.64,1,Product 008,Kitchen,Rug,2024-02-07,2775.15,9842.64,7067.49,0,Spring,1,2025-03-01,694,59,4,184,290,4624913.16,2,138.0,112.0,134.0,132.0,126.5
SKU008,2025-03-10,153,1505923.92,9842.64,1,Product 008,Kitchen,Rug,2024-02-07,2775.15,9842.64,7067.49,0,Spring,1,2025-03-01,694,59,4,184,290,4624913.16,9,133.0,138.0,122.0,147.0,126.25
SKU008,2025-03-17,139,1368126.96,9842.64,1,Product 008,Kitchen,Rug,2024-02-07,2775.15,9842.64,7067.49,0,Spring,1,2025-03-01,694,59,4,184,290,4624913.16,16,153.0,133.0,112.0,144.0,134.0
SKU008,2025-03-24,154,1515766.56,9842.64,1,Product 008,Kitchen,Rug,2024-02-07,2775.15,9842.64,7067.49,0,Spring,1,2025-03-01,694,59,4,184,290,4624913.16,23,139.0,153.0,138.0,128.0,140.75
SKU008,2025-03-31,146,1437025.44,9842.64,0,Product 008,Kitchen,Rug,2024-02-07,2775.15,9842.64,7067.49,0,Spring,0,2025-03-01,694,59,4,184,290,4624913.16,30,154.0,139.0,133.0,128.0,144.75
SKU008,2025-04-07,131,1289385.84,9842.64,0,Product 008,Kitchen,Rug,2024-02-07,2775.15,9842.64,7067.49,0,Spring,0,2025-04-01,256,427,3,151,244,1706019.84,6,146.0,154.0,153.0,128.0,148.0
SKU008,2025-04-14,138,1358284.32,9842.64,0,Product 008,Kitchen,Rug,2024-02-07,2775.15,9842.64,7067.49,0,Spring,0,2025-04-01,256,427,3,151,244,1706019.84,13,131.0,146.0,139.0,139.0,142.5
SKU008,2025-04-21,130,1279543.2,9842.64,0,Product 008,Kitchen,Rug,2024-02-07,2775.15,9842.64,7067.49,0,Spring,0,2025-04-01,256,427,3,151,244,1706019.84,20,138.0,131.0,154.0,134.0,142.25
SKU008,2025-04-28,127,1250015.28,9842.64,0,Product 008,Kitchen,Rug,2024-02-07,2775.15,9842.64,7067.49,0,Spring,0,2025-04-01,256,427,3,151,244,1706019.84,27,130.0,138.0,146.0,139.0,136.25
SKU008,2025-05-05,139,1368126.96,9842.64,0,Product 008,Kitchen,Rug,2024-02-07,2775.15,9842.64,7067.49,0,Summer,0,2025-05-01,563,577,12,173,523,3751910.82,4,127.0,130.0,131.0,131.0,131.5
SKU008,2025-05-12,121,1190959.44,9842.64,0,Product 008,Kitchen,Rug,2024-02-07,2775.15,9842.64,7067.49,0,Summer,0,2025-05-01,563,577,12,173,523,3751910.82,11,139.0,127.0,138.0,128.0,133.5
SKU008,2025-05-19,118,1161431.52,9842.64,0,Product 008,Kitchen,Rug,2024-02-07,2775.15,9842.64,7067.49,0,Summer,0,2025-05-01,563,577,12,173,523,3751910.82,18,121.0,139.0,130.0,137.0,129.25
SKU008,2025-05-26,135,1328756.4,9842.64,1,Product 008,Kitchen,Rug,2024-02-07,2775.15,9842.64,7067.49,0,Summer,1,2025-05-01,563,577,12,173,523,3751910.82,25,118.0,121.0,127.0,140.0,126.25
SKU008,2025-06-02,122,1200802.08,9842.64,1,Product 008,Kitchen,Rug,2024-02-07,2775.15,9842.64,7067.49,0,Summer,1,2025-06-01,903,398,4,148,264,6017718.42,1,135.0,118.0,139.0,125.0,128.25
SKU008,2025-06-09,136,1338599.04,9842.64,1,Product 008,Kitchen,Rug,2024-02-07,2775.15,9842.64,7067.49,0,Summer,1,2025-06-01,903,398,4,148,264,6017718.42,8,122.0,135.0,121.0,106.0,124.0
SKU008,2025-06-16,101,994106.6399999999,9842.64,1,Product 008,Kitchen,Rug,2024-02-07,2775.15,9842.64,7067.49,0,Summer,1,2025-06-01,903,398,4,148,264,6017718.42,15,136.0,122.0,118.0,134.0,127.75
SKU008,2025-06-23,118,1161431.52,9842.64,1,Product 008,Kitchen,Rug,2024-02-07,2775.15,9842.64,7067.49,0,Summer,1,2025-06-01,903,398,4,148,264,6017718.42,22,101.0,136.0,135.0,144.0,123.5
SKU008,2025-06-30,128,1259857.92,9842.64,0,Product 008,Kitchen,Rug,2024-02-07,2775.15,9842.64,7067.49,0,Summer,0,2025-06-01,903,398,4,148,264,6017718.42,29,118.0,101.0,122.0,112.0,119.25
SKU008,2025-07-07,109,1072847.76,9842.64,0,Product 008,Kitchen,Rug,2024-02-07,2775.15,9842.64,7067.49,0,Monsoon,0,2025-07-01,538,374,4,169,291,3585307.32,6,128.0,118.0,136.0,120.0,120.75
SKU008,2025-07-14,110,1082690.4,9842.64,0,Product 008,Kitchen,Rug,2024-02-07,2775.15,9842.64,7067.49,0,Monsoon,0,2025-07-01,538,374,4,169,291,3585307.32,13,109.0,128.0,101.0,108.0,114.0
SKU008,2025-07-21,105,1033477.2,9842.64,0,Product 008,Kitchen,Rug,2024-02-07,2775.15,9842.64,7067.49,0,Monsoon,0,2025-07-01,538,374,4,169,291,3585307.32,20,110.0,109.0,118.0,134.0,116.25
SKU008,2025-07-28,112,1102375.68,9842.64,0,Product 008,Kitchen,Rug,2024-02-07,2775.15,9842.64,7067.49,0,Monsoon,0,2025-07-01,538,374,4,169,291,3585307.32,27,105.0,110.0,128.0,100.0,113.0
SKU008,2025-08-04,101,994106.6399999999,9842.64,0,Product 008,Kitchen,Rug,2024-02-07,2775.15,9842.64,7067.49,0,Monsoon,0,2025-08-01,238,222,6,108,257,1586065.32,3,112.0,105.0,109.0,97.0,109.0
SKU008,2025-08-11,126,1240172.64,9842.64,0,Product 008,Kitchen,Rug,2024-02-07,2775.15,9842.64,7067.49,1,Monsoon,0,2025-08-01,238,222,6,108,257,1586065.32,10,101.0,112.0,110.0,99.0,107.0
SKU008,2025-08-18,89,875994.96,9842.64,0,Product 008,Kitchen,Rug,2024-02-07,2775.15,9842.64,7067.49,0,Monsoon,0,2025-08-01,238,222,6,108,257,1586065.32,17,126.0,101.0,105.0,113.0,111.0
SKU008,2025-08-25,101,994106.6399999999,9842.64,0,Product 008,Kitchen,Rug,2024-02-07,2775.15,9842.64,7067.49,0,Monsoon,0,2025-08-01,238,222,6,108,257,1586065.32,24,89.0,126.0,112.0,107.0,107.0
SKU008,2025-09-01,92,905522.88,9842.64,1,Product 008,Kitchen,Rug,2024-02-07,2775.15,9842.64,7067.49,0,Monsoon,1,2025-09-01,759,25,11,157,420,5058082.26,0,101.0,89.0,101.0,115.0,104.25
SKU008,2025-09-08,90,885837.6,9842.64,1,Product 008,Kitchen,Rug,2024-02-07,2775.15,9842.64,7067.49,0,Monsoon,1,2025-09-01,759,25,11,157,420,5058082.26,7,92.0,101.0,126.0,93.0,102.0
SKU008,2025-09-15,87,856309.6799999999,9842.64,1,Product 008,Kitchen,Rug,2024-02-07,2775.15,9842.64,7067.49,0,Monsoon,1,2025-09-01,759,25,11,157,420,5058082.26,14,90.0,92.0,89.0,101.0,93.0
SKU008,2025-09-22,93,915365.52,9842.64,1,Product 008,Kitchen,Rug,2024-02-07,2775.15,9842.64,7067.49,0,Monsoon,1,2025-09-01,759,25,11,157,420,5058082.26,21,87.0,90.0,101.0,107.0,92.5
SKU008,2025-09-29,98,964578.72,9842.64,0,Product 008,Kitchen,Rug,2024-02-07,2775.15,9842.64,7067.49,0,Monsoon,0,2025-09-01,759,25,11,157,420,5058082.26,28,93.0,87.0,92.0,89.0,90.5
SKU008,2025-10-06,88,866152.32,9842.64,0,Product 008,Kitchen,Rug,2024-02-07,2775.15,9842.64,7067.49,0,Autumn,0,2025-10-01,644,424,6,104,240,4291706.16,5,98.0,93.0,90.0,80.0,92.0
SKU008,2025-10-13,115,1131903.6,9842.64,0,Product 008,Kitchen,Rug,2024-02-07,2775.15,9842.64,7067.49,0,Autumn,0,2025-10-01,644,424,6,104,240,4291706.16,12,88.0,98.0,87.0,71.0,91.5
SKU008,2025-10-20,81,797253.84,9842.64,0,Product 008,Kitchen,Rug,2024-02-07,2775.15,9842.64,7067.49,1,Autumn,0,2025-10-01,644,424,6,104,240,4291706.16,19,115.0,88.0,93.0,97.0,98.5
SKU008,2025-10-27,100,984264.0,9842.64,1,Product 008,Kitchen,Rug,2024-02-07,2775.15,9842.64,7067.49,0,Autumn,1,2025-10-01,644,424,6,104,240,4291706.16,26,81.0,115.0,98.0,99.0,95.5
SKU008,2025-11-03,112,1102375.68,9842.64,1,Product 008,Kitchen,Rug,2024-02-07,2775.15,9842.64,7067.49,0,Autumn,1,2025-11-01,605,251,3,143,207,4031804.7,2,100.0,81.0,88.0,97.0,96.0
SKU008,2025-11-10,94,925208.1599999999,9842.64,1,Product 008,Kitchen,Rug,2024-02-07,2775.15,9842.64,7067.49,0,Autumn,1,2025-11-01,605,251,3,143,207,4031804.7,9,112.0,100.0,115.0,106.0,102.0
SKU008,2025-11-17,91,895680.24,9842.64,1,Product 008,Kitchen,Rug,2024-02-07,2775.15,9842.64,7067.49,0,Autumn,1,2025-11-01,605,251,3,143,207,4031804.7,16,94.0,112.0,81.0,88.0,96.75
SKU008,2025-11-24,117,1151588.8800000001,9842.64,1,Product 008,Kitchen,Rug,2024-02-07,2775.15,9842.64,7067.49,0,Autumn,1,2025-11-01,605,251,3,143,207,4031804.7,23,91.0,94.0,100.0,108.0,99.25
SKU008,2025-12-01,97,954736.08,9842.64,0,Product 008,Kitchen,Rug,2024-02-07,2775.15,9842.64,7067.49,0,Winter,0,2025-12-01,325,155,3,91,161,2165845.5,0,117.0,91.0,112.0,109.0,103.5
SKU008,2025-12-08,112,1102375.68,9842.64,0,Product 008,Kitchen,Rug,2024-02-07,2775.15,9842.64,7067.49,0,Winter,0,2025-12-01,325,155,3,91,161,2165845.5,7,97.0,117.0,94.0,104.0,99.75
SKU008,2025-12-15,100,984264.0,9842.64,0,Product 008,Kitchen,Rug,2024-02-07,2775.15,9842.64,7067.49,0,Winter,0,2025-12-01,325,155,3,91,161,2165845.5,14,112.0,97.0,91.0,82.0,104.25
SKU008,2025-12-22,105,1033477.2,9842.64,0,Product 008,Kitchen,Rug,2024-02-07,2775.15,9842.64,7067.49,1,Winter,0,2025-12-01,325,155,3,91,161,2165845.5,21,100.0,112.0,117.0,97.0,106.5
SKU009,2024-01-01,70,163582.3,2336.89,0,Product 009,Lighting,Organizer,2022-08-10,3121.06,2336.89,-784.17,0,Winter,0,2024-01-01,13,14,12,5,17,38968.54,0,,,,,
SKU009,2024-01-08,66,154234.74,2336.89,0,Product 009,Lighting,Organizer,2022-08-10,3121.06,2336.89,-784.17,0,Winter,0,2024-01-01,13,14,12,5,17,38968.54,7,70.0,,,,
SKU009,2024-01-15,73,170592.97,2336.89,0,Product 009,Lighting,Organizer,2022-08-10,3121.06,2336.89,-784.17,0,Winter,0,2024-01-01,13,14,12,5,17,38968.54,14,66.0,70.0,,,
SKU009,2024-01-22,80,186951.19999999998,2336.89,0,Product 009,Lighting,Organizer,2022-08-10,3121.06,2336.89,-784.17,1,Winter,0,2024-01-01,13,14,12,5,17,38968.54,21,73.0,66.0,,,
SKU009,2024-01-29,103,240699.66999999998,2336.89,0,Product 009,Lighting,Organizer,2022-08-10,3121.06,2336.89,-784.17,0,Winter,0,2024-01-01,13,14,12,5,17,38968.54,28,80.0,73.0,70.0,,72.25
SKU009,2024-02-05,85,198635.65,2336.89,0,Product 009,Lighting,Organizer,2022-08-10,3121.06,2336.89,-784.17,0,Winter,0,2024-02-01,94,252,14,72,218,281772.52,4,103.0,80.0,66.0,,80.5
SKU009,2024-02-12,79,184614.31,2336.89,0,Product 009,Lighting,Organizer,2022-08-10,3121.06,2336.89,-784.17,0,Winter,0,2024-02-01,94,252,14,72,218,281772.52,11,85.0,103.0,73.0,,85.25
SKU009,2024-02-19,80,186951.2,2336.89,0,Product 009,Lighting,Organizer,2022-08-10,3121.06,2336.89,-784.17,0,Winter,0,2024-02-01,94,252,14,72,218,281772.52,18,79.0,85.0,80.0,,86.75
SKU009,2024-02-26,92,214993.88,2336.89,1,Product 009,Lighting,Organizer,2022-08-10,3121.06,2336.89,-784.17,0,Winter,1,2024-02-01,94,252,14,72,218,281772.52,25,80.0,79.0,103.0,,86.75
SKU009,2024-03-04,86,200972.54,2336.89,1,Product 009,Lighting,Organizer,2022-08-10,3121.06,2336.89,-784.17,0,Spring,1,2024-03-01,317,104,5,49,105,950232.86,3,92.0,80.0,85.0,,84.0
SKU009,2024-03-11,101,236025.89,2336.89,1,Product 009,Lighting,Organizer,2022-08-10,3121.06,2336.89,-784.17,0,Spring,1,2024-03-01,317,104,5,49,105,950232.86,10,86.0,92.0,79.0,,84.25
SKU009,2024-03-18,95,222004.55,2336.89,1,Product 009,Lighting,Organizer,2022-08-10,3121.06,2336.89,-784.17,0,Spring,1,2024-03-01,317,104,5,49,105,950232.86,17,101.0,86.0,80.0,,89.75
SKU009,2024-03-25,88,205646.32,2336.89,1,Product 009,Lighting,Organizer,2022-08-10,3121.06,2336.89,-784.17,0,Spring,1,2024-03-01,317,104,5,49,105,950232.86,24,95.0,101.0,92.0,,93.5
SKU009,2024-04-01,82,191624.98,2336.89,0,Product 009,Lighting,Organizer,2022-08-10,3121.06,2336.89,-784.17,0,Spring,0,2024-04-01,92,586,14,110,311,275777.36,0,88.0,95.0,86.0,,92.5
SKU009,2024-04-08,106,247710.34,2336.89,0,Product 009,Lighting,Organizer,2022-08-10,3121.06,2336.89,-784.17,0,Spring,0,2024-04-01,92,586,14,110,311,275777.36,7,82.0,88.0,101.0,,91.5
SKU009,2024-04-15,100,233689.0,2336.89,0,Product 009,Lighting,Organizer,2022-08-10,3121.06,2336.89,-784.17,0,Spring,0,2024-04-01,92,586,14,110,311,275777.36,14,106.0,82.0,95.0,,92.75
SKU009,2024-04-22,104,243036.56,2336.89,0,Product 009,Lighting,Organizer,2022-08-10,3121.06,2336.89,-784.17,0,Spring,0,2024-04-01,92,586,14,110,311,275777.36,21,100.0,106.0,88.0,,94.0
SKU009,2024-04-29,80,186951.19999999998,2336.89,0,Product 009,Lighting,Organizer,2022-08-10,3121.06,2336.89,-784.17,0,Spring,0,2024-04-01,92,586,14,110,311,275777.36,28,104.0,100.0,82.0,,98.0
SKU009,2024-05-06,70,163582.3,2336.89,0,Product 009,Lighting,Organizer,2022-08-10,3121.06,2336.89,-784.17,0,Summer,0,2024-05-01,268,173,5,38,100,803351.44,5,80.0,104.0,106.0,,97.5
SKU009,2024-05-13,83,193961.87,2336.89,0,Product 009,Lighting,Organizer,2022-08-10,3121.06,2336.89,-784.17,0,Summer,0,2024-05-01,268,173,5,38,100,803351.44,12,70.0,80.0,100.0,,88.5
SKU009,2024-05-20,83,193961.87,2336.89,0,Product 009,Lighting,Organizer,2022-08-10,3121.06,2336.89,-784.17,0,Summer,0,2024-05-01,268,173,5,38,100,803351.44,19,83.0,70.0,104.0,,84.25
SKU009,2024-05-27,74,172929.86,2336.89,1,Product 009,Lighting,Organizer,2022-08-10,3121.06,2336.89,-784.17,0,Summer,1,2024-05-01,268,173,5,38,100,803351.44,26,83.0,83.0,80.0,,79.0
SKU009,2024-06-03,94,219667.66,2336.89,1,Product 009,Lighting,Organizer,2022-08-10,3121.06,2336.89,-784.17,0,Summer,1,2024-06-01,154,95,4,54,104,461627.32,2,74.0,83.0,70.0,,77.5
SKU009,2024-06-10,93,217330.77,2336.89,1,Product 009,Lighting,Organizer,2022-08-10,3121.06,2336.89,-784.17,0,Summer,1,2024-06-01,154,95,4,54,104,461627.32,9,94.0,74.0,83.0,,83.5
SKU009,2024-06-17,64,149560.96,2336.89,1,Product 009,Lighting,Organizer,2022-08-10,3121.06,2336.89,-784.17,0,Summer,1,2024-06-01,154,95,4,54,104,461627.32,16,93.0,94.0,83.0,,86.0
SKU009,2024-06-24,84,196298.76,2336.89,1,Product 009,Lighting,Organizer,2022-08-10,3121.06,2336.89,-784.17,0,Summer,1,2024-06-01,154,95,4,54,104,461627.32,23,64.0,93.0,74.0,,81.25
SKU009,2024-07-01,78,182277.41999999998,2336.89,0,Product 009,Lighting,Organizer,2022-08-10,3121.06,2336.89,-784.17,0,Monsoon,0,2024-07-01,232,211,3,71,106,695438.56,0,84.0,64.0,94.0,,83.75
SKU009,2024-07-08,63,147224.07,2336.89,0,Product 009,Lighting,Organizer,2022-08-10,3121.06,2336.89,-784.17,0,Monsoon,0,2024-07-01,232,211,3,71,106,695438.56,7,78.0,84.0,93.0,,79.75
SKU009,2024-07-15,85,198635.65,2336.89,0,Product 009,Lighting,Organizer,2022-08-10,3121.06,2336.89,-784.17,0,Monsoon,0,2024-07-01,232,211,3,71,106,695438.56,14,63.0,78.0,64.0,,72.25
SKU009,2024-07-22,82,191624.97999999998,2336.89,0,Product 009,Lighting,Organizer,2022-08-10,3121.06,2336.89,-784.17,0,Monsoon,0,2024-07-01,232,211,3,71,106,695438.56,21,85.0,63.0,84.0,,77.5
SKU009,2024-07-29,85,198635.65,2336.89,0,Product 009,Lighting,Organizer,2022-08-10,3121.06,2336.89,-784.17,0,Monsoon,0,2024-07-01,232,211,3,71,106,695438.56,28,82.0,85.0,78.0,,77.0
SKU009,2024-08-05,66,154234.74,2336.89,0,Product 009,Lighting,Organizer,2022-08-10,3121.06,2336.89,-784.17,0,Monsoon,0,2024-08-01,233,128,11,64,188,698436.14,4,85.0,82.0,63.0,,78.75
SKU009,2024-08-12,70,163582.3,2336.89,0,Product 009,Lighting,Organizer,2022-08-10,3121.06,2336.89,-784.17,1,Monsoon,0,2024-08-01,233,128,11,64,188,698436.14,11,66.0,85.0,85.0,,79.5
SKU009,2024-08-19,59,137876.51,2336.89,0,Product 009,Lighting,Organizer,2022-08-10,3121.06,2336.89,-784.17,0,Monsoon,0,2024-08-01,233,128,11,64,188,698436.14,18,70.0,66.0,82.0,,75.75
SKU009,2024-08-26,58,135539.62,2336.89,1,Product 009,Lighting,Organizer,2022-08-10,3121.06,2336.89,-784.17,0,Monsoon,1,2024-08-01,233,128,11,64,188,698436.14,25,59.0,70.0,85.0,,70.0
SKU009,2024-09-02,58,135539.62,2336.89,1,Product 009,Lighting,Organizer,2022-08-10,3121.06,2336.89,-784.17,0,Monsoon,1,2024-09-01,193,131,13,41,144,578532.94,1,58.0,59.0,66.0,,63.25
SKU009,2024-09-09,56,130865.84,2336.89,1,Product 009,Lighting,Organizer,2022-08-10,3121.06,2336.89,-784.17,0,Monsoon,1,2024-09-01,193,131,13,41,144,578532.94,8,58.0,58.0,70.0,,61.25
SKU009,2024-09-16,58,135539.62,2336.89,1,Product 009,Lighting,Organizer,2022-08-10,3121.06,2336.89,-784.17,0,Monsoon,1,2024-09-01,193,131,13,41,144,578532.94,15,56.0,58.0,59.0,,57.75
SKU009,2024-09-23,67,156571.63,2336.89,1,Product 009,Lighting,Organizer,2022-08-10,3121.06,2336.89,-784.17,0,Monsoon,1,2024-09-01,193,131,13,41,144,578532.94,22,58.0,56.0,58.0,,57.5
SKU009,2024-09-30,42,98149.38,2336.89,0,Product 009,Lighting,Organizer,2022-08-10,3121.06,2336.89,-784.17,0,Monsoon,0,2024-09-01,193,131,13,41,144,578532.94,29,67.0,58.0,58.0,,59.75
SKU009,2024-10-07,65,151897.85,2336.89,0,Product 009,Lighting,Organizer,2022-08-10,3121.06,2336.89,-784.17,0,Autumn,0,2024-10-01,224,279,9,60,145,671457.92,6,42.0,67.0,56.0,,55.75
SKU009,2024-10-14,58,135539.62,2336.89,0,Product 009,Lighting,Organizer,2022-08-10,3121.06,2336.89,-784.17,0,Autumn,0,2024-10-01,224,279,9,60,145,671457.92,13,65.0,42.0,58.0,,58.0
SKU009,2024-10-21,52,121518.28,2336.89,0,Product 009,Lighting,Organizer,2022-08-10,3121.06,2336.89,-784.17,0,Autumn,0,2024-10-01,224,279,9,60,145,671457.92,20,58.0,65.0,67.0,,58.0
SKU009,2024-10-28,66,154234.74,2336.89,1,Product 009,Lighting,Organizer,2022-08-10,3121.06,2336.89,-784.17,1,Autumn,1,2024-10-01,224,279,9,60,145,671457.92,27,52.0,58.0,42.0,,54.25
SKU009,2024-11-04,71,165919.19,2336.89,1,Product 009,Lighting,Organizer,2022-08-10,3121.06,2336.89,-784.17,0,Autumn,1,2024-11-01,273,234,14,65,184,818339.34,3,66.0,52.0,65.0,,60.25
SKU009,2024-11-11,67,156571.63,2336.89,1,Product 009,Lighting,Organizer,2022-08-10,3121.06,2336.89,-784.17,0,Autumn,1,2024-11-01,273,234,14,65,184,818339.34,10,71.0,66.0,58.0,,61.75
SKU009,2024-11-18,60,140213.4,2336.89,1,Product 009,Lighting,Organizer,2022-08-10,3121.06,2336.89,-784.17,0,Autumn,1,2024-11-01,273,234,14,65,184,818339.34,17,67.0,71.0,52.0,,64.0
SKU009,2024-11-25,52,121518.28,2336.89,1,Product 009,Lighting,Organizer,2022-08-10,3121.06,2336.89,-784.17,0,Autumn,1,2024-11-01,273,234,14,65,184,818339.34,24,60.0,67.0,66.0,,66.0
SKU009,2024-12-02,55,128528.95,2336.89,0,Product 009,Lighting,Organizer,2022-08-10,3121.06,2336.89,-784.17,0,Winter,0,2024-12-01,309,122,13,28,147,926252.22,1,52.0,60.0,71.0,,62.5
SKU009,2024-12-09,71,165919.19,2336.89,0,Product 009,Lighting,Organizer,2022-08-10,3121.06,2336.89,-784.17,0,Winter,0,2024-12-01,309,122,13,28,147,926252.22,8,55.0,52.0,67.0,,58.5
SKU009,2024-12-16,76,177603.64,2336.89,0,Product 009,Lighting,Organizer,2022-08-10,3121.06,2336.89,-784.17,0,Winter,0,2024-12-01,309,122,13,28,147,926252.22,15,71.0,55.0,60.0,,59.5
SKU009,2024-12-23,68,158908.52,2336.89,0,Product 009,Lighting,Organizer,2022-08-10,3121.06,2336.89,-784.17,1,Winter,0,2024-12-01,309,122,13,28,147,926252.22,22,76.0,71.0,52.0,,63.5
SKU009,2024-12-30,66,154234.74,2336.89,0,Product 009,Lighting,Organizer,2022-08-10,3121.06,2336.89,-784.17,0,Winter,0,2024-12-01,309,122,13,28,147,926252.22,29,68.0,76.0,55.0,70.0,67.5
SKU009,2025-01-06,55,128528.95,2336.89,0,Product 009,Lighting,Organizer,2022-08-10,3121.06,2336.89,-784.17,0,Winter,0,2025-01-01,259,163,4,69,108,776373.22,5,66.0,68.0,71.0,66.0,70.25
SKU009,2025-01-13,70,163582.3,2336.89,0,Product 009,Lighting,Organizer,2022-08-10,3121.06,2336.89,-784.17,0,Winter,0,2025-01-01,259,163,4,69,108,776373.22,12,55.0,66.0,76.0,73.0,66.25
SKU009,2025-01-20,71,165919.19,2336.89,0,Product 009,Lighting,Organizer,2022-08-10,3121.06,2336.89,-784.17,1,Winter,0,2025-01-01,259,163,4,69,108,776373.22,19,70.0,55.0,68.0,80.0,64.75
SKU009,2025-01-27,69,161245.41,2336.89,0,Product 009,Lighting,Organizer,2022-08-10,3121.06,2336.89,-784.17,0,Winter,0,2025-01-01,259,163,4,69,108,776373.22,26,71.0,70.0,66.0,103.0,65.5
SKU009,2025-02-03,86,200972.54,2336.89,0,Product 009,Lighting,Organizer,2022-08-10,3121.06,2336.89,-784.17,0,Winter,0,2025-02-01,321,105,4,37,81,962223.18,2,69.0,71.0,55.0,85.0,66.25
SKU009,2025-02-10,74,172929.86,2336.89,0,Product 009,Lighting,Organizer,2022-08-10,3121.06,2336.89,-784.17,0,Winter,0,2025-02-01,321,105,4,37,81,962223.18,9,86.0,69.0,70.0,79.0,74.0
SKU009,2025-02-17,75,175266.75,2336.89,0,Product 009,Lighting,Organizer,2022-08-10,3121.06,2336.89,-784.17,0,Winter,0,2025-02-01,321,105,4,37,81,962223.18,16,74.0,86.0,71.0,80.0,75.0
SKU009,2025-02-24,91,212656.99,2336.89,1,Product 009,Lighting,Organizer,2022-08-10,3121.06,2336.89,-784.17,0,Winter,1,2025-02-01,321,105,4,37,81,962223.18,23,75.0,74.0,69.0,92.0,76.0
SKU009,2025-03-03,99,231352.11,2336.89,1,Product 009,Lighting,Organizer,2022-08-10,3121.06,2336.89,-784.17,0,Spring,1,2025-03-01,333,87,3,51,89,998194.14,2,91.0,75.0,86.0,86.0,81.5
SKU009,2025-03-10,92,214993.88,2336.89,1,Product 009,Lighting,Organizer,2022-08-10,3121.06,2336.89,-784.17,0,Spring,1,2025-03-01,333,87,3,51,89,998194.14,9,99.0,91.0,74.0,101.0,84.75
SKU009,2025-03-17,102,238362.78,2336.89,1,Product 009,Lighting,Organizer,2022-08-10,3121.06,2336.89,-784.17,0,Spring,1,2025-03-01,333,87,3,51,89,998194.14,16,92.0,99.0,75.0,95.0,89.25
SKU009,2025-03-24,82,191624.97999999998,2336.89,1,Product 009,Lighting,Organizer,2022-08-10,3121.06,2336.89,-784.17,0,Spring,1,2025-03-01,333,87,3,51,89,998194.14,23,102.0,92.0,91.0,88.0,96.0
SKU009,2025-03-31,76,177603.63999999998,2336.89,0,Product 009,Lighting,Organizer,2022-08-10,3121.06,2336.89,-784.17,0,Spring,0,2025-03-01,333,87,3,51,89,998194.14,30,82.0,102.0,99.0,82.0,93.75
SKU009,2025-04-07,79,184614.31,2336.89,0,Product 009,Lighting,Organizer,2022-08-10,3121.06,2336.89,-784.17,0,Spring,0,2025-04-01,278,384,14,36,195,833327.24,6,76.0,82.0,92.0,106.0,88.0
SKU009,2025-04-14,69,161245.41,2336.89,0,Product 009,Lighting,Organizer,2022-08-10,3121.06,2336.89,-784.17,0,Spring,0,2025-04-01,278,384,14,36,195,833327.24,13,79.0,76.0,102.0,100.0,84.75
SKU009,2025-04-21,100,233689.0,2336.89,0,Product 009,Lighting,Organizer,2022-08-10,3121.06,2336.89,-784.17,0,Spring,0,2025-04-01,278,384,14,36,195,833327.24,20,69.0,79.0,82.0,104.0,76.5
SKU009,2025-04-28,76,177603.64,2336.89,0,Product 009,Lighting,Organizer,2022-08-10,3121.06,2336.89,-784.17,0,Spring,0,2025-04-01,278,384,14,36,195,833327.24,27,100.0,69.0,76.0,80.0,81.0
SKU009,2025-05-05,92,214993.88,2336.89,0,Product 009,Lighting,Organizer,2022-08-10,3121.06,2336.89,-784.17,0,Summer,0,2025-05-01,154,46,12,88,222,461627.32,4,76.0,100.0,79.0,70.0,81.0
SKU009,2025-05-12,104,243036.56,2336.89,0,Product 009,Lighting,Organizer,2022-08-10,3121.06,2336.89,-784.17,0,Summer,0,2025-05-01,154,46,12,88,222,461627.32,11,92.0,76.0,69.0,83.0,84.25
SKU009,2025-05-19,88,205646.32,2336.89,0,Product 009,Lighting,Organizer,2022-08-10,3121.06,2336.89,-784.17,0,Summer,0,2025-05-01,154,46,12,88,222,461627.32,18,104.0,92.0,100.0,83.0,93.0
SKU009,2025-05-26,74,172929.86,2336.89,1,Product 009,Lighting,Organizer,2022-08-10,3121.06,2336.89,-784.17,0,Summer,1,2025-05-01,154,46,12,88,222,461627.32,25,88.0,104.0,76.0,74.0,90.0
SKU009,2025-06-02,88,205646.32,2336.89,1,Product 009,Lighting,Organizer,2022-08-10,3121.06,2336.89,-784.17,0,Summer,1,2025-06-01,263,120,3,79,116,788363.54,1,74.0,88.0,92.0,94.0,89.5
SKU009,2025-06-09,86,200972.53999999998,2336.89,1,Product 009,Lighting,Organizer,2022-08-10,3121.06,2336.89,-784.17,0,Summer,1,2025-06-01,263,120,3,79,116,788363.54,8,88.0,74.0,104.0,93.0,88.5
SKU009,2025-06-16,81,189288.09,2336.89,1,Product 009,Lighting,Organizer,2022-08-10,3121.06,2336.89,-784.17,0,Summer,1,2025-06-01,263,120,3,79,116,788363.54,15,86.0,88.0,88.0,64.0,84.0
SKU009,2025-06-23,92,214993.88,2336.89,1,Product 009,Lighting,Organizer,2022-08-10,3121.06,2336.89,-784.17,0,Summer,1,2025-06-01,263,120,3,79,116,788363.54,22,81.0,86.0,74.0,84.0,82.25
SKU009,2025-06-30,83,193961.87,2336.89,0,Product 009,Lighting,Organizer,2022-08-10,3121.06,2336.89,-784.17,0,Summer,0,2025-06-01,263,120,3,79,116,788363.54,29,92.0,81.0,88.0,78.0,86.75
SKU009,2025-07-07,69,161245.41,2336.89,0,Product 009,Lighting,Organizer,2022-08-10,3121.06,2336.89,-784.17,0,Monsoon,0,2025-07-01,229,57,4,49,98,686445.82,6,83.0,92.0,86.0,63.0,85.5
SKU009,2025-07-14,73,170592.97,2336.89,0,Product 009,Lighting,Organizer,2022-08-10,3121.06,2336.89,-784.17,0,Monsoon,0,2025-07-01,229,57,4,49,98,686445.82,13,69.0,83.0,81.0,85.0,81.25
SKU009,2025-07-21,67,156571.63,2336.89,0,Product 009,Lighting,Organizer,2022-08-10,3121.06,2336.89,-784.17,0,Monsoon,0,2025-07-01,229,57,4,49,98,686445.82,20,73.0,69.0,92.0,82.0,79.25
SKU009,2025-07-28,69,161245.40999999997,2336.89,0,Product 009,Lighting,Organizer,2022-08-10,3121.06,2336.89,-784.17,0,Monsoon,0,2025-07-01,229,57,4,49,98,686445.82,27,67.0,73.0,83.0,85.0,73.0
SKU009,2025-08-04,66,154234.74,2336.89,0,Product 009,Lighting,Organizer,2022-08-10,3121.06,2336.89,-784.17,0,Monsoon,0,2025-08-01,129,49,8,30,107,386687.82,3,69.0,67.0,69.0,66.0,69.5
SKU009,2025-08-11,61,142550.29,2336.89,0,Product 009,Lighting,Organizer,2022-08-10,3121.06,2336.89,-784.17,1,Monsoon,0,2025-08-01,129,49,8,30,107,386687.82,10,66.0,69.0,73.0,70.0,68.75
SKU009,2025-08-18,69,161245.41,2336.89,0,Product 009,Lighting,Organizer,2022-08-10,3121.06,2336.89,-784.17,0,Monsoon,0,2025-08-01,129,49,8,30,107,386687.82,17,61.0,66.0,67.0,59.0,65.75
SKU009,2025-08-25,62,144887.18,2336.89,0,Product 009,Lighting,Organizer,2022-08-10,3121.06,2336.89,-784.17,0,Monsoon,0,2025-08-01,129,49,8,30,107,386687.82,24,69.0,61.0,69.0,58.0,66.25
SKU009,2025-09-01,71,165919.19,2336.89,1,Product 009,Lighting,Organizer,2022-08-10,3121.06,2336.89,-784.17,0,Monsoon,1,2025-09-01,129,97,3,38,68,386687.82,0,62.0,69.0,66.0,58.0,64.5
SKU009,2025-09-08,87,203309.43,2336.89,1,Product 009,Lighting,Organizer,2022-08-10,3121.06,2336.89,-784.17,0,Monsoon,1,2025-09-01,129,97,3,38,68,386687.82,7,71.0,62.0,61.0,56.0,65.75
SKU009,2025-09-15,70,163582.30000000002,2336.89,1,Product 009,Lighting,Organizer,2022-08-10,3121.06,2336.89,-784.17,0,Monsoon,1,2025-09-01,129,97,3,38,68,386687.82,14,87.0,71.0,69.0,58.0,72.25
SKU009,2025-09-22,69,161245.41,2336.89,1,Product 009,Lighting,Organizer,2022-08-10,3121.06,2336.89,-784.17,0,Monsoon,1,2025-09-01,129,97,3,38,68,386687.82,21,70.0,87.0,62.0,67.0,72.5
SKU009,2025-09-29,58,135539.62,2336.89,0,Product 009,Lighting,Organizer,2022-08-10,3121.06,2336.89,-784.17,0,Monsoon,0,2025-09-01,129,97,3,38,68,386687.82,28,69.0,70.0,71.0,42.0,74.25
SKU009,2025-10-06,51,119181.39,2336.89,0,Product 009,Lighting,Organizer,2022-08-10,3121.06,2336.89,-784.17,0,Autumn,0,2025-10-01,137,11,5,50,95,410668.46,5,58.0,69.0,87.0,65.0,71.0
SKU009,2025-10-13,63,147224.07,2336.89,0,Product 009,Lighting,Organizer,2022-08-10,3121.06,2336.89,-784.17,0,Autumn,0,2025-10-01,137,11,5,50,95,410668.46,12,51.0,58.0,70.0,58.0,62.0
SKU009,2025-10-20,52,121518.28,2336.89,0,Product 009,Lighting,Organizer,2022-08-10,3121.06,2336.89,-784.17,1,Autumn,0,2025-10-01,137,11,5,50,95,410668.46,19,63.0,51.0,69.0,52.0,60.25
SKU009,2025-10-27,78,182277.41999999998,2336.89,1,Product 009,Lighting,Organizer,2022-08-10,3121.06,2336.89,-784.17,0,Autumn,1,2025-10-01,137,11,5,50,95,410668.46,26,52.0,63.0,58.0,66.0,56.0
SKU009,2025-11-03,55,128528.95,2336.89,1,Product 009,Lighting,Organizer,2022-08-10,3121.06,2336.89,-784.17,0,Autumn,1,2025-11-01,207,102,3,36,60,620499.06,2,78.0,52.0,51.0,71.0,61.0
SKU009,2025-11-10,62,144887.18,2336.89,1,Product 009,Lighting,Organizer,2022-08-10,3121.06,2336.89,-784.17,0,Autumn,1,2025-11-01,207,102,3,36,60,620499.06,9,55.0,78.0,63.0,67.0,62.0
SKU009,2025-11-17,63,147224.07,2336.89,1,Product 009,Lighting,Organizer,2022-08-10,3121.06,2336.89,-784.17,0,Autumn,1,2025-11-01,207,102,3,36,60,620499.06,16,62.0,55.0,52.0,60.0,61.75
SKU009,2025-11-24,66,154234.74,2336.89,1,Product 009,Lighting,Organizer,2022-08-10,3121.06,2336.89,-784.17,0,Autumn,1,2025-11-01,207,102,3,36,60,620499.06,23,63.0,62.0,78.0,52.0,64.5
SKU009,2025-12-01,77,179940.53,2336.89,0,Product 009,Lighting,Organizer,2022-08-10,3121.06,2336.89,-784.17,0,Winter,0,2025-12-01,75,89,7,63,131,224818.5,0,66.0,63.0,55.0,55.0,61.5
SKU009,2025-12-08,82,191624.97999999998,2336.89,0,Product 009,Lighting,Organizer,2022-08-10,3121.06,2336.89,-784.17,0,Winter,0,2025-12-01,75,89,7,63,131,224818.5,7,77.0,66.0,62.0,71.0,67.0
SKU009,2025-12-15,69,161245.41,2336.89,0,Product 009,Lighting,Organizer,2022-08-10,3121.06,2336.89,-784.17,0,Winter,0,2025-12-01,75,89,7,63,131,224818.5,14,82.0,77.0,63.0,76.0,72.0
SKU009,2025-12-22,77,179940.53,2336.89,0,Product 009,Lighting,Organizer,2022-08-10,3121.06,2336.89,-784.17,1,Winter,0,2025-12-01,75,89,7,63,131,224818.5,21,69.0,82.0,66.0,68.0,73.5
SKU010,2024-01-01,111,73644.06,663.46,0,Product 010,Storage,Sofa,2022-04-14,3889.06,663.46,-3225.6,0,Winter,0,2024-01-01,28,9,12,5,17,200807.32,0,,,,,
SKU010,2024-01-08,108,71653.68000000001,663.46,0,Product 010,Storage,Sofa,2022-04-14,3889.06,663.46,-3225.6,0,Winter,0,2024-01-01,28,9,12,5,17,200807.32,7,111.0,,,,
SKU010,2024-01-15,115,76297.9,663.46,0,Product 010,Storage,Sofa,2022-04-14,3889.06,663.46,-3225.6,0,Winter,0,2024-01-01,28,9,12,5,17,200807.32,14,108.0,111.0,,,
SKU010,2024-01-22,115,76297.9,663.46,0,Product 010,Storage,Sofa,2022-04-14,3889.06,663.46,-3225.6,1,Winter,0,2024-01-01,28,9,12,5,17,200807.32,21,115.0,108.0,,,
SKU010,2024-01-29,129,85586.34,663.46,0,Product 010,Storage,Sofa,2022-04-14,3889.06,663.46,-3225.6,0,Winter,0,2024-01-01,28,9,12,5,17,200807.32,28,115.0,115.0,111.0,,112.25
SKU010,2024-02-05,136,90230.56,663.46,0,Product 010,Storage,Sofa,2022-04-14,3889.06,663.46,-3225.6,0,Winter,0,2024-02-01,100,131,13,24,69,717169.0,4,129.0,115.0,108.0,,116.75
SKU010,2024-02-12,133,88240.18000000001,663.46,0,Product 010,Storage,Sofa,2022-04-14,3889.06,663.46,-3225.6,0,Winter,0,2024-02-01,100,131,13,24,69,717169.0,11,136.0,129.0,115.0,,123.75
SKU010,2024-02-19,146,96865.16,663.46,0,Product 010,Storage,Sofa,2022-04-14,3889.06,663.46,-3225.6,0,Winter,0,2024-02-01,100,131,13,24,69,717169.0,18,133.0,136.0,115.0,,128.25
SKU010,2024-02-26,145,96201.7,663.46,1,Product 010,Storage,Sofa,2022-04-14,3889.06,663.46,-3225.6,0,Winter,1,2024-02-01,100,131,13,24,69,717169.0,25,146.0,133.0,129.0,,136.0
SKU010,2024-03-04,154,102172.84,663.46,1,Product 010,Storage,Sofa,2022-04-14,3889.06,663.46,-3225.6,0,Spring,1,2024-03-01,89,106,5,33,54,638280.41,3,145.0,146.0,136.0,,140.0
SKU010,2024-03-11,138,91557.48000000001,663.46,1,Product 010,Storage,Sofa,2022-04-14,3889.06,663.46,-3225.6,0,Spring,1,2024-03-01,89,106,5,33,54,638280.41,10,154.0,145.0,133.0,,144.5
SKU010,2024-03-18,141,93547.86,663.46,1,Product 010,Storage,Sofa,2022-04-14,3889.06,663.46,-3225.6,0,Spring,1,2024-03-01,89,106,5,33,54,638280.41,17,138.0,154.0,146.0,,145.75
SKU010,2024-03-25,162,107480.52,663.46,1,Product 010,Storage,Sofa,2022-04-14,3889.06,663.46,-3225.6,0,Spring,1,2024-03-01,89,106,5,33,54,638280.41,24,141.0,138.0,145.0,,144.5
SKU010,2024-04-01,124,82269.04000000001,663.46,0,Product 010,Storage,Sofa,2022-04-14,3889.06,663.46,-3225.6,0,Spring,0,2024-04-01,133,106,8,19,56,953834.77,0,162.0,141.0,154.0,,148.75
SKU010,2024-04-08,141,93547.86,663.46,0,Product 010,Storage,Sofa,2022-04-14,3889.06,663.46,-3225.6,0,Spring,0,2024-04-01,133,106,8,19,56,953834.77,7,124.0,162.0,138.0,,141.25
SKU010,2024-04-15,121,80278.66,663.46,0,Product 010,Storage,Sofa,2022-04-14,3889.06,663.46,-3225.6,0,Spring,0,2024-04-01,133,106,8,19,56,953834.77,14,141.0,124.0,141.0,,142.0
SKU010,2024-04-22,121,80278.66,663.46,0,Product 010,Storage,Sofa,2022-04-14,3889.06,663.46,-3225.6,0,Spring,0,2024-04-01,133,106,8,19,56,953834.77,21,121.0,141.0,162.0,,137.0
SKU010,2024-04-29,144,95538.24,663.46,0,Product 010,Storage,Sofa,2022-04-14,3889.06,663.46,-3225.6,0,Spring,0,2024-04-01,133,106,8,19,56,953834.77,28,121.0,121.0,124.0,,126.75
SKU010,2024-05-06,117,77624.82,663.46,0,Product 010,Storage,Sofa,2022-04-14,3889.06,663.46,-3225.6,0,Summer,0,2024-05-01,74,35,12,21,65,530705.06,5,144.0,121.0,141.0,,131.75
SKU010,2024-05-13,145,96201.7,663.46,0,Product 010,Storage,Sofa,2022-04-14,3889.06,663.46,-3225.6,0,Summer,0,2024-05-01,74,35,12,21,65,530705.06,12,117.0,144.0,121.0,,125.75
SKU010,2024-05-20,141,93547.86,663.46,0,Product 010,Storage,Sofa,2022-04-14,3889.06,663.46,-3225.6,0,Summer,0,2024-05-01,74,35,12,21,65,530705.06,19,145.0,117.0,121.0,,131.75
SKU010,2024-05-27,158,104826.68000000001,663.46,1,Product 010,Storage,Sofa,2022-04-14,3889.06,663.46,-3225.6,0,Summer,1,2024-05-01,74,35,12,21,65,530705.06,26,141.0,145.0,144.0,,136.75
SKU010,2024-06-03,151,100182.45999999999,663.46,1,Product 010,Storage,Sofa,2022-04-14,3889.06,663.46,-3225.6,0,Summer,1,2024-06-01,103,29,14,22,87,738684.07,2,158.0,141.0,117.0,,140.25
SKU010,2024-06-10,141,93547.86,663.46,1,Product 010,Storage,Sofa,2022-04-14,3889.06,663.46,-3225.6,0,Summer,1,2024-06-01,103,29,14,22,87,738684.07,9,151.0,158.0,145.0,,148.75
SKU010,2024-06-17,153,101509.38,663.46,1,Product 010,Storage,Sofa,2022-04-14,3889.06,663.46,-3225.6,0,Summer,1,2024-06-01,103,29,14,22,87,738684.07,16,141.0,151.0,141.0,,147.75
SKU010,2024-06-24,129,85586.34,663.46,1,Product 010,Storage,Sofa,2022-04-14,3889.06,663.46,-3225.6,0,Summer,1,2024-06-01,103,29,14,22,87,738684.07,23,153.0,141.0,158.0,,150.75
SKU010,2024-07-01,103,68336.38,663.46,0,Product 010,Storage,Sofa,2022-04-14,3889.06,663.46,-3225.6,0,Monsoon,0,2024-07-01,131,31,5,14,36,939491.39,0,129.0,153.0,151.0,,143.5
SKU010,2024-07-08,113,74970.98,663.46,0,Product 010,Storage,Sofa,2022-04-14,3889.06,663.46,-3225.6,0,Monsoon,0,2024-07-01,131,31,5,14,36,939491.39,7,103.0,129.0,141.0,,131.5
SKU010,2024-07-15,111,73644.06,663.46,0,Product 010,Storage,Sofa,2022-04-14,3889.06,663.46,-3225.6,0,Monsoon,0,2024-07-01,131,31,5,14,36,939491.39,14,113.0,103.0,153.0,,124.5
SKU010,2024-07-22,119,78951.74,663.46,0,Product 010,Storage,Sofa,2022-04-14,3889.06,663.46,-3225.6,0,Monsoon,0,2024-07-01,131,31,5,14,36,939491.39,21,111.0,113.0,129.0,,114.0
SKU010,2024-07-29,110,72980.6,663.46,0,Product 010,Storage,Sofa,2022-04-14,3889.06,663.46,-3225.6,0,Monsoon,0,2024-07-01,131,31,5,14,36,939491.39,28,119.0,111.0,103.0,,111.5
SKU010,2024-08-05,103,68336.38,663.46,0,Product 010,Storage,Sofa,2022-04-14,3889.06,663.46,-3225.6,0,Monsoon,0,2024-08-01,103,75,8,12,40,738684.07,4,110.0,119.0,113.0,,113.25
SKU010,2024-08-12,103,68336.38,663.46,0,Product 010,Storage,Sofa,2022-04-14,3889.06,663.46,-3225.6,1,Monsoon,0,2024-08-01,103,75,8,12,40,738684.07,11,103.0,110.0,111.0,,110.75
SKU010,2024-08-19,99,65682.54000000001,663.46,0,Product 010,Storage,Sofa,2022-04-14,3889.06,663.46,-3225.6,0,Monsoon,0,2024-08-01,103,75,8,12,40,738684.07,18,103.0,103.0,119.0,,108.75
SKU010,2024-08-26,96,63692.16,663.46,1,Product 010,Storage,Sofa,2022-04-14,3889.06,663.46,-3225.6,0,Monsoon,1,2024-08-01,103,75,8,12,40,738684.07,25,99.0,103.0,110.0,,103.75
SKU010,2024-09-02,92,61038.32,663.46,1,Product 010,Storage,Sofa,2022-04-14,3889.06,663.46,-3225.6,0,Monsoon,1,2024-09-01,37,39,6,16,34,265352.53,1,96.0,99.0,103.0,,100.25
SKU010,2024-09-09,116,76961.36,663.46,1,Product 010,Storage,Sofa,2022-04-14,3889.06,663.46,-3225.6,0,Monsoon,1,2024-09-01,37,39,6,16,34,265352.53,8,92.0,96.0,103.0,,97.5
SKU010,2024-09-16,115,76297.9,663.46,1,Product 010,Storage,Sofa,2022-04-14,3889.06,663.46,-3225.6,0,Monsoon,1,2024-09-01,37,39,6,16,34,265352.53,15,116.0,92.0,99.0,,100.75
SKU010,2024-09-23,128,84922.88,663.46,1,Product 010,Storage,Sofa,2022-04-14,3889.06,663.46,-3225.6,0,Monsoon,1,2024-09-01,37,39,6,16,34,265352.53,22,115.0,116.0,96.0,,104.75
SKU010,2024-09-30,122,80942.12000000001,663.46,0,Product 010,Storage,Sofa,2022-04-14,3889.06,663.46,-3225.6,0,Monsoon,0,2024-09-01,37,39,6,16,34,265352.53,29,128.0,115.0,92.0,,112.75
SKU010,2024-10-07,79,52413.340000000004,663.46,0,Product 010,Storage,Sofa,2022-04-14,3889.06,663.46,-3225.6,0,Autumn,0,2024-10-01,24,21,6,19,38,172120.56,6,122.0,128.0,116.0,,120.25
SKU010,2024-10-14,74,49096.04,663.46,0,Product 010,Storage,Sofa,2022-04-14,3889.06,663.46,-3225.6,0,Autumn,0,2024-10-01,24,21,6,19,38,172120.56,13,79.0,122.0,115.0,,111.0
SKU010,2024-10-21,92,61038.32,663.46,0,Product 010,Storage,Sofa,2022-04-14,3889.06,663.46,-3225.6,0,Autumn,0,2024-10-01,24,21,6,19,38,172120.56,20,74.0,79.0,128.0,,100.75
SKU010,2024-10-28,109,72317.14,663.46,1,Product 010,Storage,Sofa,2022-04-14,3889.06,663.46,-3225.6,1,Autumn,1,2024-10-01,24,21,6,19,38,172120.56,27,92.0,74.0,122.0,,91.75
SKU010,2024-11-04,100,66346.0,663.46,1,Product 010,Storage,Sofa,2022-04-14,3889.06,663.46,-3225.6,0,Autumn,1,2024-11-01,62,48,6,17,33,444644.78,3,109.0,92.0,79.0,,88.5
SKU010,2024-11-11,113,74970.98,663.46,1,Product 010,Storage,Sofa,2022-04-14,3889.06,663.46,-3225.6,0,Autumn,1,2024-11-01,62,48,6,17,33,444644.78,10,100.0,109.0,74.0,,93.75
SKU010,2024-11-18,121,80278.66,663.46,1,Product 010,Storage,Sofa,2022-04-14,3889.06,663.46,-3225.6,0,Autumn,1,2024-11-01,62,48,6,17,33,444644.78,17,113.0,100.0,92.0,,103.5
SKU010,2024-11-25,93,61701.78,663.46,1,Product 010,Storage,Sofa,2022-04-14,3889.06,663.46,-3225.6,0,Autumn,1,2024-11-01,62,48,6,17,33,444644.78,24,121.0,113.0,109.0,,110.75
SKU010,2024-12-02,99,65682.54000000001,663.46,0,Product 010,Storage,Sofa,2022-04-14,3889.06,663.46,-3225.6,0,Winter,0,2024-12-01,27,22,5,21,39,193635.63,1,93.0,121.0,100.0,,106.75
SKU010,2024-12-09,106,70326.76000000001,663.46,0,Product 010,Storage,Sofa,2022-04-14,3889.06,663.46,-3225.6,0,Winter,0,2024-12-01,27,22,5,21,39,193635.63,8,99.0,93.0,113.0,,106.5
SKU010,2024-12-16,109,72317.14,663.46,0,Product 010,Storage,Sofa,2022-04-14,3889.06,663.46,-3225.6,0,Winter,0,2024-12-01,27,22,5,21,39,193635.63,15,106.0,99.0,121.0,,104.75
SKU010,2024-12-23,109,72317.14,663.46,0,Product 010,Storage,Sofa,2022-04-14,3889.06,663.46,-3225.6,1,Winter,0,2024-12-01,27,22,5,21,39,193635.63,22,109.0,106.0,93.0,,101.75
SKU010,2024-12-30,116,76961.36,663.46,0,Product 010,Storage,Sofa,2022-04-14,3889.06,663.46,-3225.6,0,Winter,0,2024-12-01,27,22,5,21,39,193635.63,29,109.0,109.0,99.0,111.0,105.75
SKU010,2025-01-06,118,78288.28,663.46,0,Product 010,Storage,Sofa,2022-04-14,3889.06,663.46,-3225.6,0,Winter,0,2025-01-01,37,0,12,18,59,265352.53,5,116.0,109.0,106.0,108.0,110.0
SKU010,2025-01-13,113,74970.98000000001,663.46,0,Product 010,Storage,Sofa,2022-04-14,3889.06,663.46,-3225.6,0,Winter,0,2025-01-01,37,0,12,18,59,265352.53,12,118.0,116.0,109.0,115.0,113.0
SKU010,2025-01-20,118,78288.28,663.46,0,Product 010,Storage,Sofa,2022-04-14,3889.06,663.46,-3225.6,1,Winter,0,2025-01-01,37,0,12,18,59,265352.53,19,113.0,118.0,109.0,115.0,114.0
SKU010,2025-01-27,97,64355.62,663.46,0,Product 010,Storage,Sofa,2022-04-14,3889.06,663.46,-3225.6,0,Winter,0,2025-01-01,37,0,12,18,59,265352.53,26,118.0,113.0,116.0,129.0,116.25
SKU010,2025-02-03,124,82269.04000000001,663.46,0,Product 010,Storage,Sofa,2022-04-14,3889.06,663.46,-3225.6,0,Winter,0,2025-02-01,115,62,9,22,52,824744.35,2,97.0,118.0,118.0,136.0,111.5
SKU010,2025-02-10,128,84922.88,663.46,0,Product 010,Storage,Sofa,2022-04-14,3889.06,663.46,-3225.6,0,Winter,0,2025-02-01,115,62,9,22,52,824744.35,9,124.0,97.0,113.0,133.0,113.0
SKU010,2025-02-17,128,84922.88,663.46,0,Product 010,Storage,Sofa,2022-04-14,3889.06,663.46,-3225.6,0,Winter,0,2025-02-01,115,62,9,22,52,824744.35,16,128.0,124.0,118.0,146.0,116.75
SKU010,2025-02-24,155,102836.3,663.46,1,Product 010,Storage,Sofa,2022-04-14,3889.06,663.46,-3225.6,0,Winter,1,2025-02-01,115,62,9,22,52,824744.35,23,128.0,128.0,97.0,145.0,119.25
SKU010,2025-03-03,160,106153.6,663.46,1,Product 010,Storage,Sofa,2022-04-14,3889.06,663.46,-3225.6,0,Spring,1,2025-03-01,43,6,12,10,46,308382.67,2,155.0,128.0,124.0,154.0,133.75
SKU010,2025-03-10,139,92220.94,663.46,1,Product 010,Storage,Sofa,2022-04-14,3889.06,663.46,-3225.6,0,Spring,1,2025-03-01,43,6,12,10,46,308382.67,9,160.0,155.0,128.0,138.0,142.75
SKU010,2025-03-17,139,92220.94,663.46,1,Product 010,Storage,Sofa,2022-04-14,3889.06,663.46,-3225.6,0,Spring,1,2025-03-01,43,6,12,10,46,308382.67,16,139.0,160.0,128.0,141.0,145.5
SKU010,2025-03-24,156,103499.76000000001,663.46,1,Product 010,Storage,Sofa,2022-04-14,3889.06,663.46,-3225.6,0,Spring,1,2025-03-01,43,6,12,10,46,308382.67,23,139.0,139.0,155.0,162.0,148.25
SKU010,2025-03-31,149,98855.54000000001,663.46,0,Product 010,Storage,Sofa,2022-04-14,3889.06,663.46,-3225.6,0,Spring,0,2025-03-01,43,6,12,10,46,308382.67,30,156.0,139.0,160.0,124.0,148.5
SKU010,2025-04-07,133,88240.18000000001,663.46,0,Product 010,Storage,Sofa,2022-04-14,3889.06,663.46,-3225.6,0,Spring,0,2025-04-01,89,73,14,25,82,638280.41,6,149.0,156.0,139.0,141.0,145.75
SKU010,2025-04-14,137,90894.02,663.46,0,Product 010,Storage,Sofa,2022-04-14,3889.06,663.46,-3225.6,0,Spring,0,2025-04-01,89,73,14,25,82,638280.41,13,133.0,149.0,139.0,121.0,144.25
SKU010,2025-04-21,144,95538.23999999999,663.46,0,Product 010,Storage,Sofa,2022-04-14,3889.06,663.46,-3225.6,0,Spring,0,2025-04-01,89,73,14,25,82,638280.41,20,137.0,133.0,156.0,121.0,143.75
SKU010,2025-04-28,134,88903.64,663.46,0,Product 010,Storage,Sofa,2022-04-14,3889.06,663.46,-3225.6,0,Spring,0,2025-04-01,89,73,14,25,82,638280.41,27,144.0,137.0,149.0,144.0,140.75
SKU010,2025-05-05,130,86249.8,663.46,0,Product 010,Storage,Sofa,2022-04-14,3889.06,663.46,-3225.6,0,Summer,0,2025-05-01,53,90,5,22,46,380099.57,4,134.0,144.0,133.0,117.0,137.0
SKU010,2025-05-12,131,86913.26000000001,663.46,0,Product 010,Storage,Sofa,2022-04-14,3889.06,663.46,-3225.6,0,Summer,0,2025-05-01,53,90,5,22,46,380099.57,11,130.0,134.0,137.0,145.0,136.25
SKU010,2025-05-19,141,93547.86,663.46,0,Product 010,Storage,Sofa,2022-04-14,3889.06,663.46,-3225.6,0,Summer,0,2025-05-01,53,90,5,22,46,380099.57,18,131.0,130.0,144.0,141.0,134.75
SKU010,2025-05-26,145,96201.7,663.46,1,Product 010,Storage,Sofa,2022-04-14,3889.06,663.46,-3225.6,0,Summer,1,2025-05-01,53,90,5,22,46,380099.57,25,141.0,131.0,134.0,158.0,134.0
SKU010,2025-06-02,136,90230.56,663.46,1,Product 010,Storage,Sofa,2022-04-14,3889.06,663.46,-3225.6,0,Summer,1,2025-06-01,36,6,10,18,59,258180.84,1,145.0,141.0,130.0,151.0,136.75
SKU010,2025-06-09,141,93547.86,663.46,1,Product 010,Storage,Sofa,2022-04-14,3889.06,663.46,-3225.6,0,Summer,1,2025-06-01,36,6,10,18,59,258180.84,8,136.0,145.0,131.0,141.0,138.25
SKU010,2025-06-16,139,92220.94,663.46,1,Product 010,Storage,Sofa,2022-04-14,3889.06,663.46,-3225.6,0,Summer,1,2025-06-01,36,6,10,18,59,258180.84,15,141.0,136.0,141.0,153.0,140.75
SKU010,2025-06-23,123,81605.58,663.46,1,Product 010,Storage,Sofa,2022-04-14,3889.06,663.46,-3225.6,0,Summer,1,2025-06-01,36,6,10,18,59,258180.84,22,139.0,141.0,145.0,129.0,140.25
SKU010,2025-06-30,111,73644.06,663.46,0,Product 010,Storage,Sofa,2022-04-14,3889.06,663.46,-3225.6,0,Summer,0,2025-06-01,36,6,10,18,59,258180.84,29,123.0,139.0,136.0,103.0,134.75
SKU010,2025-07-07,120,79615.20000000001,663.46,0,Product 010,Storage,Sofa,2022-04-14,3889.06,663.46,-3225.6,0,Monsoon,0,2025-07-01,69,83,5,32,52,494846.61,6,111.0,123.0,141.0,113.0,128.5
SKU010,2025-07-14,124,82269.04,663.46,0,Product 010,Storage,Sofa,2022-04-14,3889.06,663.46,-3225.6,0,Monsoon,0,2025-07-01,69,83,5,32,52,494846.61,13,120.0,111.0,139.0,111.0,123.25
SKU010,2025-07-21,105,69663.3,663.46,0,Product 010,Storage,Sofa,2022-04-14,3889.06,663.46,-3225.6,0,Monsoon,0,2025-07-01,69,83,5,32,52,494846.61,20,124.0,120.0,123.0,119.0,119.5
SKU010,2025-07-28,91,60374.86,663.46,0,Product 010,Storage,Sofa,2022-04-14,3889.06,663.46,-3225.6,0,Monsoon,0,2025-07-01,69,83,5,32,52,494846.61,27,105.0,124.0,111.0,110.0,115.0
SKU010,2025-08-04,95,63028.7,663.46,0,Product 010,Storage,Sofa,2022-04-14,3889.06,663.46,-3225.6,0,Monsoon,0,2025-08-01,38,4,4,14,27,272524.22,3,91.0,105.0,120.0,103.0,110.0
SKU010,2025-08-11,113,74970.98,663.46,0,Product 010,Storage,Sofa,2022-04-14,3889.06,663.46,-3225.6,1,Monsoon,0,2025-08-01,38,4,4,14,27,272524.22,10,95.0,91.0,124.0,103.0,103.75
SKU010,2025-08-18,100,66346.0,663.46,0,Product 010,Storage,Sofa,2022-04-14,3889.06,663.46,-3225.6,0,Monsoon,0,2025-08-01,38,4,4,14,27,272524.22,17,113.0,95.0,105.0,99.0,101.0
SKU010,2025-08-25,114,75634.44,663.46,0,Product 010,Storage,Sofa,2022-04-14,3889.06,663.46,-3225.6,0,Monsoon,0,2025-08-01,38,4,4,14,27,272524.22,24,100.0,113.0,91.0,96.0,99.75
SKU010,2025-09-01,104,68999.84,663.46,1,Product 010,Storage,Sofa,2022-04-14,3889.06,663.46,-3225.6,0,Monsoon,1,2025-09-01,37,46,9,19,48,265352.53,0,114.0,100.0,95.0,92.0,105.5
SKU010,2025-09-08,92,61038.32,663.46,1,Product 010,Storage,Sofa,2022-04-14,3889.06,663.46,-3225.6,0,Monsoon,1,2025-09-01,37,46,9,19,48,265352.53,7,104.0,114.0,113.0,116.0,107.75
SKU010,2025-09-15,114,75634.44,663.46,1,Product 010,Storage,Sofa,2022-04-14,3889.06,663.46,-3225.6,0,Monsoon,1,2025-09-01,37,46,9,19,48,265352.53,14,92.0,104.0,100.0,115.0,102.5
SKU010,2025-09-22,100,66346.0,663.46,1,Product 010,Storage,Sofa,2022-04-14,3889.06,663.46,-3225.6,0,Monsoon,1,2025-09-01,37,46,9,19,48,265352.53,21,114.0,92.0,114.0,128.0,106.0
SKU010,2025-09-29,79,52413.340000000004,663.46,0,Product 010,Storage,Sofa,2022-04-14,3889.06,663.46,-3225.6,0,Monsoon,0,2025-09-01,37,46,9,19,48,265352.53,28,100.0,114.0,104.0,122.0,102.5
SKU010,2025-10-06,83,55067.18,663.46,0,Product 010,Storage,Sofa,2022-04-14,3889.06,663.46,-3225.6,0,Autumn,0,2025-10-01,117,1,12,25,67,839087.73,5,79.0,100.0,92.0,79.0,96.25
SKU010,2025-10-13,96,63692.16,663.46,0,Product 010,Storage,Sofa,2022-04-14,3889.06,663.46,-3225.6,0,Autumn,0,2025-10-01,117,1,12,25,67,839087.73,12,83.0,79.0,114.0,74.0,94.0
SKU010,2025-10-20,86,57057.56,663.46,0,Product 010,Storage,Sofa,2022-04-14,3889.06,663.46,-3225.6,1,Autumn,0,2025-10-01,117,1,12,25,67,839087.73,19,96.0,83.0,100.0,92.0,89.5
SKU010,2025-10-27,120,79615.2,663.46,1,Product 010,Storage,Sofa,2022-04-14,3889.06,663.46,-3225.6,0,Autumn,1,2025-10-01,117,1,12,25,67,839087.73,26,86.0,96.0,79.0,109.0,86.0
SKU010,2025-11-03,91,60374.86,663.46,1,Product 010,Storage,Sofa,2022-04-14,3889.06,663.46,-3225.6,0,Autumn,1,2025-11-01,83,62,10,14,41,595250.27,2,120.0,86.0,83.0,100.0,96.25
SKU010,2025-11-10,105,69663.3,663.46,1,Product 010,Storage,Sofa,2022-04-14,3889.06,663.46,-3225.6,0,Autumn,1,2025-11-01,83,62,10,14,41,595250.27,9,91.0,120.0,96.0,113.0,98.25
SKU010,2025-11-17,102,67672.92,663.46,1,Product 010,Storage,Sofa,2022-04-14,3889.06,663.46,-3225.6,0,Autumn,1,2025-11-01,83,62,10,14,41,595250.27,16,105.0,91.0,86.0,121.0,100.5
SKU010,2025-11-24,104,68999.84,663.46,1,Product 010,Storage,Sofa,2022-04-14,3889.06,663.46,-3225.6,0,Autumn,1,2025-11-01,83,62,10,14,41,595250.27,23,102.0,105.0,120.0,93.0,104.5
SKU010,2025-12-01,126,83595.96,663.46,0,Product 010,Storage,Sofa,2022-04-14,3889.06,663.46,-3225.6,0,Winter,0,2025-12-01,83,70,13,22,60,595250.27,0,104.0,102.0,91.0,99.0,100.5
SKU010,2025-12-08,108,71653.68000000001,663.46,0,Product 010,Storage,Sofa,2022-04-14,3889.06,663.46,-3225.6,0,Winter,0,2025-12-01,83,70,13,22,60,595250.27,7,126.0,104.0,105.0,106.0,109.25
SKU010,2025-12-15,102,67672.92,663.46,0,Product 010,Storage,Sofa,2022-04-14,3889.06,663.46,-3225.6,0,Winter,0,2025-12-01,83,70,13,22,60,595250.27,14,108.0,126.0,102.0,109.0,110.0
SKU010,2025-12-22,102,67672.92,663.46,0,Product 010,Storage,Sofa,2022-04-14,3889.06,663.46,-3225.6,1,Winter,0,2025-12-01,83,70,13,22,60,595250.27,21,102.0,108.0,104.0,109.0,110.0
SKU011,2024-01-01,14,20223.84,1444.56,0,Product 011,Furniture,Chair,2023-08-03,1718.4,1444.56,-273.84,0,Winter,0,2024-01-01,5,3,3,5,10,19335.45,0,,,,,
SKU011,2024-01-08,20,28891.2,1444.56,0,Product 011,Furniture,Chair,2023-08-03,1718.4,1444.56,-273.84,0,Winter,0,2024-01-01,5,3,3,5,10,19335.45,7,14.0,,,,
SKU011,2024-01-15,14,20223.84,1444.56,0,Product 011,Furniture,Chair,2023-08-03,1718.4,1444.56,-273.84,0,Winter,0,2024-01-01,5,3,3,5,10,19335.45,14,20.0,14.0,,,
SKU011,2024-01-22,15,21668.4,1444.56,0,Product 011,Furniture,Chair,2023-08-03,1718.4,1444.56,-273.84,1,Winter,0,2024-01-01,5,3,3,5,10,19335.45,21,14.0,20.0,,,
SKU011,2024-01-29,21,30335.760000000002,1444.56,0,Product 011,Furniture,Chair,2023-08-03,1718.4,1444.56,-273.84,0,Winter,0,2024-01-01,5,3,3,5,10,19335.45,28,15.0,14.0,14.0,,15.75
SKU011,2024-02-05,14,20223.84,1444.56,0,Product 011,Furniture,Chair,2023-08-03,1718.4,1444.56,-273.84,0,Winter,0,2024-02-01,596,324,13,139,466,2304785.64,4,21.0,15.0,20.0,,17.5
SKU011,2024-02-12,20,28891.199999999997,1444.56,0,Product 011,Furniture,Chair,2023-08-03,1718.4,1444.56,-273.84,0,Winter,0,2024-02-01,596,324,13,139,466,2304785.64,11,14.0,21.0,14.0,,16.0
SKU011,2024-02-19,28,40447.68,1444.56,0,Product 011,Furniture,Chair,2023-08-03,1718.4,1444.56,-273.84,0,Winter,0,2024-02-01,596,324,13,139,466,2304785.64,18,20.0,14.0,15.0,,17.5
SKU011,2024-02-26,23,33224.880000000005,1444.56,1,Product 011,Furniture,Chair,2023-08-03,1718.4,1444.56,-273.84,0,Winter,1,2024-02-01,596,324,13,139,466,2304785.64,25,28.0,20.0,21.0,,20.75
SKU011,2024-03-04,21,30335.760000000002,1444.56,1,Product 011,Furniture,Chair,2023-08-03,1718.4,1444.56,-273.84,0,Spring,1,2024-03-01,574,255,5,217,355,2219709.66,3,23.0,28.0,14.0,,21.25
SKU011,2024-03-11,24,34669.44,1444.56,1,Product 011,Furniture,Chair,2023-08-03,1718.4,1444.56,-273.84,0,Spring,1,2024-03-01,574,255,5,217,355,2219709.66,10,21.0,23.0,20.0,,23.0
SKU011,2024-03-18,25,36114.0,1444.56,1,Product 011,Furniture,Chair,2023-08-03,1718.4,1444.56,-273.84,0,Spring,1,2024-03-01,574,255,5,217,355,2219709.66,17,24.0,21.0,28.0,,24.0
SKU011,2024-03-25,16,23112.96,1444.56,1,Product 011,Furniture,Chair,2023-08-03,1718.4,1444.56,-273.84,0,Spring,1,2024-03-01,574,255,5,217,355,2219709.66,24,25.0,24.0,23.0,,23.25
SKU011,2024-04-01,20,28891.2,1444.56,0,Product 011,Furniture,Chair,2023-08-03,1718.4,1444.56,-273.84,0,Spring,0,2024-04-01,708,493,5,161,317,2737899.72,0,16.0,25.0,21.0,,21.5
SKU011,2024-04-08,22,31780.32,1444.56,0,Product 011,Furniture,Chair,2023-08-03,1718.4,1444.56,-273.84,0,Spring,0,2024-04-01,708,493,5,161,317,2737899.72,7,20.0,16.0,24.0,,21.25
SKU011,2024-04-15,19,27446.64,1444.56,0,Product 011,Furniture,Chair,2023-08-03,1718.4,1444.56,-273.84,0,Spring,0,2024-04-01,708,493,5,161,317,2737899.72,14,22.0,20.0,25.0,,20.75
SKU011,2024-04-22,31,44781.36,1444.56,0,Product 011,Furniture,Chair,2023-08-03,1718.4,1444.56,-273.84,0,Spring,0,2024-04-01,708,493,5,161,317,2737899.72,21,19.0,22.0,16.0,,19.25
SKU011,2024-04-29,20,28891.2,1444.56,0,Product 011,Furniture,Chair,2023-08-03,1718.4,1444.56,-273.84,0,Spring,0,2024-04-01,708,493,5,161,317,2737899.72,28,31.0,19.0,20.0,,23.0
SKU011,2024-05-06,30,43336.8,1444.56,0,Product 011,Furniture,Chair,2023-08-03,1718.4,1444.56,-273.84,0,Summer,0,2024-05-01,301,26,14,149,531,1163994.09,5,20.0,31.0,22.0,,23.0
SKU011,2024-05-13,28,40447.68,1444.56,0,Product 011,Furniture,Chair,2023-08-03,1718.4,1444.56,-273.84,0,Summer,0,2024-05-01,301,26,14,149,531,1163994.09,12,30.0,20.0,19.0,,25.0
SKU011,2024-05-20,17,24557.52,1444.56,0,Product 011,Furniture,Chair,2023-08-03,1718.4,1444.56,-273.84,0,Summer,0,2024-05-01,301,26,14,149,531,1163994.09,19,28.0,30.0,31.0,,27.25
SKU011,2024-05-27,26,37558.560000000005,1444.56,1,Product 011,Furniture,Chair,2023-08-03,1718.4,1444.56,-273.84,0,Summer,1,2024-05-01,301,26,14,149,531,1163994.09,26,17.0,28.0,20.0,,23.75
SKU011,2024-06-03,24,34669.44,1444.56,1,Product 011,Furniture,Chair,2023-08-03,1718.4,1444.56,-273.84,0,Summer,1,2024-06-01,916,171,8,183,416,3542254.44,2,26.0,17.0,30.0,,25.25
SKU011,2024-06-10,19,27446.64,1444.56,1,Product 011,Furniture,Chair,2023-08-03,1718.4,1444.56,-273.84,0,Summer,1,2024-06-01,916,171,8,183,416,3542254.44,9,24.0,26.0,28.0,,23.75
SKU011,2024-06-17,16,23112.96,1444.56,1,Product 011,Furniture,Chair,2023-08-03,1718.4,1444.56,-273.84,0,Summer,1,2024-06-01,916,171,8,183,416,3542254.44,16,19.0,24.0,17.0,,21.5
SKU011,2024-06-24,19,27446.64,1444.56,1,Product 011,Furniture,Chair,2023-08-03,1718.4,1444.56,-273.84,0,Summer,1,2024-06-01,916,171,8,183,416,3542254.44,23,16.0,19.0,26.0,,21.25
SKU011,2024-07-01,19,27446.64,1444.56,0,Product 011,Furniture,Chair,2023-08-03,1718.4,1444.56,-273.84,0,Monsoon,0,2024-07-01,946,45,7,137,357,3658267.14,0,19.0,16.0,24.0,,19.5
SKU011,2024-07-08,27,39003.12,1444.56,0,Product 011,Furniture,Chair,2023-08-03,1718.4,1444.56,-273.84,0,Monsoon,0,2024-07-01,946,45,7,137,357,3658267.14,7,19.0,19.0,19.0,,18.25
SKU011,2024-07-15,12,17334.72,1444.56,0,Product 011,Furniture,Chair,2023-08-03,1718.4,1444.56,-273.84,0,Monsoon,0,2024-07-01,946,45,7,137,357,3658267.14,14,27.0,19.0,16.0,,20.25
SKU011,2024-07-22,14,20223.84,1444.56,0,Product 011,Furniture,Chair,2023-08-03,1718.4,1444.56,-273.84,0,Monsoon,0,2024-07-01,946,45,7,137,357,3658267.14,21,12.0,27.0,19.0,,19.25
SKU011,2024-07-29,12,17334.72,1444.56,0,Product 011,Furniture,Chair,2023-08-03,1718.4,1444.56,-273.84,0,Monsoon,0,2024-07-01,946,45,7,137,357,3658267.14,28,14.0,12.0,19.0,,18.0
SKU011,2024-08-05,16,23112.96,1444.56,0,Product 011,Furniture,Chair,2023-08-03,1718.4,1444.56,-273.84,0,Monsoon,0,2024-08-01,863,544,7,165,342,3337298.67,4,12.0,14.0,27.0,,16.25
SKU011,2024-08-12,17,24557.52,1444.56,0,Product 011,Furniture,Chair,2023-08-03,1718.4,1444.56,-273.84,1,Monsoon,0,2024-08-01,863,544,7,165,342,3337298.67,11,16.0,12.0,12.0,,13.5
SKU011,2024-08-19,9,13001.039999999999,1444.56,0,Product 011,Furniture,Chair,2023-08-03,1718.4,1444.56,-273.84,0,Monsoon,0,2024-08-01,863,544,7,165,342,3337298.67,18,17.0,16.0,14.0,,14.75
SKU011,2024-08-26,17,24557.52,1444.56,1,Product 011,Furniture,Chair,2023-08-03,1718.4,1444.56,-273.84,0,Monsoon,1,2024-08-01,863,544,7,165,342,3337298.67,25,9.0,17.0,12.0,,13.5
SKU011,2024-09-02,18,26002.08,1444.56,1,Product 011,Furniture,Chair,2023-08-03,1718.4,1444.56,-273.84,0,Monsoon,1,2024-09-01,536,391,11,122,365,2072760.24,1,17.0,9.0,16.0,,14.75
SKU011,2024-09-09,22,31780.32,1444.56,1,Product 011,Furniture,Chair,2023-08-03,1718.4,1444.56,-273.84,0,Monsoon,1,2024-09-01,536,391,11,122,365,2072760.24,8,18.0,17.0,17.0,,15.25
SKU011,2024-09-16,15,21668.4,1444.56,1,Product 011,Furniture,Chair,2023-08-03,1718.4,1444.56,-273.84,0,Monsoon,1,2024-09-01,536,391,11,122,365,2072760.24,15,22.0,18.0,9.0,,16.5
SKU011,2024-09-23,18,26002.08,1444.56,1,Product 011,Furniture,Chair,2023-08-03,1718.4,1444.56,-273.84,0,Monsoon,1,2024-09-01,536,391,11,122,365,2072760.24,22,15.0,22.0,17.0,,18.0
SKU011,2024-09-30,11,15890.16,1444.56,0,Product 011,Furniture,Chair,2023-08-03,1718.4,1444.56,-273.84,0,Monsoon,0,2024-09-01,536,391,11,122,365,2072760.24,29,18.0,15.0,18.0,,18.25
SKU011,2024-10-07,16,23112.96,1444.56,0,Product 011,Furniture,Chair,2023-08-03,1718.4,1444.56,-273.84,0,Autumn,0,2024-10-01,433,143,7,141,300,1674449.97,6,11.0,18.0,22.0,,16.5
SKU011,2024-10-14,13,18779.28,1444.56,0,Product 011,Furniture,Chair,2023-08-03,1718.4,1444.56,-273.84,0,Autumn,0,2024-10-01,433,143,7,141,300,1674449.97,13,16.0,11.0,15.0,,15.0
SKU011,2024-10-21,9,13001.04,1444.56,0,Product 011,Furniture,Chair,2023-08-03,1718.4,1444.56,-273.84,0,Autumn,0,2024-10-01,433,143,7,141,300,1674449.97,20,13.0,16.0,18.0,,14.5
SKU011,2024-10-28,15,21668.4,1444.56,1,Product 011,Furniture,Chair,2023-08-03,1718.4,1444.56,-273.84,1,Autumn,1,2024-10-01,433,143,7,141,300,1674449.97,27,9.0,13.0,11.0,,12.25
SKU011,2024-11-04,11,15890.16,1444.56,1,Product 011,Furniture,Chair,2023-08-03,1718.4,1444.56,-273.84,0,Autumn,1,2024-11-01,338,108,3,67,126,1307076.42,3,15.0,9.0,16.0,,13.25
SKU011,2024-11-11,16,23112.96,1444.56,1,Product 011,Furniture,Chair,2023-08-03,1718.4,1444.56,-273.84,0,Autumn,1,2024-11-01,338,108,3,67,126,1307076.42,10,11.0,15.0,13.0,,12.0
SKU011,2024-11-18,25,36114.0,1444.56,1,Product 011,Furniture,Chair,2023-08-03,1718.4,1444.56,-273.84,0,Autumn,1,2024-11-01,338,108,3,67,126,1307076.42,17,16.0,11.0,9.0,,12.75
SKU011,2024-11-25,22,31780.32,1444.56,1,Product 011,Furniture,Chair,2023-08-03,1718.4,1444.56,-273.84,0,Autumn,1,2024-11-01,338,108,3,67,126,1307076.42,24,25.0,16.0,15.0,,16.75
SKU011,2024-12-02,25,36114.0,1444.56,0,Product 011,Furniture,Chair,2023-08-03,1718.4,1444.56,-273.84,0,Winter,0,2024-12-01,421,675,14,121,445,1628044.89,1,22.0,25.0,11.0,,18.5
SKU011,2024-12-09,15,21668.4,1444.56,0,Product 011,Furniture,Chair,2023-08-03,1718.4,1444.56,-273.84,0,Winter,0,2024-12-01,421,675,14,121,445,1628044.89,8,25.0,22.0,16.0,,22.0
SKU011,2024-12-16,20,28891.199999999997,1444.56,0,Product 011,Furniture,Chair,2023-08-03,1718.4,1444.56,-273.84,0,Winter,0,2024-12-01,421,675,14,121,445,1628044.89,15,15.0,25.0,25.0,,21.75
SKU011,2024-12-23,17,24557.52,1444.56,0,Product 011,Furniture,Chair,2023-08-03,1718.4,1444.56,-273.84,1,Winter,0,2024-12-01,421,675,14,121,445,1628044.89,22,20.0,15.0,22.0,,20.5
SKU011,2024-12-30,17,24557.52,1444.56,0,Product 011,Furniture,Chair,2023-08-03,1718.4,1444.56,-273.84,0,Winter,0,2024-12-01,421,675,14,121,445,1628044.89,29,17.0,20.0,25.0,14.0,19.25
SKU011,2025-01-06,21,30335.760000000002,1444.56,0,Product 011,Furniture,Chair,2023-08-03,1718.4,1444.56,-273.84,0,Winter,0,2025-01-01,437,659,14,107,426,1689918.33,5,17.0,17.0,15.0,20.0,17.25
SKU011,2025-01-13,19,27446.64,1444.56,0,Product 011,Furniture,Chair,2023-08-03,1718.4,1444.56,-273.84,0,Winter,0,2025-01-01,437,659,14,107,426,1689918.33,12,21.0,17.0,20.0,14.0,18.75
SKU011,2025-01-20,24,34669.44,1444.56,0,Product 011,Furniture,Chair,2023-08-03,1718.4,1444.56,-273.84,1,Winter,0,2025-01-01,437,659,14,107,426,1689918.33,19,19.0,21.0,17.0,15.0,18.5
SKU011,2025-01-27,13,18779.28,1444.56,0,Product 011,Furniture,Chair,2023-08-03,1718.4,1444.56,-273.84,0,Winter,0,2025-01-01,437,659,14,107,426,1689918.33,26,24.0,19.0,17.0,21.0,20.25
SKU011,2025-02-03,16,23112.96,1444.56,0,Product 011,Furniture,Chair,2023-08-03,1718.4,1444.56,-273.84,0,Winter,0,2025-02-01,715,562,12,132,423,2764969.35,2,13.0,24.0,21.0,14.0,19.25
SKU011,2025-02-10,16,23112.96,1444.56,0,Product 011,Furniture,Chair,2023-08-03,1718.4,1444.56,-273.84,0,Winter,0,2025-02-01,715,562,12,132,423,2764969.35,9,16.0,13.0,19.0,20.0,18.0
SKU011,2025-02-17,23,33224.88,1444.56,0,Product 011,Furniture,Chair,2023-08-03,1718.4,1444.56,-273.84,0,Winter,0,2025-02-01,715,562,12,132,423,2764969.35,16,16.0,16.0,24.0,28.0,17.25
SKU011,2025-02-24,18,26002.079999999998,1444.56,1,Product 011,Furniture,Chair,2023-08-03,1718.4,1444.56,-273.84,0,Winter,1,2025-02-01,715,562,12,132,423,2764969.35,23,23.0,16.0,13.0,23.0,17.0
SKU011,2025-03-03,15,21668.4,1444.56,1,Product 011,Furniture,Chair,2023-08-03,1718.4,1444.56,-273.84,0,Spring,1,2025-03-01,610,289,11,160,456,2358924.9,2,18.0,23.0,16.0,21.0,18.25
SKU011,2025-03-10,22,31780.32,1444.56,1,Product 011,Furniture,Chair,2023-08-03,1718.4,1444.56,-273.84,0,Spring,1,2025-03-01,610,289,11,160,456,2358924.9,9,15.0,18.0,16.0,24.0,18.0
SKU011,2025-03-17,19,27446.64,1444.56,1,Product 011,Furniture,Chair,2023-08-03,1718.4,1444.56,-273.84,0,Spring,1,2025-03-01,610,289,11,160,456,2358924.9,16,22.0,15.0,23.0,25.0,19.5
SKU011,2025-03-24,18,26002.079999999998,1444.56,1,Product 011,Furniture,Chair,2023-08-03,1718.4,1444.56,-273.84,0,Spring,1,2025-03-01,610,289,11,160,456,2358924.9,23,19.0,22.0,18.0,16.0,18.5
SKU011,2025-03-31,20,28891.2,1444.56,0,Product 011,Furniture,Chair,2023-08-03,1718.4,1444.56,-273.84,0,Spring,0,2025-03-01,610,289,11,160,456,2358924.9,30,18.0,19.0,15.0,20.0,18.5
SKU011,2025-04-07,26,37558.56,1444.56,0,Product 011,Furniture,Chair,2023-08-03,1718.4,1444.56,-273.84,0,Spring,0,2025-04-01,853,577,6,198,386,3298627.77,6,20.0,18.0,22.0,22.0,19.75
SKU011,2025-04-14,22,31780.32,1444.56,0,Product 011,Furniture,Chair,2023-08-03,1718.4,1444.56,-273.84,0,Spring,0,2025-04-01,853,577,6,198,386,3298627.77,13,26.0,20.0,19.0,19.0,20.75
SKU011,2025-04-21,24,34669.44,1444.56,0,Product 011,Furniture,Chair,2023-08-03,1718.4,1444.56,-273.84,0,Spring,0,2025-04-01,853,577,6,198,386,3298627.77,20,22.0,26.0,18.0,31.0,21.5
SKU011,2025-04-28,17,24557.52,1444.56,0,Product 011,Furniture,Chair,2023-08-03,1718.4,1444.56,-273.84,0,Spring,0,2025-04-01,853,577,6,198,386,3298627.77,27,24.0,22.0,20.0,20.0,23.0
SKU011,2025-05-05,17,24557.52,1444.56,0,Product 011,Furniture,Chair,2023-08-03,1718.4,1444.56,-273.84,0,Summer,0,2025-05-01,752,83,14,122,515,2908051.68,4,17.0,24.0,26.0,30.0,22.25
SKU011,2025-05-12,14,20223.84,1444.56,0,Product 011,Furniture,Chair,2023-08-03,1718.4,1444.56,-273.84,0,Summer,0,2025-05-01,752,83,14,122,515,2908051.68,11,17.0,17.0,22.0,28.0,20.0
SKU011,2025-05-19,16,23112.96,1444.56,0,Product 011,Furniture,Chair,2023-08-03,1718.4,1444.56,-273.84,0,Summer,0,2025-05-01,752,83,14,122,515,2908051.68,18,14.0,17.0,24.0,17.0,18.0
SKU011,2025-05-26,29,41892.240000000005,1444.56,1,Product 011,Furniture,Chair,2023-08-03,1718.4,1444.56,-273.84,0,Summer,1,2025-05-01,752,83,14,122,515,2908051.68,25,16.0,14.0,17.0,26.0,16.0
SKU011,2025-06-02,20,28891.2,1444.56,1,Product 011,Furniture,Chair,2023-08-03,1718.4,1444.56,-273.84,0,Summer,1,2025-06-01,735,114,3,155,236,2842311.15,1,29.0,16.0,17.0,24.0,19.0
SKU011,2025-06-09,26,37558.56,1444.56,1,Product 011,Furniture,Chair,2023-08-03,1718.4,1444.56,-273.84,0,Summer,1,2025-06-01,735,114,3,155,236,2842311.15,8,20.0,29.0,14.0,19.0,19.75
SKU011,2025-06-16,18,26002.079999999998,1444.56,1,Product 011,Furniture,Chair,2023-08-03,1718.4,1444.56,-273.84,0,Summer,1,2025-06-01,735,114,3,155,236,2842311.15,15,26.0,20.0,16.0,16.0,22.75
SKU011,2025-06-23,22,31780.32,1444.56,1,Product 011,Furniture,Chair,2023-08-03,1718.4,1444.56,-273.84,0,Summer,1,2025-06-01,735,114,3,155,236,2842311.15,22,18.0,26.0,29.0,19.0,23.25
SKU011,2025-06-30,25,36114.0,1444.56,0,Product 011,Furniture,Chair,2023-08-03,1718.4,1444.56,-273.84,0,Summer,0,2025-06-01,735,114,3,155,236,2842311.15,29,22.0,18.0,20.0,19.0,21.5
SKU011,2025-07-07,14,20223.84,1444.56,0,Product 011,Furniture,Chair,2023-08-03,1718.4,1444.56,-273.84,0,Monsoon,0,2025-07-01,214,218,7,103,309,827557.26,6,25.0,22.0,26.0,27.0,22.75
SKU011,2025-07-14,21,30335.76,1444.56,0,Product 011,Furniture,Chair,2023-08-03,1718.4,1444.56,-273.84,0,Monsoon,0,2025-07-01,214,218,7,103,309,827557.26,13,14.0,25.0,18.0,12.0,19.75
SKU011,2025-07-21,11,15890.16,1444.56,0,Product 011,Furniture,Chair,2023-08-03,1718.4,1444.56,-273.84,0,Monsoon,0,2025-07-01,214,218,7,103,309,827557.26,20,21.0,14.0,22.0,14.0,20.5
SKU011,2025-07-28,18,26002.08,1444.56,0,Product 011,Furniture,Chair,2023-08-03,1718.4,1444.56,-273.84,0,Monsoon,0,2025-07-01,214,218,7,103,309,827557.26,27,11.0,21.0,25.0,12.0,17.75
SKU011,2025-08-04,22,31780.32,1444.56,0,Product 011,Furniture,Chair,2023-08-03,1718.4,1444.56,-273.84,0,Monsoon,0,2025-08-01,145,441,4,178,276,560728.05,3,18.0,11.0,14.0,16.0,16.0
SKU011,2025-08-11,14,20223.84,1444.56,0,Product 011,Furniture,Chair,2023-08-03,1718.4,1444.56,-273.84,1,Monsoon,0,2025-08-01,145,441,4,178,276,560728.05,10,22.0,18.0,21.0,17.0,18.0
SKU011,2025-08-18,24,34669.44,1444.56,0,Product 011,Furniture,Chair,2023-08-03,1718.4,1444.56,-273.84,0,Monsoon,0,2025-08-01,145,441,4,178,276,560728.05,17,14.0,22.0,11.0,9.0,16.25
SKU011,2025-08-25,11,15890.16,1444.56,0,Product 011,Furniture,Chair,2023-08-03,1718.4,1444.56,-273.84,0,Monsoon,0,2025-08-01,145,441,4,178,276,560728.05,24,24.0,14.0,18.0,17.0,19.5
SKU011,2025-09-01,16,23112.96,1444.56,1,Product 011,Furniture,Chair,2023-08-03,1718.4,1444.56,-273.84,0,Monsoon,1,2025-09-01,592,979,14,180,515,2289317.28,0,11.0,24.0,22.0,18.0,17.75
SKU011,2025-09-08,16,23112.96,1444.56,1,Product 011,Furniture,Chair,2023-08-03,1718.4,1444.56,-273.84,0,Monsoon,1,2025-09-01,592,979,14,180,515,2289317.28,7,16.0,11.0,14.0,22.0,16.25
SKU011,2025-09-15,16,23112.96,1444.56,1,Product 011,Furniture,Chair,2023-08-03,1718.4,1444.56,-273.84,0,Monsoon,1,2025-09-01,592,979,14,180,515,2289317.28,14,16.0,16.0,24.0,15.0,16.75
SKU011,2025-09-22,11,15890.16,1444.56,1,Product 011,Furniture,Chair,2023-08-03,1718.4,1444.56,-273.84,0,Monsoon,1,2025-09-01,592,979,14,180,515,2289317.28,21,16.0,16.0,11.0,18.0,14.75
SKU011,2025-09-29,28,40447.68,1444.56,0,Product 011,Furniture,Chair,2023-08-03,1718.4,1444.56,-273.84,0,Monsoon,0,2025-09-01,592,979,14,180,515,2289317.28,28,11.0,16.0,16.0,11.0,14.75
SKU011,2025-10-06,16,23112.96,1444.56,0,Product 011,Furniture,Chair,2023-08-03,1718.4,1444.56,-273.84,0,Autumn,0,2025-10-01,330,213,7,117,264,1276139.7,5,28.0,11.0,16.0,16.0,17.75
SKU011,2025-10-13,11,15890.16,1444.56,0,Product 011,Furniture,Chair,2023-08-03,1718.4,1444.56,-273.84,0,Autumn,0,2025-10-01,330,213,7,117,264,1276139.7,12,16.0,28.0,16.0,13.0,17.75
SKU011,2025-10-20,18,26002.08,1444.56,0,Product 011,Furniture,Chair,2023-08-03,1718.4,1444.56,-273.84,1,Autumn,0,2025-10-01,330,213,7,117,264,1276139.7,19,11.0,16.0,11.0,9.0,16.5
SKU011,2025-10-27,19,27446.64,1444.56,1,Product 011,Furniture,Chair,2023-08-03,1718.4,1444.56,-273.84,0,Autumn,1,2025-10-01,330,213,7,117,264,1276139.7,26,18.0,11.0,28.0,15.0,18.25
SKU011,2025-11-03,19,27446.64,1444.56,1,Product 011,Furniture,Chair,2023-08-03,1718.4,1444.56,-273.84,0,Autumn,1,2025-11-01,346,118,3,60,118,1338013.14,2,19.0,18.0,16.0,11.0,16.0
SKU011,2025-11-10,25,36114.0,1444.56,1,Product 011,Furniture,Chair,2023-08-03,1718.4,1444.56,-273.84,0,Autumn,1,2025-11-01,346,118,3,60,118,1338013.14,9,19.0,19.0,11.0,16.0,16.75
SKU011,2025-11-17,9,13001.039999999999,1444.56,1,Product 011,Furniture,Chair,2023-08-03,1718.4,1444.56,-273.84,0,Autumn,1,2025-11-01,346,118,3,60,118,1338013.14,16,25.0,19.0,18.0,25.0,20.25
SKU011,2025-11-24,15,21668.4,1444.56,1,Product 011,Furniture,Chair,2023-08-03,1718.4,1444.56,-273.84,0,Autumn,1,2025-11-01,346,118,3,60,118,1338013.14,23,9.0,25.0,19.0,22.0,18.0
SKU011,2025-12-01,17,24557.52,1444.56,0,Product 011,Furniture,Chair,2023-08-03,1718.4,1444.56,-273.84,0,Winter,0,2025-12-01,753,269,3,179,247,2911918.77,0,15.0,9.0,19.0,25.0,17.0
SKU011,2025-12-08,23,33224.880000000005,1444.56,0,Product 011,Furniture,Chair,2023-08-03,1718.4,1444.56,-273.84,0,Winter,0,2025-12-01,753,269,3,179,247,2911918.77,7,17.0,15.0,25.0,15.0,16.5
SKU011,2025-12-15,18,26002.08,1444.56,0,Product 011,Furniture,Chair,2023-08-03,1718.4,1444.56,-273.84,0,Winter,0,2025-12-01,753,269,3,179,247,2911918.77,14,23.0,17.0,9.0,20.0,16.0
SKU011,2025-12-22,22,31780.32,1444.56,0,Product 011,Furniture,Chair,2023-08-03,1718.4,1444.56,-273.84,1,Winter,0,2025-12-01,753,269,3,179,247,2911918.77,21,18.0,23.0,15.0,17.0,18.25
SKU012,2024-01-01,181,1589065.97,8779.37,0,Product 012,Home Decor,Table,2024-12-09,1256.89,8779.37,7522.48,0,Winter,0,2024-01-01,24,14,3,5,10,34697.76,0,,,,,
SKU012,2024-01-08,176,1545169.12,8779.37,0,Product 012,Home Decor,Table,2024-12-09,1256.89,8779.37,7522.48,0,Winter,0,2024-01-01,24,14,3,5,10,34697.76,7,181.0,,,,
SKU012,2024-01-15,178,1562727.8599999999,8779.37,0,Product 012,Home Decor,Table,2024-12-09,1256.89,8779.37,7522.48,0,Winter,0,2024-01-01,24,14,3,5,10,34697.76,14,176.0,181.0,,,
SKU012,2024-01-22,185,1624183.45,8779.37,0,Product 012,Home Decor,Table,2024-12-09,1256.89,8779.37,7522.48,1,Winter,0,2024-01-01,24,14,3,5,10,34697.76,21,178.0,176.0,,,
SKU012,2024-01-29,186,1632962.82,8779.37,0,Product 012,Home Decor,Table,2024-12-09,1256.89,8779.37,7522.48,0,Winter,0,2024-01-01,24,14,3,5,10,34697.76,28,185.0,178.0,181.0,,180.0
SKU012,2024-02-05,206,1808550.22,8779.37,0,Product 012,Home Decor,Table,2024-12-09,1256.89,8779.37,7522.48,0,Winter,0,2024-02-01,67,83,13,13,56,96864.58,4,186.0,185.0,176.0,,181.25
SKU012,2024-02-12,192,1685639.04,8779.37,0,Product 012,Home Decor,Table,2024-12-09,1256.89,8779.37,7522.48,0,Winter,0,2024-02-01,67,83,13,13,56,96864.58,11,206.0,186.0,178.0,,188.75
SKU012,2024-02-19,190,1668080.3,8779.37,0,Product 012,Home Decor,Table,2024-12-09,1256.89,8779.37,7522.48,0,Winter,0,2024-02-01,67,83,13,13,56,96864.58,18,192.0,206.0,185.0,,192.25
SKU012,2024-02-26,229,2010475.73,8779.37,1,Product 012,Home Decor,Table,2024-12-09,1256.89,8779.37,7522.48,0,Winter,1,2024-02-01,67,83,13,13,56,96864.58,25,190.0,192.0,186.0,,193.5
SKU012,2024-03-04,205,1799770.85,8779.37,1,Product 012,Home Decor,Table,2024-12-09,1256.89,8779.37,7522.48,0,Spring,1,2024-03-01,93,39,5,11,29,134453.82,3,229.0,190.0,206.0,,204.25
SKU012,2024-03-11,206,1808550.22,8779.37,1,Product 012,Home Decor,Table,2024-12-09,1256.89,8779.37,7522.48,0,Spring,1,2024-03-01,93,39,5,11,29,134453.82,10,205.0,229.0,192.0,,204.0
SKU012,2024-03-18,210,1843667.7,8779.37,1,Product 012,Home Decor,Table,2024-12-09,1256.89,8779.37,7522.48,0,Spring,1,2024-03-01,93,39,5,11,29,134453.82,17,206.0,205.0,190.0,,207.5
SKU012,2024-03-25,231,2028034.47,8779.37,1,Product 012,Home Decor,Table,2024-12-09,1256.89,8779.37,7522.48,0,Spring,1,2024-03-01,93,39,5,11,29,134453.82,24,210.0,206.0,229.0,,212.5
SKU012,2024-04-01,223,1957799.51,8779.37,0,Product 012,Home Decor,Table,2024-12-09,1256.89,8779.37,7522.48,0,Spring,0,2024-04-01,22,32,4,21,38,31806.28,0,231.0,210.0,205.0,,213.0
SKU012,2024-04-08,211,1852447.0699999998,8779.37,0,Product 012,Home Decor,Table,2024-12-09,1256.89,8779.37,7522.48,0,Spring,0,2024-04-01,22,32,4,21,38,31806.28,7,223.0,231.0,206.0,,217.5
SKU012,2024-04-15,216,1896343.92,8779.37,0,Product 012,Home Decor,Table,2024-12-09,1256.89,8779.37,7522.48,0,Spring,0,2024-04-01,22,32,4,21,38,31806.28,14,211.0,223.0,210.0,,218.75
SKU012,2024-04-22,217,1905123.29,8779.37,0,Product 012,Home Decor,Table,2024-12-09,1256.89,8779.37,7522.48,0,Spring,0,2024-04-01,22,32,4,21,38,31806.28,21,216.0,211.0,231.0,,220.25
SKU012,2024-04-29,209,1834888.3299999998,8779.37,0,Product 012,Home Decor,Table,2024-12-09,1256.89,8779.37,7522.48,0,Spring,0,2024-04-01,22,32,4,21,38,31806.28,28,217.0,216.0,223.0,,216.75
SKU012,2024-05-06,210,1843667.7,8779.37,0,Product 012,Home Decor,Table,2024-12-09,1256.89,8779.37,7522.48,0,Summer,0,2024-05-01,100,14,12,18,67,144574.0,5,209.0,217.0,211.0,,213.25
SKU012,2024-05-13,188,1650521.56,8779.37,0,Product 012,Home Decor,Table,2024-12-09,1256.89,8779.37,7522.48,0,Summer,0,2024-05-01,100,14,12,18,67,144574.0,12,210.0,209.0,216.0,,213.0
SKU012,2024-05-20,183,1606624.71,8779.37,0,Product 012,Home Decor,Table,2024-12-09,1256.89,8779.37,7522.48,0,Summer,0,2024-05-01,100,14,12,18,67,144574.0,19,188.0,210.0,217.0,,206.0
SKU012,2024-05-27,204,1790991.48,8779.37,1,Product 012,Home Decor,Table,2024-12-09,1256.89,8779.37,7522.48,0,Summer,1,2024-05-01,100,14,12,18,67,144574.0,26,183.0,188.0,209.0,,197.5
SKU012,2024-06-03,205,1799770.85,8779.37,1,Product 012,Home Decor,Table,2024-12-09,1256.89,8779.37,7522.48,0,Summer,1,2024-06-01,36,50,13,25,69,52046.64,2,204.0,183.0,210.0,,196.25
SKU012,2024-06-10,230,2019255.1,8779.37,1,Product 012,Home Decor,Table,2024-12-09,1256.89,8779.37,7522.48,0,Summer,1,2024-06-01,36,50,13,25,69,52046.64,9,205.0,204.0,188.0,,195.0
SKU012,2024-06-17,213,1870005.81,8779.37,1,Product 012,Home Decor,Table,2024-12-09,1256.89,8779.37,7522.48,0,Summer,1,2024-06-01,36,50,13,25,69,52046.64,16,230.0,205.0,183.0,,205.5
SKU012,2024-06-24,202,1773432.74,8779.37,1,Product 012,Home Decor,Table,2024-12-09,1256.89,8779.37,7522.48,0,Summer,1,2024-06-01,36,50,13,25,69,52046.64,23,213.0,230.0,204.0,,213.0
SKU012,2024-07-01,173,1518831.01,8779.37,0,Product 012,Home Decor,Table,2024-12-09,1256.89,8779.37,7522.48,0,Monsoon,0,2024-07-01,151,18,6,23,49,218306.74,0,202.0,213.0,205.0,,212.5
SKU012,2024-07-08,174,1527610.38,8779.37,0,Product 012,Home Decor,Table,2024-12-09,1256.89,8779.37,7522.48,0,Monsoon,0,2024-07-01,151,18,6,23,49,218306.74,7,173.0,202.0,230.0,,204.5
SKU012,2024-07-15,190,1668080.3,8779.37,0,Product 012,Home Decor,Table,2024-12-09,1256.89,8779.37,7522.48,0,Monsoon,0,2024-07-01,151,18,6,23,49,218306.74,14,174.0,173.0,213.0,,190.5
SKU012,2024-07-22,198,1738315.26,8779.37,0,Product 012,Home Decor,Table,2024-12-09,1256.89,8779.37,7522.48,0,Monsoon,0,2024-07-01,151,18,6,23,49,218306.74,21,190.0,174.0,202.0,,184.75
SKU012,2024-07-29,163,1431037.31,8779.37,0,Product 012,Home Decor,Table,2024-12-09,1256.89,8779.37,7522.48,0,Monsoon,0,2024-07-01,151,18,6,23,49,218306.74,28,198.0,190.0,173.0,,183.75
SKU012,2024-08-05,163,1431037.31,8779.37,0,Product 012,Home Decor,Table,2024-12-09,1256.89,8779.37,7522.48,0,Monsoon,0,2024-08-01,30,43,13,21,61,43372.2,4,163.0,198.0,174.0,,181.25
SKU012,2024-08-12,154,1352022.98,8779.37,0,Product 012,Home Decor,Table,2024-12-09,1256.89,8779.37,7522.48,1,Monsoon,0,2024-08-01,30,43,13,21,61,43372.2,11,163.0,163.0,190.0,,178.5
SKU012,2024-08-19,169,1483713.53,8779.37,0,Product 012,Home Decor,Table,2024-12-09,1256.89,8779.37,7522.48,0,Monsoon,0,2024-08-01,30,43,13,21,61,43372.2,18,154.0,163.0,198.0,,169.5
SKU012,2024-08-26,176,1545169.12,8779.37,1,Product 012,Home Decor,Table,2024-12-09,1256.89,8779.37,7522.48,0,Monsoon,1,2024-08-01,30,43,13,21,61,43372.2,25,169.0,154.0,163.0,,162.25
SKU012,2024-09-02,151,1325684.87,8779.37,1,Product 012,Home Decor,Table,2024-12-09,1256.89,8779.37,7522.48,0,Monsoon,1,2024-09-01,51,28,3,15,25,73732.74,1,176.0,169.0,163.0,,165.5
SKU012,2024-09-09,167,1466154.79,8779.37,1,Product 012,Home Decor,Table,2024-12-09,1256.89,8779.37,7522.48,0,Monsoon,1,2024-09-01,51,28,3,15,25,73732.74,8,151.0,176.0,154.0,,162.5
SKU012,2024-09-16,163,1431037.31,8779.37,1,Product 012,Home Decor,Table,2024-12-09,1256.89,8779.37,7522.48,0,Monsoon,1,2024-09-01,51,28,3,15,25,73732.74,15,167.0,151.0,169.0,,165.75
SKU012,2024-09-23,174,1527610.38,8779.37,1,Product 012,Home Decor,Table,2024-12-09,1256.89,8779.37,7522.48,0,Monsoon,1,2024-09-01,51,28,3,15,25,73732.74,22,163.0,167.0,176.0,,164.25
SKU012,2024-09-30,144,1264229.28,8779.37,0,Product 012,Home Decor,Table,2024-12-09,1256.89,8779.37,7522.48,0,Monsoon,0,2024-09-01,51,28,3,15,25,73732.74,29,174.0,163.0,151.0,,163.75
SKU012,2024-10-07,144,1264229.28,8779.37,0,Product 012,Home Decor,Table,2024-12-09,1256.89,8779.37,7522.48,0,Autumn,0,2024-10-01,99,73,12,14,48,143128.26,6,144.0,174.0,167.0,,162.0
SKU012,2024-10-14,144,1264229.28,8779.37,0,Product 012,Home Decor,Table,2024-12-09,1256.89,8779.37,7522.48,0,Autumn,0,2024-10-01,99,73,12,14,48,143128.26,13,144.0,144.0,163.0,,156.25
SKU012,2024-10-21,140,1229111.8,8779.37,0,Product 012,Home Decor,Table,2024-12-09,1256.89,8779.37,7522.48,0,Autumn,0,2024-10-01,99,73,12,14,48,143128.26,20,144.0,144.0,174.0,,151.5
SKU012,2024-10-28,183,1606624.71,8779.37,1,Product 012,Home Decor,Table,2024-12-09,1256.89,8779.37,7522.48,1,Autumn,1,2024-10-01,99,73,12,14,48,143128.26,27,140.0,144.0,144.0,,143.0
SKU012,2024-11-04,156,1369581.72,8779.37,1,Product 012,Home Decor,Table,2024-12-09,1256.89,8779.37,7522.48,0,Autumn,1,2024-11-01,99,94,11,22,53,143128.26,3,183.0,140.0,144.0,,152.75
SKU012,2024-11-11,179,1571507.23,8779.37,1,Product 012,Home Decor,Table,2024-12-09,1256.89,8779.37,7522.48,0,Autumn,1,2024-11-01,99,94,11,22,53,143128.26,10,156.0,183.0,144.0,,155.75
SKU012,2024-11-18,177,1553948.49,8779.37,1,Product 012,Home Decor,Table,2024-12-09,1256.89,8779.37,7522.48,0,Autumn,1,2024-11-01,99,94,11,22,53,143128.26,17,179.0,156.0,140.0,,164.5
SKU012,2024-11-25,170,1492492.9,8779.37,1,Product 012,Home Decor,Table,2024-12-09,1256.89,8779.37,7522.48,0,Autumn,1,2024-11-01,99,94,11,22,53,143128.26,24,177.0,179.0,183.0,,173.75
SKU012,2024-12-02,147,1290567.39,8779.37,0,Product 012,Home Decor,Table,2024-12-09,1256.89,8779.37,7522.48,0,Winter,0,2024-12-01,70,1,13,24,63,101201.8,1,170.0,177.0,156.0,,170.5
SKU012,2024-12-09,184,1615404.08,8779.37,0,Product 012,Home Decor,Table,2024-12-09,1256.89,8779.37,7522.48,0,Winter,0,2024-12-01,70,1,13,24,63,101201.8,8,147.0,170.0,179.0,,168.25
SKU012,2024-12-16,161,1413478.57,8779.37,0,Product 012,Home Decor,Table,2024-12-09,1256.89,8779.37,7522.48,0,Winter,0,2024-12-01,70,1,13,24,63,101201.8,15,184.0,147.0,177.0,,169.5
SKU012,2024-12-23,161,1413478.57,8779.37,0,Product 012,Home Decor,Table,2024-12-09,1256.89,8779.37,7522.48,1,Winter,0,2024-12-01,70,1,13,24,63,101201.8,22,161.0,184.0,170.0,,165.5
SKU012,2024-12-30,161,1413478.57,8779.37,0,Product 012,Home Decor,Table,2024-12-09,1256.89,8779.37,7522.48,0,Winter,0,2024-12-01,70,1,13,24,63,101201.8,29,161.0,161.0,147.0,181.0,163.25
SKU012,2025-01-06,180,1580286.5999999999,8779.37,0,Product 012,Home Decor,Table,2024-12-09,1256.89,8779.37,7522.48,0,Winter,0,2025-01-01,60,18,4,15,27,86744.4,5,161.0,161.0,184.0,176.0,166.75
SKU012,2025-01-13,194,1703197.78,8779.37,0,Product 012,Home Decor,Table,2024-12-09,1256.89,8779.37,7522.48,0,Winter,0,2025-01-01,60,18,4,15,27,86744.4,12,180.0,161.0,161.0,178.0,165.75
SKU012,2025-01-20,191,1676859.67,8779.37,0,Product 012,Home Decor,Table,2024-12-09,1256.89,8779.37,7522.48,1,Winter,0,2025-01-01,60,18,4,15,27,86744.4,19,194.0,180.0,161.0,185.0,174.0
SKU012,2025-01-27,172,1510051.6400000001,8779.37,0,Product 012,Home Decor,Table,2024-12-09,1256.89,8779.37,7522.48,0,Winter,0,2025-01-01,60,18,4,15,27,86744.4,26,191.0,194.0,161.0,186.0,181.5
SKU012,2025-02-03,195,1711977.15,8779.37,0,Product 012,Home Decor,Table,2024-12-09,1256.89,8779.37,7522.48,0,Winter,0,2025-02-01,76,12,3,11,20,109876.24,2,172.0,191.0,180.0,206.0,184.25
SKU012,2025-02-10,203,1782212.1099999999,8779.37,0,Product 012,Home Decor,Table,2024-12-09,1256.89,8779.37,7522.48,0,Winter,0,2025-02-01,76,12,3,11,20,109876.24,9,195.0,172.0,194.0,192.0,188.0
SKU012,2025-02-17,214,1878785.18,8779.37,0,Product 012,Home Decor,Table,2024-12-09,1256.89,8779.37,7522.48,0,Winter,0,2025-02-01,76,12,3,11,20,109876.24,16,203.0,195.0,191.0,190.0,190.25
SKU012,2025-02-24,208,1826108.96,8779.37,1,Product 012,Home Decor,Table,2024-12-09,1256.89,8779.37,7522.48,0,Winter,1,2025-02-01,76,12,3,11,20,109876.24,23,214.0,203.0,172.0,229.0,196.0
SKU012,2025-03-03,224,1966578.88,8779.37,1,Product 012,Home Decor,Table,2024-12-09,1256.89,8779.37,7522.48,0,Spring,1,2025-03-01,59,57,13,25,77,85298.66,2,208.0,214.0,195.0,205.0,205.0
SKU012,2025-03-10,217,1905123.29,8779.37,1,Product 012,Home Decor,Table,2024-12-09,1256.89,8779.37,7522.48,0,Spring,1,2025-03-01,59,57,13,25,77,85298.66,9,224.0,208.0,203.0,206.0,212.25
SKU012,2025-03-17,217,1905123.29,8779.37,1,Product 012,Home Decor,Table,2024-12-09,1256.89,8779.37,7522.48,0,Spring,1,2025-03-01,59,57,13,25,77,85298.66,16,217.0,224.0,214.0,210.0,215.75
SKU012,2025-03-24,253,2221180.61,8779.37,1,Product 012,Home Decor,Table,2024-12-09,1256.89,8779.37,7522.48,0,Spring,1,2025-03-01,59,57,13,25,77,85298.66,23,217.0,217.0,208.0,231.0,216.5
SKU012,2025-03-31,218,1913902.66,8779.37,0,Product 012,Home Decor,Table,2024-12-09,1256.89,8779.37,7522.48,0,Spring,0,2025-03-01,59,57,13,25,77,85298.66,30,253.0,217.0,224.0,223.0,227.75
SKU012,2025-04-07,195,1711977.15,8779.37,0,Product 012,Home Decor,Table,2024-12-09,1256.89,8779.37,7522.48,0,Spring,0,2025-04-01,103,60,6,22,46,148911.22,6,218.0,253.0,217.0,211.0,226.25
SKU012,2025-04-14,198,1738315.26,8779.37,0,Product 012,Home Decor,Table,2024-12-09,1256.89,8779.37,7522.48,0,Spring,0,2025-04-01,103,60,6,22,46,148911.22,13,195.0,218.0,217.0,216.0,220.75
SKU012,2025-04-21,210,1843667.7,8779.37,0,Product 012,Home Decor,Table,2024-12-09,1256.89,8779.37,7522.48,0,Spring,0,2025-04-01,103,60,6,22,46,148911.22,20,198.0,195.0,253.0,217.0,216.0
SKU012,2025-04-28,202,1773432.74,8779.37,0,Product 012,Home Decor,Table,2024-12-09,1256.89,8779.37,7522.48,0,Spring,0,2025-04-01,103,60,6,22,46,148911.22,27,210.0,198.0,218.0,209.0,205.25
SKU012,2025-05-05,196,1720756.52,8779.37,0,Product 012,Home Decor,Table,2024-12-09,1256.89,8779.37,7522.48,0,Summer,0,2025-05-01,61,61,3,24,35,88190.14,4,202.0,210.0,195.0,210.0,201.25
SKU012,2025-05-12,206,1808550.22,8779.37,0,Product 012,Home Decor,Table,2024-12-09,1256.89,8779.37,7522.48,0,Summer,0,2025-05-01,61,61,3,24,35,88190.14,11,196.0,202.0,198.0,188.0,201.5
SKU012,2025-05-19,202,1773432.74,8779.37,0,Product 012,Home Decor,Table,2024-12-09,1256.89,8779.37,7522.48,0,Summer,0,2025-05-01,61,61,3,24,35,88190.14,18,206.0,196.0,210.0,183.0,203.5
SKU012,2025-05-26,200,1755874.0,8779.37,1,Product 012,Home Decor,Table,2024-12-09,1256.89,8779.37,7522.48,0,Summer,1,2025-05-01,61,61,3,24,35,88190.14,25,202.0,206.0,202.0,204.0,201.5
SKU012,2025-06-02,205,1799770.8499999999,8779.37,1,Product 012,Home Decor,Table,2024-12-09,1256.89,8779.37,7522.48,0,Summer,1,2025-06-01,62,73,3,24,37,89635.88,1,200.0,202.0,196.0,205.0,201.0
SKU012,2025-06-09,204,1790991.48,8779.37,1,Product 012,Home Decor,Table,2024-12-09,1256.89,8779.37,7522.48,0,Summer,1,2025-06-01,62,73,3,24,37,89635.88,8,205.0,200.0,206.0,230.0,203.25
SKU012,2025-06-16,190,1668080.3,8779.37,1,Product 012,Home Decor,Table,2024-12-09,1256.89,8779.37,7522.48,0,Summer,1,2025-06-01,62,73,3,24,37,89635.88,15,204.0,205.0,202.0,213.0,202.75
SKU012,2025-06-23,173,1518831.01,8779.37,1,Product 012,Home Decor,Table,2024-12-09,1256.89,8779.37,7522.48,0,Summer,1,2025-06-01,62,73,3,24,37,89635.88,22,190.0,204.0,200.0,202.0,199.75
SKU012,2025-06-30,171,1501272.27,8779.37,0,Product 012,Home Decor,Table,2024-12-09,1256.89,8779.37,7522.48,0,Summer,0,2025-06-01,62,73,3,24,37,89635.88,29,173.0,190.0,205.0,173.0,193.0
SKU012,2025-07-07,189,1659300.93,8779.37,0,Product 012,Home Decor,Table,2024-12-09,1256.89,8779.37,7522.48,0,Monsoon,0,2025-07-01,128,164,14,27,84,185054.72,6,171.0,173.0,204.0,174.0,184.5
SKU012,2025-07-14,179,1571507.23,8779.37,0,Product 012,Home Decor,Table,2024-12-09,1256.89,8779.37,7522.48,0,Monsoon,0,2025-07-01,128,164,14,27,84,185054.72,13,189.0,171.0,190.0,190.0,180.75
SKU012,2025-07-21,155,1360802.35,8779.37,0,Product 012,Home Decor,Table,2024-12-09,1256.89,8779.37,7522.48,0,Monsoon,0,2025-07-01,128,164,14,27,84,185054.72,20,179.0,189.0,173.0,198.0,178.0
SKU012,2025-07-28,160,1404699.2,8779.37,0,Product 012,Home Decor,Table,2024-12-09,1256.89,8779.37,7522.48,0,Monsoon,0,2025-07-01,128,164,14,27,84,185054.72,27,155.0,179.0,171.0,163.0,173.5
SKU012,2025-08-04,163,1431037.31,8779.37,0,Product 012,Home Decor,Table,2024-12-09,1256.89,8779.37,7522.48,0,Monsoon,0,2025-08-01,55,112,13,27,82,79515.7,3,160.0,155.0,189.0,163.0,170.75
SKU012,2025-08-11,177,1553948.49,8779.37,0,Product 012,Home Decor,Table,2024-12-09,1256.89,8779.37,7522.48,1,Monsoon,0,2025-08-01,55,112,13,27,82,79515.7,10,163.0,160.0,179.0,154.0,164.25
SKU012,2025-08-18,178,1562727.8599999999,8779.37,0,Product 012,Home Decor,Table,2024-12-09,1256.89,8779.37,7522.48,0,Monsoon,0,2025-08-01,55,112,13,27,82,79515.7,17,177.0,163.0,155.0,169.0,163.75
SKU012,2025-08-25,171,1501272.27,8779.37,0,Product 012,Home Decor,Table,2024-12-09,1256.89,8779.37,7522.48,0,Monsoon,0,2025-08-01,55,112,13,27,82,79515.7,24,178.0,177.0,160.0,176.0,169.5
SKU012,2025-09-01,180,1580286.6,8779.37,1,Product 012,Home Decor,Table,2024-12-09,1256.89,8779.37,7522.48,0,Monsoon,1,2025-09-01,43,17,12,21,57,62166.82,0,171.0,178.0,163.0,151.0,172.25
SKU012,2025-09-08,160,1404699.2000000002,8779.37,1,Product 012,Home Decor,Table,2024-12-09,1256.89,8779.37,7522.48,0,Monsoon,1,2025-09-01,43,17,12,21,57,62166.82,7,180.0,171.0,177.0,167.0,176.5
SKU012,2025-09-15,171,1501272.27,8779.37,1,Product 012,Home Decor,Table,2024-12-09,1256.89,8779.37,7522.48,0,Monsoon,1,2025-09-01,43,17,12,21,57,62166.82,14,160.0,180.0,178.0,163.0,172.25
SKU012,2025-09-22,150,1316905.5,8779.37,1,Product 012,Home Decor,Table,2024-12-09,1256.89,8779.37,7522.48,0,Monsoon,1,2025-09-01,43,17,12,21,57,62166.82,21,171.0,160.0,171.0,174.0,170.5
SKU012,2025-09-29,136,1193994.32,8779.37,0,Product 012,Home Decor,Table,2024-12-09,1256.89,8779.37,7522.48,0,Monsoon,0,2025-09-01,43,17,12,21,57,62166.82,28,150.0,171.0,180.0,144.0,165.25
SKU012,2025-10-06,140,1229111.8,8779.37,0,Product 012,Home Decor,Table,2024-12-09,1256.89,8779.37,7522.48,0,Autumn,0,2025-10-01,42,13,3,12,20,60721.08,5,136.0,150.0,160.0,144.0,154.25
SKU012,2025-10-13,128,1123759.36,8779.37,0,Product 012,Home Decor,Table,2024-12-09,1256.89,8779.37,7522.48,0,Autumn,0,2025-10-01,42,13,3,12,20,60721.08,12,140.0,136.0,171.0,144.0,149.25
SKU012,2025-10-20,141,1237891.17,8779.37,0,Product 012,Home Decor,Table,2024-12-09,1256.89,8779.37,7522.48,1,Autumn,0,2025-10-01,42,13,3,12,20,60721.08,19,128.0,140.0,150.0,140.0,138.5
SKU012,2025-10-27,151,1325684.87,8779.37,1,Product 012,Home Decor,Table,2024-12-09,1256.89,8779.37,7522.48,0,Autumn,1,2025-10-01,42,13,3,12,20,60721.08,26,141.0,128.0,136.0,183.0,136.25
SKU012,2025-11-03,155,1360802.35,8779.37,1,Product 012,Home Decor,Table,2024-12-09,1256.89,8779.37,7522.48,0,Autumn,1,2025-11-01,36,46,7,15,35,52046.64,2,151.0,141.0,140.0,156.0,140.0
SKU012,2025-11-10,163,1431037.31,8779.37,1,Product 012,Home Decor,Table,2024-12-09,1256.89,8779.37,7522.48,0,Autumn,1,2025-11-01,36,46,7,15,35,52046.64,9,155.0,151.0,128.0,179.0,143.75
SKU012,2025-11-17,155,1360802.35,8779.37,1,Product 012,Home Decor,Table,2024-12-09,1256.89,8779.37,7522.48,0,Autumn,1,2025-11-01,36,46,7,15,35,52046.64,16,163.0,155.0,141.0,177.0,152.5
SKU012,2025-11-24,161,1413478.5699999998,8779.37,1,Product 012,Home Decor,Table,2024-12-09,1256.89,8779.37,7522.48,0,Autumn,1,2025-11-01,36,46,7,15,35,52046.64,23,155.0,163.0,151.0,170.0,156.0
SKU012,2025-12-01,167,1466154.79,8779.37,0,Product 012,Home Decor,Table,2024-12-09,1256.89,8779.37,7522.48,0,Winter,0,2025-12-01,47,60,12,16,58,67949.78,0,161.0,155.0,155.0,147.0,158.5
SKU012,2025-12-08,155,1360802.35,8779.37,0,Product 012,Home Decor,Table,2024-12-09,1256.89,8779.37,7522.48,0,Winter,0,2025-12-01,47,60,12,16,58,67949.78,7,167.0,161.0,163.0,184.0,161.5
SKU012,2025-12-15,171,1501272.27,8779.37,0,Product 012,Home Decor,Table,2024-12-09,1256.89,8779.37,7522.48,0,Winter,0,2025-12-01,47,60,12,16,58,67949.78,14,155.0,167.0,155.0,161.0,159.5
SKU012,2025-12-22,150,1316905.5,8779.37,0,Product 012,Home Decor,Table,2024-12-09,1256.89,8779.37,7522.48,1,Winter,0,2025-12-01,47,60,12,16,58,67949.78,21,171.0,155.0,161.0,161.0,163.5
SKU013,2024-01-01,101,581535.78,5757.78,0,Product 013,Kitchen,Cushion,2024-03-20,3936.71,5757.78,1821.07,0,Winter,0,2024-01-01,5,19,4,6,10,38741.0,0,,,,,
SKU013,2024-01-08,99,570020.22,5757.78,0,Product 013,Kitchen,Cushion,2024-03-20,3936.71,5757.78,1821.07,0,Winter,0,2024-01-01,5,19,4,6,10,38741.0,7,101.0,,,,
SKU013,2024-01-15,105,604566.9,5757.78,0,Product 013,Kitchen,Cushion,2024-03-20,3936.71,5757.78,1821.07,0,Winter,0,2024-01-01,5,19,4,6,10,38741.0,14,99.0,101.0,,,
SKU013,2024-01-22,97,558504.66,5757.78,0,Product 013,Kitchen,Cushion,2024-03-20,3936.71,5757.78,1821.07,1,Winter,0,2024-01-01,5,19,4,6,10,38741.0,21,105.0,99.0,,,
SKU013,2024-01-29,98,564262.44,5757.78,0,Product 013,Kitchen,Cushion,2024-03-20,3936.71,5757.78,1821.07,0,Winter,0,2024-01-01,5,19,4,6,10,38741.0,28,97.0,105.0,101.0,,100.5
SKU013,2024-02-05,117,673660.26,5757.78,0,Product 013,Kitchen,Cushion,2024-03-20,3936.71,5757.78,1821.07,0,Winter,0,2024-02-01,269,157,10,25,104,2084265.8,4,98.0,97.0,99.0,,99.75
SKU013,2024-02-12,111,639113.58,5757.78,0,Product 013,Kitchen,Cushion,2024-03-20,3936.71,5757.78,1821.07,0,Winter,0,2024-02-01,269,157,10,25,104,2084265.8,11,117.0,98.0,105.0,,104.25
SKU013,2024-02-19,94,541231.32,5757.78,0,Product 013,Kitchen,Cushion,2024-03-20,3936.71,5757.78,1821.07,0,Winter,0,2024-02-01,269,157,10,25,104,2084265.8,18,111.0,117.0,97.0,,105.75
SKU013,2024-02-26,130,748511.4,5757.78,1,Product 013,Kitchen,Cushion,2024-03-20,3936.71,5757.78,1821.07,0,Winter,1,2024-02-01,269,157,10,25,104,2084265.8,25,94.0,111.0,98.0,,105.0
SKU013,2024-03-04,120,690933.6,5757.78,1,Product 013,Kitchen,Cushion,2024-03-20,3936.71,5757.78,1821.07,0,Spring,1,2024-03-01,344,197,4,64,105,2665380.8,3,130.0,94.0,117.0,,113.0
SKU013,2024-03-11,137,788815.86,5757.78,1,Product 013,Kitchen,Cushion,2024-03-20,3936.71,5757.78,1821.07,0,Spring,1,2024-03-01,344,197,4,64,105,2665380.8,10,120.0,130.0,111.0,,113.75
SKU013,2024-03-18,138,794573.64,5757.78,1,Product 013,Kitchen,Cushion,2024-03-20,3936.71,5757.78,1821.07,0,Spring,1,2024-03-01,344,197,4,64,105,2665380.8,17,137.0,120.0,94.0,,120.25
SKU013,2024-03-25,108,621840.24,5757.78,1,Product 013,Kitchen,Cushion,2024-03-20,3936.71,5757.78,1821.07,0,Spring,1,2024-03-01,344,197,4,64,105,2665380.8,24,138.0,137.0,130.0,,131.25
SKU013,2024-04-01,114,656386.92,5757.78,0,Product 013,Kitchen,Cushion,2024-03-20,3936.71,5757.78,1821.07,0,Spring,0,2024-04-01,229,253,11,33,151,1774337.8,0,108.0,138.0,120.0,,125.75
SKU013,2024-04-08,110,633355.8,5757.78,0,Product 013,Kitchen,Cushion,2024-03-20,3936.71,5757.78,1821.07,0,Spring,0,2024-04-01,229,253,11,33,151,1774337.8,7,114.0,108.0,137.0,,124.25
SKU013,2024-04-15,128,736995.84,5757.78,0,Product 013,Kitchen,Cushion,2024-03-20,3936.71,5757.78,1821.07,0,Spring,0,2024-04-01,229,253,11,33,151,1774337.8,14,110.0,114.0,138.0,,117.5
SKU013,2024-04-22,102,587293.56,5757.78,0,Product 013,Kitchen,Cushion,2024-03-20,3936.71,5757.78,1821.07,0,Spring,0,2024-04-01,229,253,11,33,151,1774337.8,21,128.0,110.0,108.0,,115.0
SKU013,2024-04-29,108,621840.24,5757.78,0,Product 013,Kitchen,Cushion,2024-03-20,3936.71,5757.78,1821.07,0,Spring,0,2024-04-01,229,253,11,33,151,1774337.8,28,102.0,128.0,114.0,,113.5
SKU013,2024-05-06,120,690933.6,5757.78,0,Product 013,Kitchen,Cushion,2024-03-20,3936.71,5757.78,1821.07,0,Summer,0,2024-05-01,166,0,6,41,104,1286201.2,5,108.0,102.0,110.0,,112.0
SKU013,2024-05-13,103,593051.3400000001,5757.78,0,Product 013,Kitchen,Cushion,2024-03-20,3936.71,5757.78,1821.07,0,Summer,0,2024-05-01,166,0,6,41,104,1286201.2,12,120.0,108.0,128.0,,114.5
SKU013,2024-05-20,113,650629.14,5757.78,0,Product 013,Kitchen,Cushion,2024-03-20,3936.71,5757.78,1821.07,0,Summer,0,2024-05-01,166,0,6,41,104,1286201.2,19,103.0,120.0,102.0,,108.25
SKU013,2024-05-27,134,771542.52,5757.78,1,Product 013,Kitchen,Cushion,2024-03-20,3936.71,5757.78,1821.07,0,Summer,1,2024-05-01,166,0,6,41,104,1286201.2,26,113.0,103.0,108.0,,111.0
SKU013,2024-06-03,112,644871.36,5757.78,1,Product 013,Kitchen,Cushion,2024-03-20,3936.71,5757.78,1821.07,0,Summer,1,2024-06-01,186,14,3,32,61,1441165.2,2,134.0,113.0,120.0,,117.5
SKU013,2024-06-10,92,529715.76,5757.78,1,Product 013,Kitchen,Cushion,2024-03-20,3936.71,5757.78,1821.07,0,Summer,1,2024-06-01,186,14,3,32,61,1441165.2,9,112.0,134.0,103.0,,115.5
SKU013,2024-06-17,107,616082.46,5757.78,1,Product 013,Kitchen,Cushion,2024-03-20,3936.71,5757.78,1821.07,0,Summer,1,2024-06-01,186,14,3,32,61,1441165.2,16,92.0,112.0,113.0,,112.75
SKU013,2024-06-24,107,616082.46,5757.78,1,Product 013,Kitchen,Cushion,2024-03-20,3936.71,5757.78,1821.07,0,Summer,1,2024-06-01,186,14,3,32,61,1441165.2,23,107.0,92.0,134.0,,111.25
SKU013,2024-07-01,94,541231.32,5757.78,0,Product 013,Kitchen,Cushion,2024-03-20,3936.71,5757.78,1821.07,0,Monsoon,0,2024-07-01,141,117,13,54,186,1092496.2,0,107.0,107.0,112.0,,104.5
SKU013,2024-07-08,95,546989.1,5757.78,0,Product 013,Kitchen,Cushion,2024-03-20,3936.71,5757.78,1821.07,0,Monsoon,0,2024-07-01,141,117,13,54,186,1092496.2,7,94.0,107.0,92.0,,100.0
SKU013,2024-07-15,86,495169.07999999996,5757.78,0,Product 013,Kitchen,Cushion,2024-03-20,3936.71,5757.78,1821.07,0,Monsoon,0,2024-07-01,141,117,13,54,186,1092496.2,14,95.0,94.0,107.0,,100.75
SKU013,2024-07-22,107,616082.46,5757.78,0,Product 013,Kitchen,Cushion,2024-03-20,3936.71,5757.78,1821.07,0,Monsoon,0,2024-07-01,141,117,13,54,186,1092496.2,21,86.0,95.0,107.0,,95.5
SKU013,2024-07-29,104,598809.12,5757.78,0,Product 013,Kitchen,Cushion,2024-03-20,3936.71,5757.78,1821.07,0,Monsoon,0,2024-07-01,141,117,13,54,186,1092496.2,28,107.0,86.0,94.0,,95.5
SKU013,2024-08-05,85,489411.3,5757.78,0,Product 013,Kitchen,Cushion,2024-03-20,3936.71,5757.78,1821.07,0,Monsoon,0,2024-08-01,281,305,14,65,193,2177244.2,4,104.0,107.0,95.0,,98.0
SKU013,2024-08-12,71,408802.38,5757.78,0,Product 013,Kitchen,Cushion,2024-03-20,3936.71,5757.78,1821.07,1,Monsoon,0,2024-08-01,281,305,14,65,193,2177244.2,11,85.0,104.0,86.0,,95.5
SKU013,2024-08-19,91,523957.98,5757.78,0,Product 013,Kitchen,Cushion,2024-03-20,3936.71,5757.78,1821.07,0,Monsoon,0,2024-08-01,281,305,14,65,193,2177244.2,18,71.0,85.0,107.0,,91.75
SKU013,2024-08-26,86,495169.07999999996,5757.78,1,Product 013,Kitchen,Cushion,2024-03-20,3936.71,5757.78,1821.07,0,Monsoon,1,2024-08-01,281,305,14,65,193,2177244.2,25,91.0,71.0,104.0,,87.75
SKU013,2024-09-02,98,564262.44,5757.78,1,Product 013,Kitchen,Cushion,2024-03-20,3936.71,5757.78,1821.07,0,Monsoon,1,2024-09-01,138,299,14,56,164,1069251.6,1,86.0,91.0,85.0,,83.25
SKU013,2024-09-09,101,581535.78,5757.78,1,Product 013,Kitchen,Cushion,2024-03-20,3936.71,5757.78,1821.07,0,Monsoon,1,2024-09-01,138,299,14,56,164,1069251.6,8,98.0,86.0,71.0,,86.5
SKU013,2024-09-16,84,483653.52,5757.78,1,Product 013,Kitchen,Cushion,2024-03-20,3936.71,5757.78,1821.07,0,Monsoon,1,2024-09-01,138,299,14,56,164,1069251.6,15,101.0,98.0,91.0,,94.0
SKU013,2024-09-23,99,570020.22,5757.78,1,Product 013,Kitchen,Cushion,2024-03-20,3936.71,5757.78,1821.07,0,Monsoon,1,2024-09-01,138,299,14,56,164,1069251.6,22,84.0,101.0,86.0,,92.25
SKU013,2024-09-30,68,391529.04,5757.78,0,Product 013,Kitchen,Cushion,2024-03-20,3936.71,5757.78,1821.07,0,Monsoon,0,2024-09-01,138,299,14,56,164,1069251.6,29,99.0,84.0,98.0,,95.5
SKU013,2024-10-07,75,431833.5,5757.78,0,Product 013,Kitchen,Cushion,2024-03-20,3936.71,5757.78,1821.07,0,Autumn,0,2024-10-01,273,65,3,29,52,2115258.6,6,68.0,99.0,101.0,,88.0
SKU013,2024-10-14,80,460622.4,5757.78,0,Product 013,Kitchen,Cushion,2024-03-20,3936.71,5757.78,1821.07,0,Autumn,0,2024-10-01,273,65,3,29,52,2115258.6,13,75.0,68.0,84.0,,81.5
SKU013,2024-10-21,64,368497.92,5757.78,0,Product 013,Kitchen,Cushion,2024-03-20,3936.71,5757.78,1821.07,0,Autumn,0,2024-10-01,273,65,3,29,52,2115258.6,20,80.0,75.0,99.0,,80.5
SKU013,2024-10-28,93,535473.54,5757.78,1,Product 013,Kitchen,Cushion,2024-03-20,3936.71,5757.78,1821.07,1,Autumn,1,2024-10-01,273,65,3,29,52,2115258.6,27,64.0,80.0,68.0,,71.75
SKU013,2024-11-04,72,414560.16000000003,5757.78,1,Product 013,Kitchen,Cushion,2024-03-20,3936.71,5757.78,1821.07,0,Autumn,1,2024-11-01,249,102,5,41,81,1929301.8,3,93.0,64.0,75.0,,78.0
SKU013,2024-11-11,96,552746.88,5757.78,1,Product 013,Kitchen,Cushion,2024-03-20,3936.71,5757.78,1821.07,0,Autumn,1,2024-11-01,249,102,5,41,81,1929301.8,10,72.0,93.0,80.0,,77.25
SKU013,2024-11-18,101,581535.78,5757.78,1,Product 013,Kitchen,Cushion,2024-03-20,3936.71,5757.78,1821.07,0,Autumn,1,2024-11-01,249,102,5,41,81,1929301.8,17,96.0,72.0,64.0,,81.25
SKU013,2024-11-25,81,466380.18,5757.78,1,Product 013,Kitchen,Cushion,2024-03-20,3936.71,5757.78,1821.07,0,Autumn,1,2024-11-01,249,102,5,41,81,1929301.8,24,101.0,96.0,93.0,,90.5
SKU013,2024-12-02,95,546989.1,5757.78,0,Product 013,Kitchen,Cushion,2024-03-20,3936.71,5757.78,1821.07,0,Winter,0,2024-12-01,249,200,5,68,112,1929301.8,1,81.0,101.0,72.0,,87.5
SKU013,2024-12-09,94,541231.32,5757.78,0,Product 013,Kitchen,Cushion,2024-03-20,3936.71,5757.78,1821.07,0,Winter,0,2024-12-01,249,200,5,68,112,1929301.8,8,95.0,81.0,96.0,,93.25
SKU013,2024-12-16,84,483653.52,5757.78,0,Product 013,Kitchen,Cushion,2024-03-20,3936.71,5757.78,1821.07,0,Winter,0,2024-12-01,249,200,5,68,112,1929301.8,15,94.0,95.0,101.0,,92.75
SKU013,2024-12-23,83,477895.74,5757.78,0,Product 013,Kitchen,Cushion,2024-03-20,3936.71,5757.78,1821.07,1,Winter,0,2024-12-01,249,200,5,68,112,1929301.8,22,84.0,94.0,81.0,,88.5
SKU013,2024-12-30,82,472137.96,5757.78,0,Product 013,Kitchen,Cushion,2024-03-20,3936.71,5757.78,1821.07,0,Winter,0,2024-12-01,249,200,5,68,112,1929301.8,29,83.0,84.0,95.0,101.0,89.0
SKU013,2025-01-06,93,535473.54,5757.78,0,Product 013,Kitchen,Cushion,2024-03-20,3936.71,5757.78,1821.07,0,Winter,0,2025-01-01,50,224,12,48,150,387410.0,5,82.0,83.0,94.0,99.0,85.75
SKU013,2025-01-13,98,564262.44,5757.78,0,Product 013,Kitchen,Cushion,2024-03-20,3936.71,5757.78,1821.07,0,Winter,0,2025-01-01,50,224,12,48,150,387410.0,12,93.0,82.0,84.0,105.0,85.5
SKU013,2025-01-20,87,500926.86,5757.78,0,Product 013,Kitchen,Cushion,2024-03-20,3936.71,5757.78,1821.07,1,Winter,0,2025-01-01,50,224,12,48,150,387410.0,19,98.0,93.0,83.0,97.0,89.0
SKU013,2025-01-27,91,523957.98,5757.78,0,Product 013,Kitchen,Cushion,2024-03-20,3936.71,5757.78,1821.07,0,Winter,0,2025-01-01,50,224,12,48,150,387410.0,26,87.0,98.0,82.0,98.0,90.0
SKU013,2025-02-03,97,558504.66,5757.78,0,Product 013,Kitchen,Cushion,2024-03-20,3936.71,5757.78,1821.07,0,Winter,0,2025-02-01,115,167,9,43,123,891043.0,2,91.0,87.0,93.0,117.0,92.25
SKU013,2025-02-10,97,558504.66,5757.78,0,Product 013,Kitchen,Cushion,2024-03-20,3936.71,5757.78,1821.07,0,Winter,0,2025-02-01,115,167,9,43,123,891043.0,9,97.0,91.0,98.0,111.0,93.25
SKU013,2025-02-17,100,575778.0,5757.78,0,Product 013,Kitchen,Cushion,2024-03-20,3936.71,5757.78,1821.07,0,Winter,0,2025-02-01,115,167,9,43,123,891043.0,16,97.0,97.0,87.0,94.0,93.0
SKU013,2025-02-24,105,604566.9,5757.78,1,Product 013,Kitchen,Cushion,2024-03-20,3936.71,5757.78,1821.07,0,Winter,1,2025-02-01,115,167,9,43,123,891043.0,23,100.0,97.0,91.0,130.0,96.25
SKU013,2025-03-03,110,633355.8,5757.78,1,Product 013,Kitchen,Cushion,2024-03-20,3936.71,5757.78,1821.07,0,Spring,1,2025-03-01,83,75,8,41,128,643100.6,2,105.0,100.0,97.0,120.0,99.75
SKU013,2025-03-10,110,633355.8,5757.78,1,Product 013,Kitchen,Cushion,2024-03-20,3936.71,5757.78,1821.07,0,Spring,1,2025-03-01,83,75,8,41,128,643100.6,9,110.0,105.0,97.0,137.0,103.0
SKU013,2025-03-17,115,662144.7,5757.78,1,Product 013,Kitchen,Cushion,2024-03-20,3936.71,5757.78,1821.07,0,Spring,1,2025-03-01,83,75,8,41,128,643100.6,16,110.0,110.0,100.0,138.0,106.25
SKU013,2025-03-24,127,731238.06,5757.78,1,Product 013,Kitchen,Cushion,2024-03-20,3936.71,5757.78,1821.07,0,Spring,1,2025-03-01,83,75,8,41,128,643100.6,23,115.0,110.0,105.0,108.0,110.0
SKU013,2025-03-31,111,639113.58,5757.78,0,Product 013,Kitchen,Cushion,2024-03-20,3936.71,5757.78,1821.07,0,Spring,0,2025-03-01,83,75,8,41,128,643100.6,30,127.0,115.0,110.0,114.0,115.5
SKU013,2025-04-07,105,604566.9,5757.78,0,Product 013,Kitchen,Cushion,2024-03-20,3936.71,5757.78,1821.07,0,Spring,0,2025-04-01,165,89,14,65,214,1278453.0,6,111.0,127.0,110.0,110.0,115.75
SKU013,2025-04-14,114,656386.9199999999,5757.78,0,Product 013,Kitchen,Cushion,2024-03-20,3936.71,5757.78,1821.07,0,Spring,0,2025-04-01,165,89,14,65,214,1278453.0,13,105.0,111.0,115.0,128.0,114.5
SKU013,2025-04-21,110,633355.8,5757.78,0,Product 013,Kitchen,Cushion,2024-03-20,3936.71,5757.78,1821.07,0,Spring,0,2025-04-01,165,89,14,65,214,1278453.0,20,114.0,105.0,127.0,102.0,114.25
SKU013,2025-04-28,109,627598.02,5757.78,0,Product 013,Kitchen,Cushion,2024-03-20,3936.71,5757.78,1821.07,0,Spring,0,2025-04-01,165,89,14,65,214,1278453.0,27,110.0,114.0,111.0,108.0,110.0
SKU013,2025-05-05,139,800331.42,5757.78,0,Product 013,Kitchen,Cushion,2024-03-20,3936.71,5757.78,1821.07,0,Summer,0,2025-05-01,158,61,8,43,125,1224215.6,4,109.0,110.0,105.0,120.0,109.5
SKU013,2025-05-12,106,610324.68,5757.78,0,Product 013,Kitchen,Cushion,2024-03-20,3936.71,5757.78,1821.07,0,Summer,0,2025-05-01,158,61,8,43,125,1224215.6,11,139.0,109.0,114.0,103.0,118.0
SKU013,2025-05-19,90,518200.2,5757.78,0,Product 013,Kitchen,Cushion,2024-03-20,3936.71,5757.78,1821.07,0,Summer,0,2025-05-01,158,61,8,43,125,1224215.6,18,106.0,139.0,110.0,113.0,116.0
SKU013,2025-05-26,117,673660.26,5757.78,1,Product 013,Kitchen,Cushion,2024-03-20,3936.71,5757.78,1821.07,0,Summer,1,2025-05-01,158,61,8,43,125,1224215.6,25,90.0,106.0,109.0,134.0,111.0
SKU013,2025-06-02,99,570020.22,5757.78,1,Product 013,Kitchen,Cushion,2024-03-20,3936.71,5757.78,1821.07,0,Summer,1,2025-06-01,177,207,7,44,121,1371431.4,1,117.0,90.0,139.0,112.0,113.0
SKU013,2025-06-09,115,662144.7,5757.78,1,Product 013,Kitchen,Cushion,2024-03-20,3936.71,5757.78,1821.07,0,Summer,1,2025-06-01,177,207,7,44,121,1371431.4,8,99.0,117.0,106.0,92.0,103.0
SKU013,2025-06-16,118,679418.04,5757.78,1,Product 013,Kitchen,Cushion,2024-03-20,3936.71,5757.78,1821.07,0,Summer,1,2025-06-01,177,207,7,44,121,1371431.4,15,115.0,99.0,90.0,107.0,105.25
SKU013,2025-06-23,128,736995.84,5757.78,1,Product 013,Kitchen,Cushion,2024-03-20,3936.71,5757.78,1821.07,0,Summer,1,2025-06-01,177,207,7,44,121,1371431.4,22,118.0,115.0,117.0,107.0,112.25
SKU013,2025-06-30,101,581535.78,5757.78,0,Product 013,Kitchen,Cushion,2024-03-20,3936.71,5757.78,1821.07,0,Summer,0,2025-06-01,177,207,7,44,121,1371431.4,29,128.0,118.0,99.0,94.0,115.0
SKU013,2025-07-07,109,627598.02,5757.78,0,Product 013,Kitchen,Cushion,2024-03-20,3936.71,5757.78,1821.07,0,Monsoon,0,2025-07-01,332,189,6,35,97,2572402.4,6,101.0,128.0,115.0,95.0,115.5
SKU013,2025-07-14,87,500926.86,5757.78,0,Product 013,Kitchen,Cushion,2024-03-20,3936.71,5757.78,1821.07,0,Monsoon,0,2025-07-01,332,189,6,35,97,2572402.4,13,109.0,101.0,118.0,86.0,114.0
SKU013,2025-07-21,87,500926.86,5757.78,0,Product 013,Kitchen,Cushion,2024-03-20,3936.71,5757.78,1821.07,0,Monsoon,0,2025-07-01,332,189,6,35,97,2572402.4,20,87.0,109.0,128.0,107.0,106.25
SKU013,2025-07-28,85,489411.3,5757.78,0,Product 013,Kitchen,Cushion,2024-03-20,3936.71,5757.78,1821.07,0,Monsoon,0,2025-07-01,332,189,6,35,97,2572402.4,27,87.0,87.0,101.0,104.0,96.0
SKU013,2025-08-04,82,472137.95999999996,5757.78,0,Product 013,Kitchen,Cushion,2024-03-20,3936.71,5757.78,1821.07,0,Monsoon,0,2025-08-01,272,91,7,36,95,2107510.4,3,85.0,87.0,109.0,85.0,92.0
SKU013,2025-08-11,106,610324.6799999999,5757.78,0,Product 013,Kitchen,Cushion,2024-03-20,3936.71,5757.78,1821.07,1,Monsoon,0,2025-08-01,272,91,7,36,95,2107510.4,10,82.0,85.0,87.0,71.0,85.25
SKU013,2025-08-18,96,552746.88,5757.78,0,Product 013,Kitchen,Cushion,2024-03-20,3936.71,5757.78,1821.07,0,Monsoon,0,2025-08-01,272,91,7,36,95,2107510.4,17,106.0,82.0,87.0,91.0,90.0
SKU013,2025-08-25,84,483653.52,5757.78,0,Product 013,Kitchen,Cushion,2024-03-20,3936.71,5757.78,1821.07,0,Monsoon,0,2025-08-01,272,91,7,36,95,2107510.4,24,96.0,106.0,85.0,86.0,92.25
SKU013,2025-09-01,99,570020.22,5757.78,1,Product 013,Kitchen,Cushion,2024-03-20,3936.71,5757.78,1821.07,0,Monsoon,1,2025-09-01,202,226,7,69,133,1565136.4,0,84.0,96.0,82.0,98.0,92.0
SKU013,2025-09-08,105,604566.9,5757.78,1,Product 013,Kitchen,Cushion,2024-03-20,3936.71,5757.78,1821.07,0,Monsoon,1,2025-09-01,202,226,7,69,133,1565136.4,7,99.0,84.0,106.0,101.0,96.25
SKU013,2025-09-15,82,472137.96,5757.78,1,Product 013,Kitchen,Cushion,2024-03-20,3936.71,5757.78,1821.07,0,Monsoon,1,2025-09-01,202,226,7,69,133,1565136.4,14,105.0,99.0,96.0,84.0,96.0
SKU013,2025-09-22,82,472137.95999999996,5757.78,1,Product 013,Kitchen,Cushion,2024-03-20,3936.71,5757.78,1821.07,0,Monsoon,1,2025-09-01,202,226,7,69,133,1565136.4,21,82.0,105.0,84.0,99.0,92.5
SKU013,2025-09-29,96,552746.88,5757.78,0,Product 013,Kitchen,Cushion,2024-03-20,3936.71,5757.78,1821.07,0,Monsoon,0,2025-09-01,202,226,7,69,133,1565136.4,28,82.0,82.0,99.0,68.0,92.0
SKU013,2025-10-06,87,500926.86,5757.78,0,Product 013,Kitchen,Cushion,2024-03-20,3936.71,5757.78,1821.07,0,Autumn,0,2025-10-01,110,218,11,43,123,852302.0,5,96.0,82.0,105.0,75.0,91.25
SKU013,2025-10-13,61,351224.57999999996,5757.78,0,Product 013,Kitchen,Cushion,2024-03-20,3936.71,5757.78,1821.07,0,Autumn,0,2025-10-01,110,218,11,43,123,852302.0,12,87.0,96.0,82.0,80.0,86.75
SKU013,2025-10-20,69,397286.82,5757.78,0,Product 013,Kitchen,Cushion,2024-03-20,3936.71,5757.78,1821.07,1,Autumn,0,2025-10-01,110,218,11,43,123,852302.0,19,61.0,87.0,82.0,64.0,81.5
SKU013,2025-10-27,79,454864.62,5757.78,1,Product 013,Kitchen,Cushion,2024-03-20,3936.71,5757.78,1821.07,0,Autumn,1,2025-10-01,110,218,11,43,123,852302.0,26,69.0,61.0,96.0,93.0,78.25
SKU013,2025-11-03,84,483653.52,5757.78,1,Product 013,Kitchen,Cushion,2024-03-20,3936.71,5757.78,1821.07,0,Autumn,1,2025-11-01,54,126,9,25,86,418402.8,2,79.0,69.0,87.0,72.0,74.0
SKU013,2025-11-10,89,512442.42,5757.78,1,Product 013,Kitchen,Cushion,2024-03-20,3936.71,5757.78,1821.07,0,Autumn,1,2025-11-01,54,126,9,25,86,418402.8,9,84.0,79.0,61.0,96.0,73.25
SKU013,2025-11-17,80,460622.4,5757.78,1,Product 013,Kitchen,Cushion,2024-03-20,3936.71,5757.78,1821.07,0,Autumn,1,2025-11-01,54,126,9,25,86,418402.8,16,89.0,84.0,69.0,101.0,80.25
SKU013,2025-11-24,95,546989.1,5757.78,1,Product 013,Kitchen,Cushion,2024-03-20,3936.71,5757.78,1821.07,0,Autumn,1,2025-11-01,54,126,9,25,86,418402.8,23,80.0,89.0,79.0,81.0,83.0
SKU013,2025-12-01,78,449106.83999999997,5757.78,0,Product 013,Kitchen,Cushion,2024-03-20,3936.71,5757.78,1821.07,0,Winter,0,2025-12-01,151,95,4,32,61,1169978.2,0,95.0,80.0,84.0,95.0,87.0
SKU013,2025-12-08,107,616082.46,5757.78,0,Product 013,Kitchen,Cushion,2024-03-20,3936.71,5757.78,1821.07,0,Winter,0,2025-12-01,151,95,4,32,61,1169978.2,7,78.0,95.0,89.0,94.0,85.5
SKU013,2025-12-15,96,552746.88,5757.78,0,Product 013,Kitchen,Cushion,2024-03-20,3936.71,5757.78,1821.07,0,Winter,0,2025-12-01,151,95,4,32,61,1169978.2,14,107.0,78.0,80.0,84.0,90.0
SKU013,2025-12-22,71,408802.38,5757.78,0,Product 013,Kitchen,Cushion,2024-03-20,3936.71,5757.78,1821.07,1,Winter,0,2025-12-01,151,95,4,32,61,1169978.2,21,96.0,107.0,95.0,83.0,94.0
SKU014,2024-01-01,155,351966.25,2270.75,0,Product 014,Lighting,Cookware,2024-04-17,2008.55,2270.75,262.2,0,Winter,0,2024-01-01,20,12,6,6,12,62421.2,0,,,,,
SKU014,2024-01-08,152,345154.0,2270.75,0,Product 014,Lighting,Cookware,2024-04-17,2008.55,2270.75,262.2,0,Winter,0,2024-01-01,20,12,6,6,12,62421.2,7,155.0,,,,
SKU014,2024-01-15,145,329258.75,2270.75,0,Product 014,Lighting,Cookware,2024-04-17,2008.55,2270.75,262.2,0,Winter,0,2024-01-01,20,12,6,6,12,62421.2,14,152.0,155.0,,,
SKU014,2024-01-22,132,299739.0,2270.75,0,Product 014,Lighting,Cookware,2024-04-17,2008.55,2270.75,262.2,1,Winter,0,2024-01-01,20,12,6,6,12,62421.2,21,145.0,152.0,,,
SKU014,2024-01-29,138,313363.5,2270.75,0,Product 014,Lighting,Cookware,2024-04-17,2008.55,2270.75,262.2,0,Winter,0,2024-01-01,20,12,6,6,12,62421.2,28,132.0,145.0,155.0,,146.0
SKU014,2024-02-05,165,374673.75,2270.75,0,Product 014,Lighting,Cookware,2024-04-17,2008.55,2270.75,262.2,0,Winter,0,2024-02-01,383,1,8,98,241,1195365.98,4,138.0,132.0,152.0,,141.75
SKU014,2024-02-12,169,383756.75,2270.75,0,Product 014,Lighting,Cookware,2024-04-17,2008.55,2270.75,262.2,0,Winter,0,2024-02-01,383,1,8,98,241,1195365.98,11,165.0,138.0,145.0,,145.0
SKU014,2024-02-19,147,333800.25,2270.75,0,Product 014,Lighting,Cookware,2024-04-17,2008.55,2270.75,262.2,0,Winter,0,2024-02-01,383,1,8,98,241,1195365.98,18,169.0,165.0,132.0,,151.0
SKU014,2024-02-26,188,426901.0,2270.75,1,Product 014,Lighting,Cookware,2024-04-17,2008.55,2270.75,262.2,0,Winter,1,2024-02-01,383,1,8,98,241,1195365.98,25,147.0,169.0,138.0,,154.75
SKU014,2024-03-04,185,420088.75,2270.75,1,Product 014,Lighting,Cookware,2024-04-17,2008.55,2270.75,262.2,0,Spring,1,2024-03-01,336,8,14,133,408,1048676.16,3,188.0,147.0,165.0,,167.25
SKU014,2024-03-11,194,440525.5,2270.75,1,Product 014,Lighting,Cookware,2024-04-17,2008.55,2270.75,262.2,0,Spring,1,2024-03-01,336,8,14,133,408,1048676.16,10,185.0,188.0,169.0,,172.25
SKU014,2024-03-18,193,438254.75,2270.75,1,Product 014,Lighting,Cookware,2024-04-17,2008.55,2270.75,262.2,0,Spring,1,2024-03-01,336,8,14,133,408,1048676.16,17,194.0,185.0,147.0,,178.5
SKU014,2024-03-25,193,438254.75,2270.75,1,Product 014,Lighting,Cookware,2024-04-17,2008.55,2270.75,262.2,0,Spring,1,2024-03-01,336,8,14,133,408,1048676.16,24,193.0,194.0,188.0,,190.0
SKU014,2024-04-01,174,395110.5,2270.75,0,Product 014,Lighting,Cookware,2024-04-17,2008.55,2270.75,262.2,0,Spring,0,2024-04-01,140,297,5,88,202,436948.4,0,193.0,193.0,185.0,,191.25
SKU014,2024-04-08,186,422359.5,2270.75,0,Product 014,Lighting,Cookware,2024-04-17,2008.55,2270.75,262.2,0,Spring,0,2024-04-01,140,297,5,88,202,436948.4,7,174.0,193.0,194.0,,188.5
SKU014,2024-04-15,198,449608.5,2270.75,0,Product 014,Lighting,Cookware,2024-04-17,2008.55,2270.75,262.2,0,Spring,0,2024-04-01,140,297,5,88,202,436948.4,14,186.0,174.0,193.0,,186.5
SKU014,2024-04-22,151,342883.25,2270.75,0,Product 014,Lighting,Cookware,2024-04-17,2008.55,2270.75,262.2,0,Spring,0,2024-04-01,140,297,5,88,202,436948.4,21,198.0,186.0,193.0,,187.75
SKU014,2024-04-29,170,386027.5,2270.75,0,Product 014,Lighting,Cookware,2024-04-17,2008.55,2270.75,262.2,0,Spring,0,2024-04-01,140,297,5,88,202,436948.4,28,151.0,198.0,174.0,,177.25
SKU014,2024-05-06,163,370132.25,2270.75,0,Product 014,Lighting,Cookware,2024-04-17,2008.55,2270.75,262.2,0,Summer,0,2024-05-01,182,396,13,91,370,568032.92,5,170.0,151.0,186.0,,176.25
SKU014,2024-05-13,146,331529.5,2270.75,0,Product 014,Lighting,Cookware,2024-04-17,2008.55,2270.75,262.2,0,Summer,0,2024-05-01,182,396,13,91,370,568032.92,12,163.0,170.0,198.0,,170.5
SKU014,2024-05-20,168,381486.0,2270.75,0,Product 014,Lighting,Cookware,2024-04-17,2008.55,2270.75,262.2,0,Summer,0,2024-05-01,182,396,13,91,370,568032.92,19,146.0,163.0,151.0,,157.5
SKU014,2024-05-27,199,451879.25,2270.75,1,Product 014,Lighting,Cookware,2024-04-17,2008.55,2270.75,262.2,0,Summer,1,2024-05-01,182,396,13,91,370,568032.92,26,168.0,146.0,170.0,,161.75
SKU014,2024-06-03,174,395110.5,2270.75,1,Product 014,Lighting,Cookware,2024-04-17,2008.55,2270.75,262.2,0,Summer,1,2024-06-01,274,27,7,63,210,855170.44,2,199.0,168.0,163.0,,169.0
SKU014,2024-06-10,175,397381.25,2270.75,1,Product 014,Lighting,Cookware,2024-04-17,2008.55,2270.75,262.2,0,Summer,1,2024-06-01,274,27,7,63,210,855170.44,9,174.0,199.0,146.0,,171.75
SKU014,2024-06-17,176,399652.0,2270.75,1,Product 014,Lighting,Cookware,2024-04-17,2008.55,2270.75,262.2,0,Summer,1,2024-06-01,274,27,7,63,210,855170.44,16,175.0,174.0,168.0,,179.0
SKU014,2024-06-24,184,417818.0,2270.75,1,Product 014,Lighting,Cookware,2024-04-17,2008.55,2270.75,262.2,0,Summer,1,2024-06-01,274,27,7,63,210,855170.44,23,176.0,175.0,199.0,,181.0
SKU014,2024-07-01,137,311092.75,2270.75,0,Product 014,Lighting,Cookware,2024-04-17,2008.55,2270.75,262.2,0,Monsoon,0,2024-07-01,636,321,7,160,307,1984994.16,0,184.0,176.0,174.0,,177.25
SKU014,2024-07-08,158,358778.5,2270.75,0,Product 014,Lighting,Cookware,2024-04-17,2008.55,2270.75,262.2,0,Monsoon,0,2024-07-01,636,321,7,160,307,1984994.16,7,137.0,184.0,175.0,,168.0
SKU014,2024-07-15,151,342883.25,2270.75,0,Product 014,Lighting,Cookware,2024-04-17,2008.55,2270.75,262.2,0,Monsoon,0,2024-07-01,636,321,7,160,307,1984994.16,14,158.0,137.0,176.0,,163.75
SKU014,2024-07-22,154,349695.5,2270.75,0,Product 014,Lighting,Cookware,2024-04-17,2008.55,2270.75,262.2,0,Monsoon,0,2024-07-01,636,321,7,160,307,1984994.16,21,151.0,158.0,184.0,,157.5
SKU014,2024-07-29,132,299739.0,2270.75,0,Product 014,Lighting,Cookware,2024-04-17,2008.55,2270.75,262.2,0,Monsoon,0,2024-07-01,636,321,7,160,307,1984994.16,28,154.0,151.0,137.0,,150.0
SKU014,2024-08-05,144,326988.0,2270.75,0,Product 014,Lighting,Cookware,2024-04-17,2008.55,2270.75,262.2,0,Monsoon,0,2024-08-01,435,351,8,101,245,1357661.1,4,132.0,154.0,158.0,,148.75
SKU014,2024-08-12,123,279302.25,2270.75,0,Product 014,Lighting,Cookware,2024-04-17,2008.55,2270.75,262.2,1,Monsoon,0,2024-08-01,435,351,8,101,245,1357661.1,11,144.0,132.0,151.0,,145.25
SKU014,2024-08-19,129,292926.75,2270.75,0,Product 014,Lighting,Cookware,2024-04-17,2008.55,2270.75,262.2,0,Monsoon,0,2024-08-01,435,351,8,101,245,1357661.1,18,123.0,144.0,154.0,,138.25
SKU014,2024-08-26,135,306551.25,2270.75,1,Product 014,Lighting,Cookware,2024-04-17,2008.55,2270.75,262.2,0,Monsoon,1,2024-08-01,435,351,8,101,245,1357661.1,25,129.0,123.0,132.0,,132.0
SKU014,2024-09-02,146,331529.5,2270.75,1,Product 014,Lighting,Cookware,2024-04-17,2008.55,2270.75,262.2,0,Monsoon,1,2024-09-01,94,291,13,123,331,293379.64,1,135.0,129.0,144.0,,132.75
SKU014,2024-09-09,145,329258.75,2270.75,1,Product 014,Lighting,Cookware,2024-04-17,2008.55,2270.75,262.2,0,Monsoon,1,2024-09-01,94,291,13,123,331,293379.64,8,146.0,135.0,123.0,,133.25
SKU014,2024-09-16,137,311092.75,2270.75,1,Product 014,Lighting,Cookware,2024-04-17,2008.55,2270.75,262.2,0,Monsoon,1,2024-09-01,94,291,13,123,331,293379.64,15,145.0,146.0,129.0,,138.75
SKU014,2024-09-23,151,342883.25,2270.75,1,Product 014,Lighting,Cookware,2024-04-17,2008.55,2270.75,262.2,0,Monsoon,1,2024-09-01,94,291,13,123,331,293379.64,22,137.0,145.0,135.0,,140.75
SKU014,2024-09-30,97,220262.75,2270.75,0,Product 014,Lighting,Cookware,2024-04-17,2008.55,2270.75,262.2,0,Monsoon,0,2024-09-01,94,291,13,123,331,293379.64,29,151.0,137.0,146.0,,144.75
SKU014,2024-10-07,126,286114.5,2270.75,0,Product 014,Lighting,Cookware,2024-04-17,2008.55,2270.75,262.2,0,Autumn,0,2024-10-01,228,47,14,108,335,711601.68,6,97.0,151.0,145.0,,132.5
SKU014,2024-10-14,123,279302.25,2270.75,0,Product 014,Lighting,Cookware,2024-04-17,2008.55,2270.75,262.2,0,Autumn,0,2024-10-01,228,47,14,108,335,711601.68,13,126.0,97.0,137.0,,127.75
SKU014,2024-10-21,128,290656.0,2270.75,0,Product 014,Lighting,Cookware,2024-04-17,2008.55,2270.75,262.2,0,Autumn,0,2024-10-01,228,47,14,108,335,711601.68,20,123.0,126.0,151.0,,124.25
SKU014,2024-10-28,132,299739.0,2270.75,1,Product 014,Lighting,Cookware,2024-04-17,2008.55,2270.75,262.2,1,Autumn,1,2024-10-01,228,47,14,108,335,711601.68,27,128.0,123.0,97.0,,118.5
SKU014,2024-11-04,130,295197.5,2270.75,1,Product 014,Lighting,Cookware,2024-04-17,2008.55,2270.75,262.2,0,Autumn,1,2024-11-01,139,31,9,67,210,433827.34,3,132.0,128.0,126.0,,127.25
SKU014,2024-11-11,124,281573.0,2270.75,1,Product 014,Lighting,Cookware,2024-04-17,2008.55,2270.75,262.2,0,Autumn,1,2024-11-01,139,31,9,67,210,433827.34,10,130.0,132.0,123.0,,128.25
SKU014,2024-11-18,152,345154.0,2270.75,1,Product 014,Lighting,Cookware,2024-04-17,2008.55,2270.75,262.2,0,Autumn,1,2024-11-01,139,31,9,67,210,433827.34,17,124.0,130.0,128.0,,128.5
SKU014,2024-11-25,142,322446.5,2270.75,1,Product 014,Lighting,Cookware,2024-04-17,2008.55,2270.75,262.2,0,Autumn,1,2024-11-01,139,31,9,67,210,433827.34,24,152.0,124.0,132.0,,134.5
SKU014,2024-12-02,128,290656.0,2270.75,0,Product 014,Lighting,Cookware,2024-04-17,2008.55,2270.75,262.2,0,Winter,0,2024-12-01,419,507,13,115,337,1307724.14,1,142.0,152.0,130.0,,137.0
SKU014,2024-12-09,135,306551.25,2270.75,0,Product 014,Lighting,Cookware,2024-04-17,2008.55,2270.75,262.2,0,Winter,0,2024-12-01,419,507,13,115,337,1307724.14,8,128.0,142.0,124.0,,136.5
SKU014,2024-12-16,141,320175.75,2270.75,0,Product 014,Lighting,Cookware,2024-04-17,2008.55,2270.75,262.2,0,Winter,0,2024-12-01,419,507,13,115,337,1307724.14,15,135.0,128.0,152.0,,139.25
SKU014,2024-12-23,135,306551.25,2270.75,0,Product 014,Lighting,Cookware,2024-04-17,2008.55,2270.75,262.2,1,Winter,0,2024-12-01,419,507,13,115,337,1307724.14,22,141.0,135.0,142.0,,136.5
SKU014,2024-12-30,131,297468.25,2270.75,0,Product 014,Lighting,Cookware,2024-04-17,2008.55,2270.75,262.2,0,Winter,0,2024-12-01,419,507,13,115,337,1307724.14,29,135.0,141.0,128.0,155.0,134.75
SKU014,2025-01-06,131,297468.25,2270.75,0,Product 014,Lighting,Cookware,2024-04-17,2008.55,2270.75,262.2,0,Winter,0,2025-01-01,99,209,3,126,174,308984.94,5,131.0,135.0,135.0,152.0,135.5
SKU014,2025-01-13,144,326988.0,2270.75,0,Product 014,Lighting,Cookware,2024-04-17,2008.55,2270.75,262.2,0,Winter,0,2025-01-01,99,209,3,126,174,308984.94,12,131.0,131.0,141.0,145.0,134.5
SKU014,2025-01-20,181,411005.75,2270.75,0,Product 014,Lighting,Cookware,2024-04-17,2008.55,2270.75,262.2,1,Winter,0,2025-01-01,99,209,3,126,174,308984.94,19,144.0,131.0,135.0,132.0,135.25
SKU014,2025-01-27,126,286114.5,2270.75,0,Product 014,Lighting,Cookware,2024-04-17,2008.55,2270.75,262.2,0,Winter,0,2025-01-01,99,209,3,126,174,308984.94,26,181.0,144.0,131.0,138.0,146.75
SKU014,2025-02-03,167,379215.25,2270.75,0,Product 014,Lighting,Cookware,2024-04-17,2008.55,2270.75,262.2,0,Winter,0,2025-02-01,183,26,14,94,358,571153.98,2,126.0,181.0,131.0,165.0,145.5
SKU014,2025-02-10,188,426901.0,2270.75,0,Product 014,Lighting,Cookware,2024-04-17,2008.55,2270.75,262.2,0,Winter,0,2025-02-01,183,26,14,94,358,571153.98,9,167.0,126.0,144.0,169.0,154.5
SKU014,2025-02-17,155,351966.25,2270.75,0,Product 014,Lighting,Cookware,2024-04-17,2008.55,2270.75,262.2,0,Winter,0,2025-02-01,183,26,14,94,358,571153.98,16,188.0,167.0,181.0,147.0,165.5
SKU014,2025-02-24,180,408735.0,2270.75,1,Product 014,Lighting,Cookware,2024-04-17,2008.55,2270.75,262.2,0,Winter,1,2025-02-01,183,26,14,94,358,571153.98,23,155.0,188.0,126.0,188.0,159.0
SKU014,2025-03-03,182,413276.5,2270.75,1,Product 014,Lighting,Cookware,2024-04-17,2008.55,2270.75,262.2,0,Spring,1,2025-03-01,650,677,14,93,371,2028689.0,2,180.0,155.0,167.0,185.0,172.5
SKU014,2025-03-10,207,470045.25,2270.75,1,Product 014,Lighting,Cookware,2024-04-17,2008.55,2270.75,262.2,0,Spring,1,2025-03-01,650,677,14,93,371,2028689.0,9,182.0,180.0,188.0,194.0,176.25
SKU014,2025-03-17,187,424630.25,2270.75,1,Product 014,Lighting,Cookware,2024-04-17,2008.55,2270.75,262.2,0,Spring,1,2025-03-01,650,677,14,93,371,2028689.0,16,207.0,182.0,155.0,193.0,181.0
SKU014,2025-03-24,173,392839.75,2270.75,1,Product 014,Lighting,Cookware,2024-04-17,2008.55,2270.75,262.2,0,Spring,1,2025-03-01,650,677,14,93,371,2028689.0,23,187.0,207.0,180.0,193.0,189.0
SKU014,2025-03-31,163,370132.25,2270.75,0,Product 014,Lighting,Cookware,2024-04-17,2008.55,2270.75,262.2,0,Spring,0,2025-03-01,650,677,14,93,371,2028689.0,30,173.0,187.0,182.0,174.0,187.25
SKU014,2025-04-07,182,413276.5,2270.75,0,Product 014,Lighting,Cookware,2024-04-17,2008.55,2270.75,262.2,0,Spring,0,2025-04-01,375,298,8,101,294,1170397.5,6,163.0,173.0,207.0,186.0,182.5
SKU014,2025-04-14,176,399652.0,2270.75,0,Product 014,Lighting,Cookware,2024-04-17,2008.55,2270.75,262.2,0,Spring,0,2025-04-01,375,298,8,101,294,1170397.5,13,182.0,163.0,187.0,198.0,176.25
SKU014,2025-04-21,177,401922.75,2270.75,0,Product 014,Lighting,Cookware,2024-04-17,2008.55,2270.75,262.2,0,Spring,0,2025-04-01,375,298,8,101,294,1170397.5,20,176.0,182.0,173.0,151.0,173.5
SKU014,2025-04-28,156,354237.0,2270.75,0,Product 014,Lighting,Cookware,2024-04-17,2008.55,2270.75,262.2,0,Spring,0,2025-04-01,375,298,8,101,294,1170397.5,27,177.0,176.0,163.0,170.0,174.5
SKU014,2025-05-05,156,354237.0,2270.75,0,Product 014,Lighting,Cookware,2024-04-17,2008.55,2270.75,262.2,0,Summer,0,2025-05-01,426,304,9,72,264,1329571.56,4,156.0,177.0,182.0,163.0,172.75
SKU014,2025-05-12,151,342883.25,2270.75,0,Product 014,Lighting,Cookware,2024-04-17,2008.55,2270.75,262.2,0,Summer,0,2025-05-01,426,304,9,72,264,1329571.56,11,156.0,156.0,176.0,146.0,166.25
SKU014,2025-05-19,164,372403.0,2270.75,0,Product 014,Lighting,Cookware,2024-04-17,2008.55,2270.75,262.2,0,Summer,0,2025-05-01,426,304,9,72,264,1329571.56,18,151.0,156.0,177.0,168.0,160.0
SKU014,2025-05-26,164,372403.0,2270.75,1,Product 014,Lighting,Cookware,2024-04-17,2008.55,2270.75,262.2,0,Summer,1,2025-05-01,426,304,9,72,264,1329571.56,25,164.0,151.0,156.0,199.0,156.75
SKU014,2025-06-02,202,458691.5,2270.75,1,Product 014,Lighting,Cookware,2024-04-17,2008.55,2270.75,262.2,0,Summer,1,2025-06-01,236,52,10,72,297,736570.16,1,164.0,164.0,156.0,174.0,158.75
SKU014,2025-06-09,163,370132.25,2270.75,1,Product 014,Lighting,Cookware,2024-04-17,2008.55,2270.75,262.2,0,Summer,1,2025-06-01,236,52,10,72,297,736570.16,8,202.0,164.0,151.0,175.0,170.25
SKU014,2025-06-16,159,361049.25,2270.75,1,Product 014,Lighting,Cookware,2024-04-17,2008.55,2270.75,262.2,0,Summer,1,2025-06-01,236,52,10,72,297,736570.16,15,163.0,202.0,164.0,176.0,173.25
SKU014,2025-06-23,191,433713.25,2270.75,1,Product 014,Lighting,Cookware,2024-04-17,2008.55,2270.75,262.2,0,Summer,1,2025-06-01,236,52,10,72,297,736570.16,22,159.0,163.0,164.0,184.0,172.0
SKU014,2025-06-30,134,304280.5,2270.75,0,Product 014,Lighting,Cookware,2024-04-17,2008.55,2270.75,262.2,0,Summer,0,2025-06-01,236,52,10,72,297,736570.16,29,191.0,159.0,202.0,137.0,178.75
SKU014,2025-07-07,126,286114.5,2270.75,0,Product 014,Lighting,Cookware,2024-04-17,2008.55,2270.75,262.2,0,Monsoon,0,2025-07-01,345,450,14,94,395,1076765.7,6,134.0,191.0,163.0,158.0,161.75
SKU014,2025-07-14,139,315634.25,2270.75,0,Product 014,Lighting,Cookware,2024-04-17,2008.55,2270.75,262.2,0,Monsoon,0,2025-07-01,345,450,14,94,395,1076765.7,13,126.0,134.0,159.0,151.0,152.5
SKU014,2025-07-21,148,336071.0,2270.75,0,Product 014,Lighting,Cookware,2024-04-17,2008.55,2270.75,262.2,0,Monsoon,0,2025-07-01,345,450,14,94,395,1076765.7,20,139.0,126.0,191.0,154.0,147.5
SKU014,2025-07-28,141,320175.75,2270.75,0,Product 014,Lighting,Cookware,2024-04-17,2008.55,2270.75,262.2,0,Monsoon,0,2025-07-01,345,450,14,94,395,1076765.7,27,148.0,139.0,134.0,132.0,136.75
SKU014,2025-08-04,121,274760.75,2270.75,0,Product 014,Lighting,Cookware,2024-04-17,2008.55,2270.75,262.2,0,Monsoon,0,2025-08-01,376,384,8,100,246,1173518.56,3,141.0,148.0,126.0,144.0,138.5
SKU014,2025-08-11,123,279302.25,2270.75,0,Product 014,Lighting,Cookware,2024-04-17,2008.55,2270.75,262.2,1,Monsoon,0,2025-08-01,376,384,8,100,246,1173518.56,10,121.0,141.0,139.0,123.0,137.25
SKU014,2025-08-18,131,297468.25,2270.75,0,Product 014,Lighting,Cookware,2024-04-17,2008.55,2270.75,262.2,0,Monsoon,0,2025-08-01,376,384,8,100,246,1173518.56,17,123.0,121.0,148.0,129.0,133.25
SKU014,2025-08-25,157,356507.75,2270.75,0,Product 014,Lighting,Cookware,2024-04-17,2008.55,2270.75,262.2,0,Monsoon,0,2025-08-01,376,384,8,100,246,1173518.56,24,131.0,123.0,141.0,135.0,129.0
SKU014,2025-09-01,127,288385.25,2270.75,1,Product 014,Lighting,Cookware,2024-04-17,2008.55,2270.75,262.2,0,Monsoon,1,2025-09-01,346,269,7,117,230,1079886.76,0,157.0,131.0,121.0,146.0,133.0
SKU014,2025-09-08,151,342883.25,2270.75,1,Product 014,Lighting,Cookware,2024-04-17,2008.55,2270.75,262.2,0,Monsoon,1,2025-09-01,346,269,7,117,230,1079886.76,7,127.0,157.0,123.0,145.0,134.5
SKU014,2025-09-15,140,317905.0,2270.75,1,Product 014,Lighting,Cookware,2024-04-17,2008.55,2270.75,262.2,0,Monsoon,1,2025-09-01,346,269,7,117,230,1079886.76,14,151.0,127.0,131.0,137.0,141.5
SKU014,2025-09-22,132,299739.0,2270.75,1,Product 014,Lighting,Cookware,2024-04-17,2008.55,2270.75,262.2,0,Monsoon,1,2025-09-01,346,269,7,117,230,1079886.76,21,140.0,151.0,157.0,151.0,143.75
SKU014,2025-09-29,123,279302.25,2270.75,0,Product 014,Lighting,Cookware,2024-04-17,2008.55,2270.75,262.2,0,Monsoon,0,2025-09-01,346,269,7,117,230,1079886.76,28,132.0,140.0,127.0,97.0,137.5
SKU014,2025-10-06,122,277031.5,2270.75,0,Product 014,Lighting,Cookware,2024-04-17,2008.55,2270.75,262.2,0,Autumn,0,2025-10-01,564,306,7,104,219,1760277.84,5,123.0,132.0,151.0,126.0,136.5
SKU014,2025-10-13,120,272490.0,2270.75,0,Product 014,Lighting,Cookware,2024-04-17,2008.55,2270.75,262.2,0,Autumn,0,2025-10-01,564,306,7,104,219,1760277.84,12,122.0,123.0,140.0,123.0,129.25
SKU014,2025-10-20,133,302009.75,2270.75,0,Product 014,Lighting,Cookware,2024-04-17,2008.55,2270.75,262.2,1,Autumn,0,2025-10-01,564,306,7,104,219,1760277.84,19,120.0,122.0,132.0,128.0,124.25
SKU014,2025-10-27,127,288385.25,2270.75,1,Product 014,Lighting,Cookware,2024-04-17,2008.55,2270.75,262.2,0,Autumn,1,2025-10-01,564,306,7,104,219,1760277.84,26,133.0,120.0,123.0,132.0,124.5
SKU014,2025-11-03,117,265677.75,2270.75,1,Product 014,Lighting,Cookware,2024-04-17,2008.55,2270.75,262.2,0,Autumn,1,2025-11-01,362,290,8,74,188,1129823.72,2,127.0,133.0,122.0,130.0,125.5
SKU014,2025-11-10,130,295197.5,2270.75,1,Product 014,Lighting,Cookware,2024-04-17,2008.55,2270.75,262.2,0,Autumn,1,2025-11-01,362,290,8,74,188,1129823.72,9,117.0,127.0,120.0,124.0,124.25
SKU014,2025-11-17,130,295197.5,2270.75,1,Product 014,Lighting,Cookware,2024-04-17,2008.55,2270.75,262.2,0,Autumn,1,2025-11-01,362,290,8,74,188,1129823.72,16,130.0,117.0,133.0,152.0,126.75
SKU014,2025-11-24,151,342883.25,2270.75,1,Product 014,Lighting,Cookware,2024-04-17,2008.55,2270.75,262.2,0,Autumn,1,2025-11-01,362,290,8,74,188,1129823.72,23,130.0,130.0,127.0,142.0,126.0
SKU014,2025-12-01,124,281573.0,2270.75,0,Product 014,Lighting,Cookware,2024-04-17,2008.55,2270.75,262.2,0,Winter,0,2025-12-01,309,334,10,130,299,964407.54,0,151.0,130.0,117.0,128.0,132.0
SKU014,2025-12-08,137,311092.75,2270.75,0,Product 014,Lighting,Cookware,2024-04-17,2008.55,2270.75,262.2,0,Winter,0,2025-12-01,309,334,10,130,299,964407.54,7,124.0,151.0,130.0,135.0,133.75
SKU014,2025-12-15,116,263407.0,2270.75,0,Product 014,Lighting,Cookware,2024-04-17,2008.55,2270.75,262.2,0,Winter,0,2025-12-01,309,334,10,130,299,964407.54,14,137.0,124.0,130.0,141.0,135.5
SKU014,2025-12-22,122,277031.5,2270.75,0,Product 014,Lighting,Cookware,2024-04-17,2008.55,2270.75,262.2,1,Winter,0,2025-12-01,309,334,10,130,299,964407.54,21,116.0,137.0,151.0,135.0,132.0
SKU015,2024-01-01,35,217424.2,6212.12,0,Product 015,Storage,Lamp,2024-02-29,5441.06,6212.12,771.06,0,Winter,0,2024-01-01,23,20,6,5,11,28908.47,0,,,,,
SKU015,2024-01-08,27,167727.24,6212.12,0,Product 015,Storage,Lamp,2024-02-29,5441.06,6212.12,771.06,0,Winter,0,2024-01-01,23,20,6,5,11,28908.47,7,35.0,,,,
SKU015,2024-01-15,30,186363.6,6212.12,0,Product 015,Storage,Lamp,2024-02-29,5441.06,6212.12,771.06,0,Winter,0,2024-01-01,23,20,6,5,11,28908.47,14,27.0,35.0,,,
SKU015,2024-01-22,27,167727.24,6212.12,0,Product 015,Storage,Lamp,2024-02-29,5441.06,6212.12,771.06,1,Winter,0,2024-01-01,23,20,6,5,11,28908.47,21,30.0,27.0,,,
SKU015,2024-01-29,35,217424.2,6212.12,0,Product 015,Storage,Lamp,2024-02-29,5441.06,6212.12,771.06,0,Winter,0,2024-01-01,23,20,6,5,11,28908.47,28,27.0,30.0,35.0,,29.75
SKU015,2024-02-05,46,285757.52,6212.12,0,Product 015,Storage,Lamp,2024-02-29,5441.06,6212.12,771.06,0,Winter,0,2024-02-01,607,325,10,120,297,762932.23,4,35.0,27.0,27.0,,29.75
SKU015,2024-02-12,29,180151.48,6212.12,0,Product 015,Storage,Lamp,2024-02-29,5441.06,6212.12,771.06,0,Winter,0,2024-02-01,607,325,10,120,297,762932.23,11,46.0,35.0,30.0,,34.5
SKU015,2024-02-19,35,217424.2,6212.12,0,Product 015,Storage,Lamp,2024-02-29,5441.06,6212.12,771.06,0,Winter,0,2024-02-01,607,325,10,120,297,762932.23,18,29.0,46.0,27.0,,34.25
SKU015,2024-02-26,26,161515.12,6212.12,1,Product 015,Storage,Lamp,2024-02-29,5441.06,6212.12,771.06,0,Winter,1,2024-02-01,607,325,10,120,297,762932.23,25,35.0,29.0,35.0,,36.25
SKU015,2024-03-04,43,267121.16000000003,6212.12,1,Product 015,Storage,Lamp,2024-02-29,5441.06,6212.12,771.06,0,Spring,1,2024-03-01,429,85,4,122,198,539205.81,3,26.0,35.0,46.0,,34.0
SKU015,2024-03-11,42,260909.04,6212.12,1,Product 015,Storage,Lamp,2024-02-29,5441.06,6212.12,771.06,0,Spring,1,2024-03-01,429,85,4,122,198,539205.81,10,43.0,26.0,29.0,,33.25
SKU015,2024-03-18,41,254696.91999999998,6212.12,1,Product 015,Storage,Lamp,2024-02-29,5441.06,6212.12,771.06,0,Spring,1,2024-03-01,429,85,4,122,198,539205.81,17,42.0,43.0,35.0,,36.5
SKU015,2024-03-25,34,211212.08000000002,6212.12,1,Product 015,Storage,Lamp,2024-02-29,5441.06,6212.12,771.06,0,Spring,1,2024-03-01,429,85,4,122,198,539205.81,24,41.0,42.0,26.0,,38.0
SKU015,2024-04-01,29,180151.48,6212.12,0,Product 015,Storage,Lamp,2024-02-29,5441.06,6212.12,771.06,0,Spring,0,2024-04-01,536,125,3,71,141,673693.04,0,34.0,41.0,43.0,,40.0
SKU015,2024-04-08,37,229848.44,6212.12,0,Product 015,Storage,Lamp,2024-02-29,5441.06,6212.12,771.06,0,Spring,0,2024-04-01,536,125,3,71,141,673693.04,7,29.0,34.0,42.0,,36.5
SKU015,2024-04-15,26,161515.12,6212.12,0,Product 015,Storage,Lamp,2024-02-29,5441.06,6212.12,771.06,0,Spring,0,2024-04-01,536,125,3,71,141,673693.04,14,37.0,29.0,41.0,,35.25
SKU015,2024-04-22,35,217424.2,6212.12,0,Product 015,Storage,Lamp,2024-02-29,5441.06,6212.12,771.06,0,Spring,0,2024-04-01,536,125,3,71,141,673693.04,21,26.0,37.0,34.0,,31.5
SKU015,2024-04-29,30,186363.6,6212.12,0,Product 015,Storage,Lamp,2024-02-29,5441.06,6212.12,771.06,0,Spring,0,2024-04-01,536,125,3,71,141,673693.04,28,35.0,26.0,29.0,,31.75
SKU015,2024-05-06,26,161515.12,6212.12,0,Product 015,Storage,Lamp,2024-02-29,5441.06,6212.12,771.06,0,Summer,0,2024-05-01,279,387,7,92,234,350672.31,5,30.0,35.0,37.0,,32.0
SKU015,2024-05-13,31,192575.72,6212.12,0,Product 015,Storage,Lamp,2024-02-29,5441.06,6212.12,771.06,0,Summer,0,2024-05-01,279,387,7,92,234,350672.31,12,26.0,30.0,26.0,,29.25
SKU015,2024-05-20,36,223636.32,6212.12,0,Product 015,Storage,Lamp,2024-02-29,5441.06,6212.12,771.06,0,Summer,0,2024-05-01,279,387,7,92,234,350672.31,19,31.0,26.0,35.0,,30.5
SKU015,2024-05-27,32,198787.84,6212.12,1,Product 015,Storage,Lamp,2024-02-29,5441.06,6212.12,771.06,0,Summer,1,2024-05-01,279,387,7,92,234,350672.31,26,36.0,31.0,30.0,,30.75
SKU015,2024-06-03,41,254696.91999999998,6212.12,1,Product 015,Storage,Lamp,2024-02-29,5441.06,6212.12,771.06,0,Summer,1,2024-06-01,526,626,7,170,327,661124.14,2,32.0,36.0,26.0,,31.25
SKU015,2024-06-10,36,223636.32,6212.12,1,Product 015,Storage,Lamp,2024-02-29,5441.06,6212.12,771.06,0,Summer,1,2024-06-01,526,626,7,170,327,661124.14,9,41.0,32.0,31.0,,35.0
SKU015,2024-06-17,29,180151.48,6212.12,1,Product 015,Storage,Lamp,2024-02-29,5441.06,6212.12,771.06,0,Summer,1,2024-06-01,526,626,7,170,327,661124.14,16,36.0,41.0,36.0,,36.25
SKU015,2024-06-24,29,180151.47999999998,6212.12,1,Product 015,Storage,Lamp,2024-02-29,5441.06,6212.12,771.06,0,Summer,1,2024-06-01,526,626,7,170,327,661124.14,23,29.0,36.0,32.0,,34.5
SKU015,2024-07-01,27,167727.24,6212.12,0,Product 015,Storage,Lamp,2024-02-29,5441.06,6212.12,771.06,0,Monsoon,0,2024-07-01,709,2,9,96,313,891135.01,0,29.0,29.0,41.0,,33.75
SKU015,2024-07-08,30,186363.59999999998,6212.12,0,Product 015,Storage,Lamp,2024-02-29,5441.06,6212.12,771.06,0,Monsoon,0,2024-07-01,709,2,9,96,313,891135.01,7,27.0,29.0,36.0,,30.25
SKU015,2024-07-15,31,192575.72,6212.12,0,Product 015,Storage,Lamp,2024-02-29,5441.06,6212.12,771.06,0,Monsoon,0,2024-07-01,709,2,9,96,313,891135.01,14,30.0,27.0,29.0,,28.75
SKU015,2024-07-22,26,161515.12,6212.12,0,Product 015,Storage,Lamp,2024-02-29,5441.06,6212.12,771.06,0,Monsoon,0,2024-07-01,709,2,9,96,313,891135.01,21,31.0,30.0,29.0,,29.25
SKU015,2024-07-29,24,149090.88,6212.12,0,Product 015,Storage,Lamp,2024-02-29,5441.06,6212.12,771.06,0,Monsoon,0,2024-07-01,709,2,9,96,313,891135.01,28,26.0,31.0,27.0,,28.5
SKU015,2024-08-05,22,136666.64,6212.12,0,Product 015,Storage,Lamp,2024-02-29,5441.06,6212.12,771.06,0,Monsoon,0,2024-08-01,322,412,10,82,258,404718.58,4,24.0,26.0,30.0,,27.75
SKU015,2024-08-12,24,149090.88,6212.12,0,Product 015,Storage,Lamp,2024-02-29,5441.06,6212.12,771.06,1,Monsoon,0,2024-08-01,322,412,10,82,258,404718.58,11,22.0,24.0,31.0,,25.75
SKU015,2024-08-19,25,155303.0,6212.12,0,Product 015,Storage,Lamp,2024-02-29,5441.06,6212.12,771.06,0,Monsoon,0,2024-08-01,322,412,10,82,258,404718.58,18,24.0,22.0,26.0,,24.0
SKU015,2024-08-26,28,173939.36,6212.12,1,Product 015,Storage,Lamp,2024-02-29,5441.06,6212.12,771.06,0,Monsoon,1,2024-08-01,322,412,10,82,258,404718.58,25,25.0,24.0,24.0,,23.75
SKU015,2024-09-02,25,155303.0,6212.12,1,Product 015,Storage,Lamp,2024-02-29,5441.06,6212.12,771.06,0,Monsoon,1,2024-09-01,327,205,4,106,171,411003.03,1,28.0,25.0,22.0,,24.75
SKU015,2024-09-09,26,161515.12,6212.12,1,Product 015,Storage,Lamp,2024-02-29,5441.06,6212.12,771.06,0,Monsoon,1,2024-09-01,327,205,4,106,171,411003.03,8,25.0,28.0,24.0,,25.5
SKU015,2024-09-16,21,130454.51999999999,6212.12,1,Product 015,Storage,Lamp,2024-02-29,5441.06,6212.12,771.06,0,Monsoon,1,2024-09-01,327,205,4,106,171,411003.03,15,26.0,25.0,25.0,,26.0
SKU015,2024-09-23,20,124242.4,6212.12,1,Product 015,Storage,Lamp,2024-02-29,5441.06,6212.12,771.06,0,Monsoon,1,2024-09-01,327,205,4,106,171,411003.03,22,21.0,26.0,28.0,,25.0
SKU015,2024-09-30,34,211212.08,6212.12,0,Product 015,Storage,Lamp,2024-02-29,5441.06,6212.12,771.06,0,Monsoon,0,2024-09-01,327,205,4,106,171,411003.03,29,20.0,21.0,25.0,,23.0
SKU015,2024-10-07,29,180151.48,6212.12,0,Product 015,Storage,Lamp,2024-02-29,5441.06,6212.12,771.06,0,Autumn,0,2024-10-01,509,121,14,128,376,639757.01,6,34.0,20.0,26.0,,25.25
SKU015,2024-10-14,22,136666.64,6212.12,0,Product 015,Storage,Lamp,2024-02-29,5441.06,6212.12,771.06,0,Autumn,0,2024-10-01,509,121,14,128,376,639757.01,13,29.0,34.0,21.0,,26.0
SKU015,2024-10-21,24,149090.88,6212.12,0,Product 015,Storage,Lamp,2024-02-29,5441.06,6212.12,771.06,0,Autumn,0,2024-10-01,509,121,14,128,376,639757.01,20,22.0,29.0,20.0,,26.25
SKU015,2024-10-28,25,155303.0,6212.12,1,Product 015,Storage,Lamp,2024-02-29,5441.06,6212.12,771.06,1,Autumn,1,2024-10-01,509,121,14,128,376,639757.01,27,24.0,22.0,34.0,,27.25
SKU015,2024-11-04,25,155303.0,6212.12,1,Product 015,Storage,Lamp,2024-02-29,5441.06,6212.12,771.06,0,Autumn,1,2024-11-01,264,248,9,106,253,331818.96,3,25.0,24.0,29.0,,25.0
SKU015,2024-11-11,19,118030.28,6212.12,1,Product 015,Storage,Lamp,2024-02-29,5441.06,6212.12,771.06,0,Autumn,1,2024-11-01,264,248,9,106,253,331818.96,10,25.0,25.0,22.0,,24.0
SKU015,2024-11-18,34,211212.08000000002,6212.12,1,Product 015,Storage,Lamp,2024-02-29,5441.06,6212.12,771.06,0,Autumn,1,2024-11-01,264,248,9,106,253,331818.96,17,19.0,25.0,24.0,,23.25
SKU015,2024-11-25,22,136666.64,6212.12,1,Product 015,Storage,Lamp,2024-02-29,5441.06,6212.12,771.06,0,Autumn,1,2024-11-01,264,248,9,106,253,331818.96,24,34.0,19.0,25.0,,25.75
SKU015,2024-12-02,29,180151.47999999998,6212.12,0,Product 015,Storage,Lamp,2024-02-29,5441.06,6212.12,771.06,0,Winter,0,2024-12-01,587,380,7,121,245,737794.43,1,22.0,34.0,25.0,,25.0
SKU015,2024-12-09,21,130454.52,6212.12,0,Product 015,Storage,Lamp,2024-02-29,5441.06,6212.12,771.06,0,Winter,0,2024-12-01,587,380,7,121,245,737794.43,8,29.0,22.0,19.0,,26.0
SKU015,2024-12-16,26,161515.12,6212.12,0,Product 015,Storage,Lamp,2024-02-29,5441.06,6212.12,771.06,0,Winter,0,2024-12-01,587,380,7,121,245,737794.43,15,21.0,29.0,34.0,,26.5
SKU015,2024-12-23,32,198787.84,6212.12,0,Product 015,Storage,Lamp,2024-02-29,5441.06,6212.12,771.06,1,Winter,0,2024-12-01,587,380,7,121,245,737794.43,22,26.0,21.0,22.0,,24.5
SKU015,2024-12-30,31,192575.72,6212.12,0,Product 015,Storage,Lamp,2024-02-29,5441.06,6212.12,771.06,0,Winter,0,2024-12-01,587,380,7,121,245,737794.43,29,32.0,26.0,29.0,35.0,27.0
SKU015,2025-01-06,25,155303.0,6212.12,0,Product 015,Storage,Lamp,2024-02-29,5441.06,6212.12,771.06,0,Winter,0,2025-01-01,186,92,3,85,135,233781.54,5,31.0,32.0,21.0,27.0,27.5
SKU015,2025-01-13,27,167727.24,6212.12,0,Product 015,Storage,Lamp,2024-02-29,5441.06,6212.12,771.06,0,Winter,0,2025-01-01,186,92,3,85,135,233781.54,12,25.0,31.0,26.0,30.0,28.5
SKU015,2025-01-20,32,198787.84,6212.12,0,Product 015,Storage,Lamp,2024-02-29,5441.06,6212.12,771.06,1,Winter,0,2025-01-01,186,92,3,85,135,233781.54,19,27.0,25.0,32.0,27.0,28.75
SKU015,2025-01-27,29,180151.47999999998,6212.12,0,Product 015,Storage,Lamp,2024-02-29,5441.06,6212.12,771.06,0,Winter,0,2025-01-01,186,92,3,85,135,233781.54,26,32.0,27.0,31.0,35.0,28.75
SKU015,2025-02-03,31,192575.72,6212.12,0,Product 015,Storage,Lamp,2024-02-29,5441.06,6212.12,771.06,0,Winter,0,2025-02-01,190,638,14,67,339,238809.1,2,29.0,32.0,25.0,46.0,28.25
SKU015,2025-02-10,37,229848.44,6212.12,0,Product 015,Storage,Lamp,2024-02-29,5441.06,6212.12,771.06,0,Winter,0,2025-02-01,190,638,14,67,339,238809.1,9,31.0,29.0,27.0,29.0,29.75
SKU015,2025-02-17,30,186363.6,6212.12,0,Product 015,Storage,Lamp,2024-02-29,5441.06,6212.12,771.06,0,Winter,0,2025-02-01,190,638,14,67,339,238809.1,16,37.0,31.0,32.0,35.0,32.25
SKU015,2025-02-24,36,223636.32,6212.12,1,Product 015,Storage,Lamp,2024-02-29,5441.06,6212.12,771.06,0,Winter,1,2025-02-01,190,638,14,67,339,238809.1,23,30.0,37.0,29.0,26.0,31.75
SKU015,2025-03-03,37,229848.44,6212.12,1,Product 015,Storage,Lamp,2024-02-29,5441.06,6212.12,771.06,0,Spring,1,2025-03-01,403,396,9,126,298,506526.67,2,36.0,30.0,31.0,43.0,33.5
SKU015,2025-03-10,38,236060.56,6212.12,1,Product 015,Storage,Lamp,2024-02-29,5441.06,6212.12,771.06,0,Spring,1,2025-03-01,403,396,9,126,298,506526.67,9,37.0,36.0,37.0,42.0,35.0
SKU015,2025-03-17,22,136666.63999999998,6212.12,1,Product 015,Storage,Lamp,2024-02-29,5441.06,6212.12,771.06,0,Spring,1,2025-03-01,403,396,9,126,298,506526.67,16,38.0,37.0,30.0,41.0,35.25
SKU015,2025-03-24,30,186363.6,6212.12,1,Product 015,Storage,Lamp,2024-02-29,5441.06,6212.12,771.06,0,Spring,1,2025-03-01,403,396,9,126,298,506526.67,23,22.0,38.0,36.0,34.0,33.25
SKU015,2025-03-31,40,248484.8,6212.12,0,Product 015,Storage,Lamp,2024-02-29,5441.06,6212.12,771.06,0,Spring,0,2025-03-01,403,396,9,126,298,506526.67,30,30.0,22.0,37.0,29.0,31.75
SKU015,2025-04-07,38,236060.56,6212.12,0,Product 015,Storage,Lamp,2024-02-29,5441.06,6212.12,771.06,0,Spring,0,2025-04-01,481,195,10,148,385,604564.09,6,40.0,30.0,38.0,37.0,32.5
SKU015,2025-04-14,36,223636.32,6212.12,0,Product 015,Storage,Lamp,2024-02-29,5441.06,6212.12,771.06,0,Spring,0,2025-04-01,481,195,10,148,385,604564.09,13,38.0,40.0,22.0,26.0,32.5
SKU015,2025-04-21,33,204999.96,6212.12,0,Product 015,Storage,Lamp,2024-02-29,5441.06,6212.12,771.06,0,Spring,0,2025-04-01,481,195,10,148,385,604564.09,20,36.0,38.0,30.0,35.0,36.0
SKU015,2025-04-28,31,192575.72,6212.12,0,Product 015,Storage,Lamp,2024-02-29,5441.06,6212.12,771.06,0,Spring,0,2025-04-01,481,195,10,148,385,604564.09,27,33.0,36.0,40.0,30.0,36.75
SKU015,2025-05-05,40,248484.8,6212.12,0,Product 015,Storage,Lamp,2024-02-29,5441.06,6212.12,771.06,0,Summer,0,2025-05-01,366,160,9,71,270,460021.74,4,31.0,33.0,38.0,26.0,34.5
SKU015,2025-05-12,33,204999.96,6212.12,0,Product 015,Storage,Lamp,2024-02-29,5441.06,6212.12,771.06,0,Summer,0,2025-05-01,366,160,9,71,270,460021.74,11,40.0,31.0,36.0,31.0,35.0
SKU015,2025-05-19,27,167727.24,6212.12,0,Product 015,Storage,Lamp,2024-02-29,5441.06,6212.12,771.06,0,Summer,0,2025-05-01,366,160,9,71,270,460021.74,18,33.0,40.0,33.0,36.0,34.25
SKU015,2025-05-26,36,223636.31999999998,6212.12,1,Product 015,Storage,Lamp,2024-02-29,5441.06,6212.12,771.06,0,Summer,1,2025-05-01,366,160,9,71,270,460021.74,25,27.0,33.0,31.0,32.0,32.75
SKU015,2025-06-02,30,186363.6,6212.12,1,Product 015,Storage,Lamp,2024-02-29,5441.06,6212.12,771.06,0,Summer,1,2025-06-01,324,115,8,130,299,407232.36,1,36.0,27.0,40.0,41.0,34.0
SKU015,2025-06-09,23,142878.76,6212.12,1,Product 015,Storage,Lamp,2024-02-29,5441.06,6212.12,771.06,0,Summer,1,2025-06-01,324,115,8,130,299,407232.36,8,30.0,36.0,33.0,36.0,31.5
SKU015,2025-06-16,32,198787.84,6212.12,1,Product 015,Storage,Lamp,2024-02-29,5441.06,6212.12,771.06,0,Summer,1,2025-06-01,324,115,8,130,299,407232.36,15,23.0,30.0,27.0,29.0,29.0
SKU015,2025-06-23,25,155303.0,6212.12,1,Product 015,Storage,Lamp,2024-02-29,5441.06,6212.12,771.06,0,Summer,1,2025-06-01,324,115,8,130,299,407232.36,22,32.0,23.0,36.0,29.0,30.25
SKU015,2025-06-30,22,136666.63999999998,6212.12,0,Product 015,Storage,Lamp,2024-02-29,5441.06,6212.12,771.06,0,Summer,0,2025-06-01,324,115,8,130,299,407232.36,29,25.0,32.0,30.0,27.0,27.5
SKU015,2025-07-07,23,142878.76,6212.12,0,Product 015,Storage,Lamp,2024-02-29,5441.06,6212.12,771.06,0,Monsoon,0,2025-07-01,420,423,10,125,343,527893.8,6,22.0,25.0,23.0,30.0,25.5
SKU015,2025-07-14,29,180151.48,6212.12,0,Product 015,Storage,Lamp,2024-02-29,5441.06,6212.12,771.06,0,Monsoon,0,2025-07-01,420,423,10,125,343,527893.8,13,23.0,22.0,32.0,31.0,25.5
SKU015,2025-07-21,27,167727.24,6212.12,0,Product 015,Storage,Lamp,2024-02-29,5441.06,6212.12,771.06,0,Monsoon,0,2025-07-01,420,423,10,125,343,527893.8,20,29.0,23.0,25.0,26.0,24.75
SKU015,2025-07-28,25,155303.0,6212.12,0,Product 015,Storage,Lamp,2024-02-29,5441.06,6212.12,771.06,0,Monsoon,0,2025-07-01,420,423,10,125,343,527893.8,27,27.0,29.0,22.0,24.0,25.25
SKU015,2025-08-04,23,142878.76,6212.12,0,Product 015,Storage,Lamp,2024-02-29,5441.06,6212.12,771.06,0,Monsoon,0,2025-08-01,109,481,9,79,241,137001.01,3,25.0,27.0,23.0,22.0,26.0
SKU015,2025-08-11,27,167727.24,6212.12,0,Product 015,Storage,Lamp,2024-02-29,5441.06,6212.12,771.06,1,Monsoon,0,2025-08-01,109,481,9,79,241,137001.01,10,23.0,25.0,29.0,24.0,26.0
SKU015,2025-08-18,26,161515.12,6212.12,0,Product 015,Storage,Lamp,2024-02-29,5441.06,6212.12,771.06,0,Monsoon,0,2025-08-01,109,481,9,79,241,137001.01,17,27.0,23.0,27.0,25.0,25.5
SKU015,2025-08-25,28,173939.36000000002,6212.12,0,Product 015,Storage,Lamp,2024-02-29,5441.06,6212.12,771.06,0,Monsoon,0,2025-08-01,109,481,9,79,241,137001.01,24,26.0,27.0,25.0,28.0,25.25
SKU015,2025-09-01,28,173939.36000000002,6212.12,1,Product 015,Storage,Lamp,2024-02-29,5441.06,6212.12,771.06,0,Monsoon,1,2025-09-01,268,69,6,76,182,336846.52,0,28.0,26.0,23.0,25.0,26.0
SKU015,2025-09-08,24,149090.88,6212.12,1,Product 015,Storage,Lamp,2024-02-29,5441.06,6212.12,771.06,0,Monsoon,1,2025-09-01,268,69,6,76,182,336846.52,7,28.0,28.0,27.0,26.0,27.25
SKU015,2025-09-15,23,142878.76,6212.12,1,Product 015,Storage,Lamp,2024-02-29,5441.06,6212.12,771.06,0,Monsoon,1,2025-09-01,268,69,6,76,182,336846.52,14,24.0,28.0,26.0,21.0,26.5
SKU015,2025-09-22,28,173939.36,6212.12,1,Product 015,Storage,Lamp,2024-02-29,5441.06,6212.12,771.06,0,Monsoon,1,2025-09-01,268,69,6,76,182,336846.52,21,23.0,24.0,28.0,20.0,25.75
SKU015,2025-09-29,19,118030.28,6212.12,0,Product 015,Storage,Lamp,2024-02-29,5441.06,6212.12,771.06,0,Monsoon,0,2025-09-01,268,69,6,76,182,336846.52,28,28.0,23.0,28.0,34.0,25.75
SKU015,2025-10-06,16,99393.92,6212.12,0,Product 015,Storage,Lamp,2024-02-29,5441.06,6212.12,771.06,0,Autumn,0,2025-10-01,314,386,14,89,334,394663.46,5,19.0,28.0,24.0,29.0,23.5
SKU015,2025-10-13,21,130454.51999999999,6212.12,0,Product 015,Storage,Lamp,2024-02-29,5441.06,6212.12,771.06,0,Autumn,0,2025-10-01,314,386,14,89,334,394663.46,12,16.0,19.0,23.0,22.0,21.5
SKU015,2025-10-20,21,130454.52,6212.12,0,Product 015,Storage,Lamp,2024-02-29,5441.06,6212.12,771.06,1,Autumn,0,2025-10-01,314,386,14,89,334,394663.46,19,21.0,16.0,28.0,24.0,21.0
SKU015,2025-10-27,17,105606.04,6212.12,1,Product 015,Storage,Lamp,2024-02-29,5441.06,6212.12,771.06,0,Autumn,1,2025-10-01,314,386,14,89,334,394663.46,26,21.0,21.0,19.0,25.0,19.25
SKU015,2025-11-03,13,80757.56,6212.12,1,Product 015,Storage,Lamp,2024-02-29,5441.06,6212.12,771.06,0,Autumn,1,2025-11-01,399,237,4,58,121,501499.11,2,17.0,21.0,16.0,25.0,18.75
SKU015,2025-11-10,24,149090.88,6212.12,1,Product 015,Storage,Lamp,2024-02-29,5441.06,6212.12,771.06,0,Autumn,1,2025-11-01,399,237,4,58,121,501499.11,9,13.0,17.0,21.0,19.0,18.0
SKU015,2025-11-17,24,149090.88,6212.12,1,Product 015,Storage,Lamp,2024-02-29,5441.06,6212.12,771.06,0,Autumn,1,2025-11-01,399,237,4,58,121,501499.11,16,24.0,13.0,21.0,34.0,18.75
SKU015,2025-11-24,31,192575.72,6212.12,1,Product 015,Storage,Lamp,2024-02-29,5441.06,6212.12,771.06,0,Autumn,1,2025-11-01,399,237,4,58,121,501499.11,23,24.0,24.0,17.0,22.0,19.5
SKU015,2025-12-01,22,136666.64,6212.12,0,Product 015,Storage,Lamp,2024-02-29,5441.06,6212.12,771.06,0,Winter,0,2025-12-01,187,245,9,119,265,235038.43,0,31.0,24.0,13.0,29.0,23.0
SKU015,2025-12-08,31,192575.71999999997,6212.12,0,Product 015,Storage,Lamp,2024-02-29,5441.06,6212.12,771.06,0,Winter,0,2025-12-01,187,245,9,119,265,235038.43,7,22.0,31.0,24.0,21.0,25.25
SKU015,2025-12-15,21,130454.51999999999,6212.12,0,Product 015,Storage,Lamp,2024-02-29,5441.06,6212.12,771.06,0,Winter,0,2025-12-01,187,245,9,119,265,235038.43,14,31.0,22.0,24.0,26.0,27.0
SKU015,2025-12-22,27,167727.24,6212.12,0,Product 015,Storage,Lamp,2024-02-29,5441.06,6212.12,771.06,1,Winter,0,2025-12-01,187,245,9,119,265,235038.43,21,21.0,31.0,31.0,32.0,26.25
SKU016,2024-01-01,81,175512.42,2166.82,0,Product 016,Furniture,Shelf,2024-05-14,3637.93,2166.82,-1471.11,0,Winter,0,2024-01-01,20,18,3,7,10,40171.0,0,,,,,
SKU016,2024-01-08,104,225349.28,2166.82,0,Product 016,Furniture,Shelf,2024-05-14,3637.93,2166.82,-1471.11,0,Winter,0,2024-01-01,20,18,3,7,10,40171.0,7,81.0,,,,
SKU016,2024-01-15,88,190680.16,2166.82,0,Product 016,Furniture,Shelf,2024-05-14,3637.93,2166.82,-1471.11,0,Winter,0,2024-01-01,20,18,3,7,10,40171.0,14,104.0,81.0,,,
SKU016,2024-01-22,103,223182.46,2166.82,0,Product 016,Furniture,Shelf,2024-05-14,3637.93,2166.82,-1471.11,1,Winter,0,2024-01-01,20,18,3,7,10,40171.0,21,88.0,104.0,,,
SKU016,2024-01-29,96,208014.72,2166.82,0,Product 016,Furniture,Shelf,2024-05-14,3637.93,2166.82,-1471.11,0,Winter,0,2024-01-01,20,18,3,7,10,40171.0,28,103.0,88.0,81.0,,94.0
SKU016,2024-02-05,96,208014.72,2166.82,0,Product 016,Furniture,Shelf,2024-05-14,3637.93,2166.82,-1471.11,0,Winter,0,2024-02-01,299,121,11,66,173,600556.45,4,96.0,103.0,104.0,,97.75
SKU016,2024-02-12,101,218848.82,2166.82,0,Product 016,Furniture,Shelf,2024-05-14,3637.93,2166.82,-1471.11,0,Winter,0,2024-02-01,299,121,11,66,173,600556.45,11,96.0,96.0,88.0,,95.75
SKU016,2024-02-19,97,210181.54,2166.82,0,Product 016,Furniture,Shelf,2024-05-14,3637.93,2166.82,-1471.11,0,Winter,0,2024-02-01,299,121,11,66,173,600556.45,18,101.0,96.0,103.0,,99.0
SKU016,2024-02-26,115,249184.30000000002,2166.82,1,Product 016,Furniture,Shelf,2024-05-14,3637.93,2166.82,-1471.11,0,Winter,1,2024-02-01,299,121,11,66,173,600556.45,25,97.0,101.0,96.0,,97.5
SKU016,2024-03-04,110,238350.2,2166.82,1,Product 016,Furniture,Shelf,2024-05-14,3637.93,2166.82,-1471.11,0,Spring,1,2024-03-01,311,97,12,63,217,624659.05,3,115.0,97.0,96.0,,102.25
SKU016,2024-03-11,133,288187.06,2166.82,1,Product 016,Furniture,Shelf,2024-05-14,3637.93,2166.82,-1471.11,0,Spring,1,2024-03-01,311,97,12,63,217,624659.05,10,110.0,115.0,101.0,,105.75
SKU016,2024-03-18,122,264352.04000000004,2166.82,1,Product 016,Furniture,Shelf,2024-05-14,3637.93,2166.82,-1471.11,0,Spring,1,2024-03-01,311,97,12,63,217,624659.05,17,133.0,110.0,97.0,,113.75
SKU016,2024-03-25,98,212348.36,2166.82,1,Product 016,Furniture,Shelf,2024-05-14,3637.93,2166.82,-1471.11,0,Spring,1,2024-03-01,311,97,12,63,217,624659.05,24,122.0,133.0,115.0,,120.0
SKU016,2024-04-01,109,236183.38,2166.82,0,Product 016,Furniture,Shelf,2024-05-14,3637.93,2166.82,-1471.11,0,Spring,0,2024-04-01,188,93,4,44,95,377607.4,0,98.0,122.0,110.0,,115.75
SKU016,2024-04-08,98,212348.36,2166.82,0,Product 016,Furniture,Shelf,2024-05-14,3637.93,2166.82,-1471.11,0,Spring,0,2024-04-01,188,93,4,44,95,377607.4,7,109.0,98.0,133.0,,115.5
SKU016,2024-04-15,125,270852.5,2166.82,0,Product 016,Furniture,Shelf,2024-05-14,3637.93,2166.82,-1471.11,0,Spring,0,2024-04-01,188,93,4,44,95,377607.4,14,98.0,109.0,122.0,,106.75
SKU016,2024-04-22,116,251351.12,2166.82,0,Product 016,Furniture,Shelf,2024-05-14,3637.93,2166.82,-1471.11,0,Spring,0,2024-04-01,188,93,4,44,95,377607.4,21,125.0,98.0,98.0,,107.5
SKU016,2024-04-29,93,201514.26,2166.82,0,Product 016,Furniture,Shelf,2024-05-14,3637.93,2166.82,-1471.11,0,Spring,0,2024-04-01,188,93,4,44,95,377607.4,28,116.0,125.0,109.0,,112.0
SKU016,2024-05-06,95,205847.90000000002,2166.82,0,Product 016,Furniture,Shelf,2024-05-14,3637.93,2166.82,-1471.11,0,Summer,0,2024-05-01,63,74,10,93,217,126538.65,5,93.0,116.0,98.0,,108.0
SKU016,2024-05-13,129,279519.78,2166.82,0,Product 016,Furniture,Shelf,2024-05-14,3637.93,2166.82,-1471.11,0,Summer,0,2024-05-01,63,74,10,93,217,126538.65,12,95.0,93.0,125.0,,107.25
SKU016,2024-05-20,122,264352.04,2166.82,0,Product 016,Furniture,Shelf,2024-05-14,3637.93,2166.82,-1471.11,0,Summer,0,2024-05-01,63,74,10,93,217,126538.65,19,129.0,95.0,116.0,,108.25
SKU016,2024-05-27,108,234016.56,2166.82,1,Product 016,Furniture,Shelf,2024-05-14,3637.93,2166.82,-1471.11,0,Summer,1,2024-05-01,63,74,10,93,217,126538.65,26,122.0,129.0,93.0,,109.75
SKU016,2024-06-03,110,238350.2,2166.82,1,Product 016,Furniture,Shelf,2024-05-14,3637.93,2166.82,-1471.11,0,Summer,1,2024-06-01,424,0,13,88,247,851625.2,2,108.0,122.0,95.0,,113.5
SKU016,2024-06-10,107,231849.74000000002,2166.82,1,Product 016,Furniture,Shelf,2024-05-14,3637.93,2166.82,-1471.11,0,Summer,1,2024-06-01,424,0,13,88,247,851625.2,9,110.0,108.0,129.0,,117.25
SKU016,2024-06-17,106,229682.92,2166.82,1,Product 016,Furniture,Shelf,2024-05-14,3637.93,2166.82,-1471.11,0,Summer,1,2024-06-01,424,0,13,88,247,851625.2,16,107.0,110.0,122.0,,111.75
SKU016,2024-06-24,108,234016.56,2166.82,1,Product 016,Furniture,Shelf,2024-05-14,3637.93,2166.82,-1471.11,0,Summer,1,2024-06-01,424,0,13,88,247,851625.2,23,106.0,107.0,108.0,,107.75
SKU016,2024-07-01,93,201514.26,2166.82,0,Product 016,Furniture,Shelf,2024-05-14,3637.93,2166.82,-1471.11,0,Monsoon,0,2024-07-01,229,294,11,77,218,459957.95,0,108.0,106.0,110.0,,107.75
SKU016,2024-07-08,99,214515.18,2166.82,0,Product 016,Furniture,Shelf,2024-05-14,3637.93,2166.82,-1471.11,0,Monsoon,0,2024-07-01,229,294,11,77,218,459957.95,7,93.0,108.0,107.0,,103.5
SKU016,2024-07-15,78,169011.96,2166.82,0,Product 016,Furniture,Shelf,2024-05-14,3637.93,2166.82,-1471.11,0,Monsoon,0,2024-07-01,229,294,11,77,218,459957.95,14,99.0,93.0,106.0,,101.5
SKU016,2024-07-22,92,199347.44,2166.82,0,Product 016,Furniture,Shelf,2024-05-14,3637.93,2166.82,-1471.11,0,Monsoon,0,2024-07-01,229,294,11,77,218,459957.95,21,78.0,99.0,108.0,,94.5
SKU016,2024-07-29,90,195013.8,2166.82,0,Product 016,Furniture,Shelf,2024-05-14,3637.93,2166.82,-1471.11,0,Monsoon,0,2024-07-01,229,294,11,77,218,459957.95,28,92.0,78.0,93.0,,90.5
SKU016,2024-08-05,82,177679.24,2166.82,0,Product 016,Furniture,Shelf,2024-05-14,3637.93,2166.82,-1471.11,0,Monsoon,0,2024-08-01,79,92,11,58,170,158675.45,4,90.0,92.0,99.0,,89.75
SKU016,2024-08-12,96,208014.72,2166.82,0,Product 016,Furniture,Shelf,2024-05-14,3637.93,2166.82,-1471.11,1,Monsoon,0,2024-08-01,79,92,11,58,170,158675.45,11,82.0,90.0,78.0,,85.5
SKU016,2024-08-19,78,169011.96000000002,2166.82,0,Product 016,Furniture,Shelf,2024-05-14,3637.93,2166.82,-1471.11,0,Monsoon,0,2024-08-01,79,92,11,58,170,158675.45,18,96.0,82.0,92.0,,90.0
SKU016,2024-08-26,98,212348.36,2166.82,1,Product 016,Furniture,Shelf,2024-05-14,3637.93,2166.82,-1471.11,0,Monsoon,1,2024-08-01,79,92,11,58,170,158675.45,25,78.0,96.0,90.0,,86.5
SKU016,2024-09-02,94,203681.08000000002,2166.82,1,Product 016,Furniture,Shelf,2024-05-14,3637.93,2166.82,-1471.11,0,Monsoon,1,2024-09-01,93,5,13,36,149,186795.15,1,98.0,78.0,82.0,,88.5
SKU016,2024-09-09,77,166845.14,2166.82,1,Product 016,Furniture,Shelf,2024-05-14,3637.93,2166.82,-1471.11,0,Monsoon,1,2024-09-01,93,5,13,36,149,186795.15,8,94.0,98.0,96.0,,91.5
SKU016,2024-09-16,90,195013.8,2166.82,1,Product 016,Furniture,Shelf,2024-05-14,3637.93,2166.82,-1471.11,0,Monsoon,1,2024-09-01,93,5,13,36,149,186795.15,15,77.0,94.0,78.0,,86.75
SKU016,2024-09-23,89,192846.98,2166.82,1,Product 016,Furniture,Shelf,2024-05-14,3637.93,2166.82,-1471.11,0,Monsoon,1,2024-09-01,93,5,13,36,149,186795.15,22,90.0,77.0,98.0,,89.75
SKU016,2024-09-30,71,153844.22,2166.82,0,Product 016,Furniture,Shelf,2024-05-14,3637.93,2166.82,-1471.11,0,Monsoon,0,2024-09-01,93,5,13,36,149,186795.15,29,89.0,90.0,94.0,,87.5
SKU016,2024-10-07,85,184179.7,2166.82,0,Product 016,Furniture,Shelf,2024-05-14,3637.93,2166.82,-1471.11,0,Autumn,0,2024-10-01,252,148,6,41,101,506154.6,6,71.0,89.0,77.0,,81.75
SKU016,2024-10-14,84,182012.88,2166.82,0,Product 016,Furniture,Shelf,2024-05-14,3637.93,2166.82,-1471.11,0,Autumn,0,2024-10-01,252,148,6,41,101,506154.6,13,85.0,71.0,90.0,,83.75
SKU016,2024-10-21,82,177679.24,2166.82,0,Product 016,Furniture,Shelf,2024-05-14,3637.93,2166.82,-1471.11,0,Autumn,0,2024-10-01,252,148,6,41,101,506154.6,20,84.0,85.0,89.0,,82.25
SKU016,2024-10-28,98,212348.36000000002,2166.82,1,Product 016,Furniture,Shelf,2024-05-14,3637.93,2166.82,-1471.11,1,Autumn,1,2024-10-01,252,148,6,41,101,506154.6,27,82.0,84.0,71.0,,80.5
SKU016,2024-11-04,84,182012.88,2166.82,1,Product 016,Furniture,Shelf,2024-05-14,3637.93,2166.82,-1471.11,0,Autumn,1,2024-11-01,47,5,5,57,101,94401.85,3,98.0,82.0,85.0,,87.25
SKU016,2024-11-11,104,225349.28000000003,2166.82,1,Product 016,Furniture,Shelf,2024-05-14,3637.93,2166.82,-1471.11,0,Autumn,1,2024-11-01,47,5,5,57,101,94401.85,10,84.0,98.0,84.0,,87.0
SKU016,2024-11-18,94,203681.08000000002,2166.82,1,Product 016,Furniture,Shelf,2024-05-14,3637.93,2166.82,-1471.11,0,Autumn,1,2024-11-01,47,5,5,57,101,94401.85,17,104.0,84.0,82.0,,92.0
SKU016,2024-11-25,97,210181.54,2166.82,1,Product 016,Furniture,Shelf,2024-05-14,3637.93,2166.82,-1471.11,0,Autumn,1,2024-11-01,47,5,5,57,101,94401.85,24,94.0,104.0,98.0,,95.0
SKU016,2024-12-02,83,179846.06,2166.82,0,Product 016,Furniture,Shelf,2024-05-14,3637.93,2166.82,-1471.11,0,Winter,0,2024-12-01,320,181,10,64,170,642736.0,1,97.0,94.0,84.0,,94.75
SKU016,2024-12-09,71,153844.22,2166.82,0,Product 016,Furniture,Shelf,2024-05-14,3637.93,2166.82,-1471.11,0,Winter,0,2024-12-01,320,181,10,64,170,642736.0,8,83.0,97.0,104.0,,94.5
SKU016,2024-12-16,82,177679.24,2166.82,0,Product 016,Furniture,Shelf,2024-05-14,3637.93,2166.82,-1471.11,0,Winter,0,2024-12-01,320,181,10,64,170,642736.0,15,71.0,83.0,94.0,,86.25
SKU016,2024-12-23,75,162511.5,2166.82,0,Product 016,Furniture,Shelf,2024-05-14,3637.93,2166.82,-1471.11,1,Winter,0,2024-12-01,320,181,10,64,170,642736.0,22,82.0,71.0,97.0,,83.25
SKU016,2024-12-30,92,199347.44,2166.82,0,Product 016,Furniture,Shelf,2024-05-14,3637.93,2166.82,-1471.11,0,Winter,0,2024-12-01,320,181,10,64,170,642736.0,29,75.0,82.0,83.0,81.0,77.75
SKU016,2025-01-06,97,210181.54,2166.82,0,Product 016,Furniture,Shelf,2024-05-14,3637.93,2166.82,-1471.11,0,Winter,0,2025-01-01,73,171,4,64,105,146624.15,5,92.0,75.0,71.0,104.0,80.0
SKU016,2025-01-13,76,164678.32,2166.82,0,Product 016,Furniture,Shelf,2024-05-14,3637.93,2166.82,-1471.11,0,Winter,0,2025-01-01,73,171,4,64,105,146624.15,12,97.0,92.0,82.0,88.0,86.5
SKU016,2025-01-20,100,216682.0,2166.82,0,Product 016,Furniture,Shelf,2024-05-14,3637.93,2166.82,-1471.11,1,Winter,0,2025-01-01,73,171,4,64,105,146624.15,19,76.0,97.0,75.0,103.0,85.0
SKU016,2025-01-27,95,205847.9,2166.82,0,Product 016,Furniture,Shelf,2024-05-14,3637.93,2166.82,-1471.11,0,Winter,0,2025-01-01,73,171,4,64,105,146624.15,26,100.0,76.0,92.0,96.0,91.25
SKU016,2025-02-03,112,242683.84,2166.82,0,Product 016,Furniture,Shelf,2024-05-14,3637.93,2166.82,-1471.11,0,Winter,0,2025-02-01,341,270,11,80,192,684915.55,2,95.0,100.0,97.0,96.0,92.0
SKU016,2025-02-10,93,201514.26,2166.82,0,Product 016,Furniture,Shelf,2024-05-14,3637.93,2166.82,-1471.11,0,Winter,0,2025-02-01,341,270,11,80,192,684915.55,9,112.0,95.0,76.0,101.0,95.75
SKU016,2025-02-17,97,210181.54,2166.82,0,Product 016,Furniture,Shelf,2024-05-14,3637.93,2166.82,-1471.11,0,Winter,0,2025-02-01,341,270,11,80,192,684915.55,16,93.0,112.0,100.0,97.0,100.0
SKU016,2025-02-24,135,292520.7,2166.82,1,Product 016,Furniture,Shelf,2024-05-14,3637.93,2166.82,-1471.11,0,Winter,1,2025-02-01,341,270,11,80,192,684915.55,23,97.0,93.0,95.0,115.0,99.25
SKU016,2025-03-03,103,223182.46000000002,2166.82,1,Product 016,Furniture,Shelf,2024-05-14,3637.93,2166.82,-1471.11,0,Spring,1,2025-03-01,124,104,13,65,217,249060.2,2,135.0,97.0,112.0,110.0,109.25
SKU016,2025-03-10,115,249184.30000000002,2166.82,1,Product 016,Furniture,Shelf,2024-05-14,3637.93,2166.82,-1471.11,0,Spring,1,2025-03-01,124,104,13,65,217,249060.2,9,103.0,135.0,93.0,133.0,107.0
SKU016,2025-03-17,113,244850.66,2166.82,1,Product 016,Furniture,Shelf,2024-05-14,3637.93,2166.82,-1471.11,0,Spring,1,2025-03-01,124,104,13,65,217,249060.2,16,115.0,103.0,97.0,122.0,112.5
SKU016,2025-03-24,146,316355.72000000003,2166.82,1,Product 016,Furniture,Shelf,2024-05-14,3637.93,2166.82,-1471.11,0,Spring,1,2025-03-01,124,104,13,65,217,249060.2,23,113.0,115.0,135.0,98.0,116.5
SKU016,2025-03-31,116,251351.12,2166.82,0,Product 016,Furniture,Shelf,2024-05-14,3637.93,2166.82,-1471.11,0,Spring,0,2025-03-01,124,104,13,65,217,249060.2,30,146.0,113.0,103.0,109.0,119.25
SKU016,2025-04-07,124,268685.68,2166.82,0,Product 016,Furniture,Shelf,2024-05-14,3637.93,2166.82,-1471.11,0,Spring,0,2025-04-01,348,22,3,56,98,698975.4,6,116.0,146.0,115.0,98.0,122.5
SKU016,2025-04-14,98,212348.36,2166.82,0,Product 016,Furniture,Shelf,2024-05-14,3637.93,2166.82,-1471.11,0,Spring,0,2025-04-01,348,22,3,56,98,698975.4,13,124.0,116.0,113.0,125.0,124.75
SKU016,2025-04-21,102,221015.64,2166.82,0,Product 016,Furniture,Shelf,2024-05-14,3637.93,2166.82,-1471.11,0,Spring,0,2025-04-01,348,22,3,56,98,698975.4,20,98.0,124.0,146.0,116.0,121.0
SKU016,2025-04-28,111,240517.02000000002,2166.82,0,Product 016,Furniture,Shelf,2024-05-14,3637.93,2166.82,-1471.11,0,Spring,0,2025-04-01,348,22,3,56,98,698975.4,27,102.0,98.0,116.0,93.0,110.0
SKU016,2025-05-05,114,247017.48,2166.82,0,Product 016,Furniture,Shelf,2024-05-14,3637.93,2166.82,-1471.11,0,Summer,0,2025-05-01,425,192,7,105,199,853633.75,4,111.0,102.0,124.0,95.0,108.75
SKU016,2025-05-12,126,273019.32,2166.82,0,Product 016,Furniture,Shelf,2024-05-14,3637.93,2166.82,-1471.11,0,Summer,0,2025-05-01,425,192,7,105,199,853633.75,11,114.0,111.0,98.0,129.0,106.25
SKU016,2025-05-19,107,231849.74,2166.82,0,Product 016,Furniture,Shelf,2024-05-14,3637.93,2166.82,-1471.11,0,Summer,0,2025-05-01,425,192,7,105,199,853633.75,18,126.0,114.0,102.0,122.0,113.25
SKU016,2025-05-26,116,251351.12,2166.82,1,Product 016,Furniture,Shelf,2024-05-14,3637.93,2166.82,-1471.11,0,Summer,1,2025-05-01,425,192,7,105,199,853633.75,25,107.0,126.0,111.0,108.0,114.5
SKU016,2025-06-02,111,240517.02000000002,2166.82,1,Product 016,Furniture,Shelf,2024-05-14,3637.93,2166.82,-1471.11,0,Summer,1,2025-06-01,123,148,6,79,147,247051.65,1,116.0,107.0,114.0,110.0,115.75
SKU016,2025-06-09,112,242683.84,2166.82,1,Product 016,Furniture,Shelf,2024-05-14,3637.93,2166.82,-1471.11,0,Summer,1,2025-06-01,123,148,6,79,147,247051.65,8,111.0,116.0,126.0,107.0,115.0
SKU016,2025-06-16,112,242683.84000000003,2166.82,1,Product 016,Furniture,Shelf,2024-05-14,3637.93,2166.82,-1471.11,0,Summer,1,2025-06-01,123,148,6,79,147,247051.65,15,112.0,111.0,107.0,106.0,111.5
SKU016,2025-06-23,116,251351.12,2166.82,1,Product 016,Furniture,Shelf,2024-05-14,3637.93,2166.82,-1471.11,0,Summer,1,2025-06-01,123,148,6,79,147,247051.65,22,112.0,112.0,116.0,108.0,112.75
SKU016,2025-06-30,101,218848.82,2166.82,0,Product 016,Furniture,Shelf,2024-05-14,3637.93,2166.82,-1471.11,0,Summer,0,2025-06-01,123,148,6,79,147,247051.65,29,116.0,112.0,111.0,93.0,112.75
SKU016,2025-07-07,103,223182.46000000002,2166.82,0,Product 016,Furniture,Shelf,2024-05-14,3637.93,2166.82,-1471.11,0,Monsoon,0,2025-07-01,269,1,3,50,86,540299.95,6,101.0,116.0,112.0,99.0,110.25
SKU016,2025-07-14,104,225349.28,2166.82,0,Product 016,Furniture,Shelf,2024-05-14,3637.93,2166.82,-1471.11,0,Monsoon,0,2025-07-01,269,1,3,50,86,540299.95,13,103.0,101.0,112.0,78.0,108.0
SKU016,2025-07-21,97,210181.54,2166.82,0,Product 016,Furniture,Shelf,2024-05-14,3637.93,2166.82,-1471.11,0,Monsoon,0,2025-07-01,269,1,3,50,86,540299.95,20,104.0,103.0,116.0,92.0,106.0
SKU016,2025-07-28,85,184179.7,2166.82,0,Product 016,Furniture,Shelf,2024-05-14,3637.93,2166.82,-1471.11,0,Monsoon,0,2025-07-01,269,1,3,50,86,540299.95,27,97.0,104.0,101.0,90.0,101.25
SKU016,2025-08-04,93,201514.26,2166.82,0,Product 016,Furniture,Shelf,2024-05-14,3637.93,2166.82,-1471.11,0,Monsoon,0,2025-08-01,236,119,10,46,152,474017.8,3,85.0,97.0,103.0,82.0,97.25
SKU016,2025-08-11,85,184179.7,2166.82,0,Product 016,Furniture,Shelf,2024-05-14,3637.93,2166.82,-1471.11,1,Monsoon,0,2025-08-01,236,119,10,46,152,474017.8,10,93.0,85.0,104.0,96.0,94.75
SKU016,2025-08-18,90,195013.8,2166.82,0,Product 016,Furniture,Shelf,2024-05-14,3637.93,2166.82,-1471.11,0,Monsoon,0,2025-08-01,236,119,10,46,152,474017.8,17,85.0,93.0,97.0,78.0,90.0
SKU016,2025-08-25,85,184179.7,2166.82,0,Product 016,Furniture,Shelf,2024-05-14,3637.93,2166.82,-1471.11,0,Monsoon,0,2025-08-01,236,119,10,46,152,474017.8,24,90.0,85.0,85.0,98.0,88.25
SKU016,2025-09-01,66,143010.12,2166.82,1,Product 016,Furniture,Shelf,2024-05-14,3637.93,2166.82,-1471.11,0,Monsoon,1,2025-09-01,312,96,9,51,131,626667.6,0,85.0,90.0,93.0,94.0,88.25
SKU016,2025-09-08,78,169011.96,2166.82,1,Product 016,Furniture,Shelf,2024-05-14,3637.93,2166.82,-1471.11,0,Monsoon,1,2025-09-01,312,96,9,51,131,626667.6,7,66.0,85.0,85.0,77.0,81.5
SKU016,2025-09-15,76,164678.32,2166.82,1,Product 016,Furniture,Shelf,2024-05-14,3637.93,2166.82,-1471.11,0,Monsoon,1,2025-09-01,312,96,9,51,131,626667.6,14,78.0,66.0,90.0,90.0,79.75
SKU016,2025-09-22,78,169011.96000000002,2166.82,1,Product 016,Furniture,Shelf,2024-05-14,3637.93,2166.82,-1471.11,0,Monsoon,1,2025-09-01,312,96,9,51,131,626667.6,21,76.0,78.0,85.0,89.0,76.25
SKU016,2025-09-29,72,156011.04,2166.82,0,Product 016,Furniture,Shelf,2024-05-14,3637.93,2166.82,-1471.11,0,Monsoon,0,2025-09-01,312,96,9,51,131,626667.6,28,78.0,76.0,66.0,71.0,74.5
SKU016,2025-10-06,84,182012.88,2166.82,0,Product 016,Furniture,Shelf,2024-05-14,3637.93,2166.82,-1471.11,0,Autumn,0,2025-10-01,158,80,7,34,100,317350.9,5,72.0,78.0,78.0,85.0,76.0
SKU016,2025-10-13,86,186346.52000000002,2166.82,0,Product 016,Furniture,Shelf,2024-05-14,3637.93,2166.82,-1471.11,0,Autumn,0,2025-10-01,158,80,7,34,100,317350.9,12,84.0,72.0,76.0,84.0,77.5
SKU016,2025-10-20,73,158177.86000000002,2166.82,0,Product 016,Furniture,Shelf,2024-05-14,3637.93,2166.82,-1471.11,1,Autumn,0,2025-10-01,158,80,7,34,100,317350.9,19,86.0,84.0,78.0,82.0,80.0
SKU016,2025-10-27,109,236183.38,2166.82,1,Product 016,Furniture,Shelf,2024-05-14,3637.93,2166.82,-1471.11,0,Autumn,1,2025-10-01,158,80,7,34,100,317350.9,26,73.0,86.0,72.0,98.0,78.75
SKU016,2025-11-03,92,199347.44,2166.82,1,Product 016,Furniture,Shelf,2024-05-14,3637.93,2166.82,-1471.11,0,Autumn,1,2025-11-01,313,63,6,69,126,628676.15,2,109.0,73.0,84.0,84.0,88.0
SKU016,2025-11-10,95,205847.9,2166.82,1,Product 016,Furniture,Shelf,2024-05-14,3637.93,2166.82,-1471.11,0,Autumn,1,2025-11-01,313,63,6,69,126,628676.15,9,92.0,109.0,86.0,104.0,90.0
SKU016,2025-11-17,75,162511.5,2166.82,1,Product 016,Furniture,Shelf,2024-05-14,3637.93,2166.82,-1471.11,0,Autumn,1,2025-11-01,313,63,6,69,126,628676.15,16,95.0,92.0,73.0,94.0,92.25
SKU016,2025-11-24,71,153844.22,2166.82,1,Product 016,Furniture,Shelf,2024-05-14,3637.93,2166.82,-1471.11,0,Autumn,1,2025-11-01,313,63,6,69,126,628676.15,23,75.0,95.0,109.0,97.0,92.75
SKU016,2025-12-01,77,166845.14,2166.82,0,Product 016,Furniture,Shelf,2024-05-14,3637.93,2166.82,-1471.11,0,Winter,0,2025-12-01,255,187,11,30,129,512180.25,0,71.0,75.0,92.0,83.0,83.25
SKU016,2025-12-08,78,169011.96,2166.82,0,Product 016,Furniture,Shelf,2024-05-14,3637.93,2166.82,-1471.11,0,Winter,0,2025-12-01,255,187,11,30,129,512180.25,7,77.0,71.0,95.0,71.0,79.5
SKU016,2025-12-15,74,160344.68,2166.82,0,Product 016,Furniture,Shelf,2024-05-14,3637.93,2166.82,-1471.11,0,Winter,0,2025-12-01,255,187,11,30,129,512180.25,14,78.0,77.0,75.0,82.0,75.25
SKU016,2025-12-22,104,225349.28,2166.82,0,Product 016,Furniture,Shelf,2024-05-14,3637.93,2166.82,-1471.11,1,Winter,0,2025-12-01,255,187,11,30,129,512180.25,21,74.0,78.0,71.0,75.0,75.0
SKU017,2024-01-01,84,712094.88,8477.32,0,Product 017,Home Decor,Cabinet,2023-07-19,6703.26,8477.32,1774.06,0,Winter,0,2024-01-01,28,11,7,5,12,187691.28,0,,,,,
SKU017,2024-01-08,84,712094.88,8477.32,0,Product 017,Home Decor,Cabinet,2023-07-19,6703.26,8477.32,1774.06,0,Winter,0,2024-01-01,28,11,7,5,12,187691.28,7,84.0,,,,
SKU017,2024-01-15,88,746004.16,8477.32,0,Product 017,Home Decor,Cabinet,2023-07-19,6703.26,8477.32,1774.06,0,Winter,0,2024-01-01,28,11,7,5,12,187691.28,14,84.0,84.0,,,
SKU017,2024-01-22,94,796868.0800000001,8477.32,0,Product 017,Home Decor,Cabinet,2023-07-19,6703.26,8477.32,1774.06,1,Winter,0,2024-01-01,28,11,7,5,12,187691.28,21,88.0,84.0,,,
SKU017,2024-01-29,89,754481.48,8477.32,0,Product 017,Home Decor,Cabinet,2023-07-19,6703.26,8477.32,1774.06,0,Winter,0,2024-01-01,28,11,7,5,12,187691.28,28,94.0,88.0,84.0,,87.5
SKU017,2024-02-05,96,813822.72,8477.32,0,Product 017,Home Decor,Cabinet,2023-07-19,6703.26,8477.32,1774.06,0,Winter,0,2024-02-01,218,315,7,85,175,1461310.68,4,89.0,94.0,84.0,,88.75
SKU017,2024-02-12,99,839254.6799999999,8477.32,0,Product 017,Home Decor,Cabinet,2023-07-19,6703.26,8477.32,1774.06,0,Winter,0,2024-02-01,218,315,7,85,175,1461310.68,11,96.0,89.0,88.0,,91.75
SKU017,2024-02-19,80,678185.6,8477.32,0,Product 017,Home Decor,Cabinet,2023-07-19,6703.26,8477.32,1774.06,0,Winter,0,2024-02-01,218,315,7,85,175,1461310.68,18,99.0,96.0,94.0,,94.5
SKU017,2024-02-26,121,1025755.72,8477.32,1,Product 017,Home Decor,Cabinet,2023-07-19,6703.26,8477.32,1774.06,0,Winter,1,2024-02-01,218,315,7,85,175,1461310.68,25,80.0,99.0,89.0,,91.0
SKU017,2024-03-04,130,1102051.6,8477.32,1,Product 017,Home Decor,Cabinet,2023-07-19,6703.26,8477.32,1774.06,0,Spring,1,2024-03-01,237,170,6,89,168,1588672.62,3,121.0,80.0,96.0,,99.0
SKU017,2024-03-11,115,974891.8,8477.32,1,Product 017,Home Decor,Cabinet,2023-07-19,6703.26,8477.32,1774.06,0,Spring,1,2024-03-01,237,170,6,89,168,1588672.62,10,130.0,121.0,99.0,,107.5
SKU017,2024-03-18,109,924027.88,8477.32,1,Product 017,Home Decor,Cabinet,2023-07-19,6703.26,8477.32,1774.06,0,Spring,1,2024-03-01,237,170,6,89,168,1588672.62,17,115.0,130.0,80.0,,111.5
SKU017,2024-03-25,114,966414.48,8477.32,1,Product 017,Home Decor,Cabinet,2023-07-19,6703.26,8477.32,1774.06,0,Spring,1,2024-03-01,237,170,6,89,168,1588672.62,24,109.0,115.0,121.0,,118.75
SKU017,2024-04-01,125,1059665.0,8477.32,0,Product 017,Home Decor,Cabinet,2023-07-19,6703.26,8477.32,1774.06,0,Spring,0,2024-04-01,425,409,14,60,282,2848885.5,0,114.0,109.0,130.0,,117.0
SKU017,2024-04-08,130,1102051.6,8477.32,0,Product 017,Home Decor,Cabinet,2023-07-19,6703.26,8477.32,1774.06,0,Spring,0,2024-04-01,425,409,14,60,282,2848885.5,7,125.0,114.0,115.0,,115.75
SKU017,2024-04-15,108,915550.5599999999,8477.32,0,Product 017,Home Decor,Cabinet,2023-07-19,6703.26,8477.32,1774.06,0,Spring,0,2024-04-01,425,409,14,60,282,2848885.5,14,130.0,125.0,109.0,,119.5
SKU017,2024-04-22,126,1068142.32,8477.32,0,Product 017,Home Decor,Cabinet,2023-07-19,6703.26,8477.32,1774.06,0,Spring,0,2024-04-01,425,409,14,60,282,2848885.5,21,108.0,130.0,114.0,,119.25
SKU017,2024-04-29,129,1093574.28,8477.32,0,Product 017,Home Decor,Cabinet,2023-07-19,6703.26,8477.32,1774.06,0,Spring,0,2024-04-01,425,409,14,60,282,2848885.5,28,126.0,108.0,125.0,,122.25
SKU017,2024-05-06,109,924027.88,8477.32,0,Product 017,Home Decor,Cabinet,2023-07-19,6703.26,8477.32,1774.06,0,Summer,0,2024-05-01,231,107,6,102,192,1548453.06,5,129.0,126.0,130.0,,123.25
SKU017,2024-05-13,109,924027.88,8477.32,0,Product 017,Home Decor,Cabinet,2023-07-19,6703.26,8477.32,1774.06,0,Summer,0,2024-05-01,231,107,6,102,192,1548453.06,12,109.0,129.0,108.0,,118.0
SKU017,2024-05-20,122,1034233.04,8477.32,0,Product 017,Home Decor,Cabinet,2023-07-19,6703.26,8477.32,1774.06,0,Summer,0,2024-05-01,231,107,6,102,192,1548453.06,19,109.0,109.0,126.0,,118.25
SKU017,2024-05-27,118,1000323.76,8477.32,1,Product 017,Home Decor,Cabinet,2023-07-19,6703.26,8477.32,1774.06,0,Summer,1,2024-05-01,231,107,6,102,192,1548453.06,26,122.0,109.0,129.0,,117.25
SKU017,2024-06-03,121,1025755.72,8477.32,1,Product 017,Home Decor,Cabinet,2023-07-19,6703.26,8477.32,1774.06,0,Summer,1,2024-06-01,127,202,4,66,126,851314.02,2,118.0,122.0,109.0,,114.5
SKU017,2024-06-10,110,932505.2,8477.32,1,Product 017,Home Decor,Cabinet,2023-07-19,6703.26,8477.32,1774.06,0,Summer,1,2024-06-01,127,202,4,66,126,851314.02,9,121.0,118.0,109.0,,117.5
SKU017,2024-06-17,102,864686.64,8477.32,1,Product 017,Home Decor,Cabinet,2023-07-19,6703.26,8477.32,1774.06,0,Summer,1,2024-06-01,127,202,4,66,126,851314.02,16,110.0,121.0,122.0,,117.75
SKU017,2024-06-24,125,1059665.0,8477.32,1,Product 017,Home Decor,Cabinet,2023-07-19,6703.26,8477.32,1774.06,0,Summer,1,2024-06-01,127,202,4,66,126,851314.02,23,102.0,110.0,118.0,,112.75
SKU017,2024-07-01,112,949459.84,8477.32,0,Product 017,Home Decor,Cabinet,2023-07-19,6703.26,8477.32,1774.06,0,Monsoon,0,2024-07-01,205,120,7,85,199,1374168.3,0,125.0,102.0,121.0,,114.5
SKU017,2024-07-08,109,924027.88,8477.32,0,Product 017,Home Decor,Cabinet,2023-07-19,6703.26,8477.32,1774.06,0,Monsoon,0,2024-07-01,205,120,7,85,199,1374168.3,7,112.0,125.0,110.0,,112.25
SKU017,2024-07-15,106,898595.9199999999,8477.32,0,Product 017,Home Decor,Cabinet,2023-07-19,6703.26,8477.32,1774.06,0,Monsoon,0,2024-07-01,205,120,7,85,199,1374168.3,14,109.0,112.0,102.0,,112.0
SKU017,2024-07-22,104,881641.28,8477.32,0,Product 017,Home Decor,Cabinet,2023-07-19,6703.26,8477.32,1774.06,0,Monsoon,0,2024-07-01,205,120,7,85,199,1374168.3,21,106.0,109.0,125.0,,113.0
SKU017,2024-07-29,98,830777.36,8477.32,0,Product 017,Home Decor,Cabinet,2023-07-19,6703.26,8477.32,1774.06,0,Monsoon,0,2024-07-01,205,120,7,85,199,1374168.3,28,104.0,106.0,112.0,,107.75
SKU017,2024-08-05,100,847732.0,8477.32,0,Product 017,Home Decor,Cabinet,2023-07-19,6703.26,8477.32,1774.06,0,Monsoon,0,2024-08-01,70,227,4,83,134,469228.2,4,98.0,104.0,109.0,,104.25
SKU017,2024-08-12,94,796868.0800000001,8477.32,0,Product 017,Home Decor,Cabinet,2023-07-19,6703.26,8477.32,1774.06,1,Monsoon,0,2024-08-01,70,227,4,83,134,469228.2,11,100.0,98.0,106.0,,102.0
SKU017,2024-08-19,95,805345.4,8477.32,0,Product 017,Home Decor,Cabinet,2023-07-19,6703.26,8477.32,1774.06,0,Monsoon,0,2024-08-01,70,227,4,83,134,469228.2,18,94.0,100.0,104.0,,99.0
SKU017,2024-08-26,85,720572.2,8477.32,1,Product 017,Home Decor,Cabinet,2023-07-19,6703.26,8477.32,1774.06,0,Monsoon,1,2024-08-01,70,227,4,83,134,469228.2,25,95.0,94.0,98.0,,96.75
SKU017,2024-09-02,98,830777.36,8477.32,1,Product 017,Home Decor,Cabinet,2023-07-19,6703.26,8477.32,1774.06,0,Monsoon,1,2024-09-01,197,199,4,76,123,1320542.22,1,85.0,95.0,100.0,,93.5
SKU017,2024-09-09,88,746004.16,8477.32,1,Product 017,Home Decor,Cabinet,2023-07-19,6703.26,8477.32,1774.06,0,Monsoon,1,2024-09-01,197,199,4,76,123,1320542.22,8,98.0,85.0,94.0,,93.0
SKU017,2024-09-16,88,746004.1599999999,8477.32,1,Product 017,Home Decor,Cabinet,2023-07-19,6703.26,8477.32,1774.06,0,Monsoon,1,2024-09-01,197,199,4,76,123,1320542.22,15,88.0,98.0,95.0,,91.5
SKU017,2024-09-23,101,856209.3200000001,8477.32,1,Product 017,Home Decor,Cabinet,2023-07-19,6703.26,8477.32,1774.06,0,Monsoon,1,2024-09-01,197,199,4,76,123,1320542.22,22,88.0,88.0,85.0,,89.75
SKU017,2024-09-30,60,508639.2,8477.32,0,Product 017,Home Decor,Cabinet,2023-07-19,6703.26,8477.32,1774.06,0,Monsoon,0,2024-09-01,197,199,4,76,123,1320542.22,29,101.0,88.0,98.0,,93.75
SKU017,2024-10-07,67,567980.44,8477.32,0,Product 017,Home Decor,Cabinet,2023-07-19,6703.26,8477.32,1774.06,0,Autumn,0,2024-10-01,317,68,4,84,128,2124933.42,6,60.0,101.0,88.0,,84.25
SKU017,2024-10-14,100,847732.0,8477.32,0,Product 017,Home Decor,Cabinet,2023-07-19,6703.26,8477.32,1774.06,0,Autumn,0,2024-10-01,317,68,4,84,128,2124933.42,13,67.0,60.0,88.0,,79.0
SKU017,2024-10-21,82,695140.24,8477.32,0,Product 017,Home Decor,Cabinet,2023-07-19,6703.26,8477.32,1774.06,0,Autumn,0,2024-10-01,317,68,4,84,128,2124933.42,20,100.0,67.0,101.0,,82.0
SKU017,2024-10-28,90,762958.7999999999,8477.32,1,Product 017,Home Decor,Cabinet,2023-07-19,6703.26,8477.32,1774.06,1,Autumn,1,2024-10-01,317,68,4,84,128,2124933.42,27,82.0,100.0,60.0,,77.25
SKU017,2024-11-04,95,805345.4,8477.32,1,Product 017,Home Decor,Cabinet,2023-07-19,6703.26,8477.32,1774.06,0,Autumn,1,2024-11-01,276,32,12,39,158,1850099.76,3,90.0,82.0,67.0,,84.75
SKU017,2024-11-11,86,729049.52,8477.32,1,Product 017,Home Decor,Cabinet,2023-07-19,6703.26,8477.32,1774.06,0,Autumn,1,2024-11-01,276,32,12,39,158,1850099.76,10,95.0,90.0,100.0,,91.75
SKU017,2024-11-18,97,822300.04,8477.32,1,Product 017,Home Decor,Cabinet,2023-07-19,6703.26,8477.32,1774.06,0,Autumn,1,2024-11-01,276,32,12,39,158,1850099.76,17,86.0,95.0,82.0,,88.25
SKU017,2024-11-25,82,695140.24,8477.32,1,Product 017,Home Decor,Cabinet,2023-07-19,6703.26,8477.32,1774.06,0,Autumn,1,2024-11-01,276,32,12,39,158,1850099.76,24,97.0,86.0,90.0,,92.0
SKU017,2024-12-02,81,686662.9199999999,8477.32,0,Product 017,Home Decor,Cabinet,2023-07-19,6703.26,8477.32,1774.06,0,Winter,0,2024-12-01,142,186,7,65,142,951862.92,1,82.0,97.0,95.0,,90.0
SKU017,2024-12-09,88,746004.1599999999,8477.32,0,Product 017,Home Decor,Cabinet,2023-07-19,6703.26,8477.32,1774.06,0,Winter,0,2024-12-01,142,186,7,65,142,951862.92,8,81.0,82.0,86.0,,86.5
SKU017,2024-12-16,80,678185.6,8477.32,0,Product 017,Home Decor,Cabinet,2023-07-19,6703.26,8477.32,1774.06,0,Winter,0,2024-12-01,142,186,7,65,142,951862.92,15,88.0,81.0,97.0,,87.0
SKU017,2024-12-23,94,796868.0800000001,8477.32,0,Product 017,Home Decor,Cabinet,2023-07-19,6703.26,8477.32,1774.06,1,Winter,0,2024-12-01,142,186,7,65,142,951862.92,22,80.0,88.0,82.0,,82.75
SKU017,2024-12-30,85,720572.2,8477.32,0,Product 017,Home Decor,Cabinet,2023-07-19,6703.26,8477.32,1774.06,0,Winter,0,2024-12-01,142,186,7,65,142,951862.92,29,94.0,80.0,81.0,84.0,85.75
SKU017,2025-01-06,97,822300.04,8477.32,0,Product 017,Home Decor,Cabinet,2023-07-19,6703.26,8477.32,1774.06,0,Winter,0,2025-01-01,212,82,8,76,162,1421091.12,5,85.0,94.0,88.0,84.0,86.75
SKU017,2025-01-13,106,898595.9199999999,8477.32,0,Product 017,Home Decor,Cabinet,2023-07-19,6703.26,8477.32,1774.06,0,Winter,0,2025-01-01,212,82,8,76,162,1421091.12,12,97.0,85.0,80.0,88.0,89.0
SKU017,2025-01-20,89,754481.48,8477.32,0,Product 017,Home Decor,Cabinet,2023-07-19,6703.26,8477.32,1774.06,1,Winter,0,2025-01-01,212,82,8,76,162,1421091.12,19,106.0,97.0,94.0,94.0,95.5
SKU017,2025-01-27,89,754481.48,8477.32,0,Product 017,Home Decor,Cabinet,2023-07-19,6703.26,8477.32,1774.06,0,Winter,0,2025-01-01,212,82,8,76,162,1421091.12,26,89.0,106.0,85.0,89.0,94.25
SKU017,2025-02-03,112,949459.84,8477.32,0,Product 017,Home Decor,Cabinet,2023-07-19,6703.26,8477.32,1774.06,0,Winter,0,2025-02-01,291,111,8,48,143,1950648.66,2,89.0,89.0,97.0,96.0,95.25
SKU017,2025-02-10,97,822300.04,8477.32,0,Product 017,Home Decor,Cabinet,2023-07-19,6703.26,8477.32,1774.06,0,Winter,0,2025-02-01,291,111,8,48,143,1950648.66,9,112.0,89.0,106.0,99.0,99.0
SKU017,2025-02-17,107,907073.24,8477.32,0,Product 017,Home Decor,Cabinet,2023-07-19,6703.26,8477.32,1774.06,0,Winter,0,2025-02-01,291,111,8,48,143,1950648.66,16,97.0,112.0,89.0,80.0,96.75
SKU017,2025-02-24,127,1076619.6400000001,8477.32,1,Product 017,Home Decor,Cabinet,2023-07-19,6703.26,8477.32,1774.06,0,Winter,1,2025-02-01,291,111,8,48,143,1950648.66,23,107.0,97.0,89.0,121.0,101.25
SKU017,2025-03-03,104,881641.28,8477.32,1,Product 017,Home Decor,Cabinet,2023-07-19,6703.26,8477.32,1774.06,0,Spring,1,2025-03-01,247,48,9,96,220,1655705.22,2,127.0,107.0,112.0,130.0,110.75
SKU017,2025-03-10,129,1093574.28,8477.32,1,Product 017,Home Decor,Cabinet,2023-07-19,6703.26,8477.32,1774.06,0,Spring,1,2025-03-01,247,48,9,96,220,1655705.22,9,104.0,127.0,97.0,115.0,108.75
SKU017,2025-03-17,124,1051187.68,8477.32,1,Product 017,Home Decor,Cabinet,2023-07-19,6703.26,8477.32,1774.06,0,Spring,1,2025-03-01,247,48,9,96,220,1655705.22,16,129.0,104.0,107.0,109.0,116.75
SKU017,2025-03-24,135,1144438.2,8477.32,1,Product 017,Home Decor,Cabinet,2023-07-19,6703.26,8477.32,1774.06,0,Spring,1,2025-03-01,247,48,9,96,220,1655705.22,23,124.0,129.0,127.0,114.0,121.0
SKU017,2025-03-31,114,966414.48,8477.32,0,Product 017,Home Decor,Cabinet,2023-07-19,6703.26,8477.32,1774.06,0,Spring,0,2025-03-01,247,48,9,96,220,1655705.22,30,135.0,124.0,104.0,125.0,123.0
SKU017,2025-04-07,115,974891.8,8477.32,0,Product 017,Home Decor,Cabinet,2023-07-19,6703.26,8477.32,1774.06,0,Spring,0,2025-04-01,510,559,11,119,301,3418662.6,6,114.0,135.0,129.0,130.0,125.5
SKU017,2025-04-14,115,974891.8,8477.32,0,Product 017,Home Decor,Cabinet,2023-07-19,6703.26,8477.32,1774.06,0,Spring,0,2025-04-01,510,559,11,119,301,3418662.6,13,115.0,114.0,124.0,108.0,122.0
SKU017,2025-04-21,138,1169870.16,8477.32,0,Product 017,Home Decor,Cabinet,2023-07-19,6703.26,8477.32,1774.06,0,Spring,0,2025-04-01,510,559,11,119,301,3418662.6,20,115.0,115.0,135.0,126.0,119.75
SKU017,2025-04-28,95,805345.4,8477.32,0,Product 017,Home Decor,Cabinet,2023-07-19,6703.26,8477.32,1774.06,0,Spring,0,2025-04-01,510,559,11,119,301,3418662.6,27,138.0,115.0,114.0,129.0,120.5
SKU017,2025-05-05,102,864686.64,8477.32,0,Product 017,Home Decor,Cabinet,2023-07-19,6703.26,8477.32,1774.06,0,Summer,0,2025-05-01,375,119,13,90,298,2513722.5,4,95.0,138.0,115.0,109.0,115.75
SKU017,2025-05-12,109,924027.88,8477.32,0,Product 017,Home Decor,Cabinet,2023-07-19,6703.26,8477.32,1774.06,0,Summer,0,2025-05-01,375,119,13,90,298,2513722.5,11,102.0,95.0,115.0,109.0,112.5
SKU017,2025-05-19,114,966414.48,8477.32,0,Product 017,Home Decor,Cabinet,2023-07-19,6703.26,8477.32,1774.06,0,Summer,0,2025-05-01,375,119,13,90,298,2513722.5,18,109.0,102.0,138.0,122.0,111.0
SKU017,2025-05-26,109,924027.88,8477.32,1,Product 017,Home Decor,Cabinet,2023-07-19,6703.26,8477.32,1774.06,0,Summer,1,2025-05-01,375,119,13,90,298,2513722.5,25,114.0,109.0,95.0,118.0,105.0
SKU017,2025-06-02,111,940982.52,8477.32,1,Product 017,Home Decor,Cabinet,2023-07-19,6703.26,8477.32,1774.06,0,Summer,1,2025-06-01,443,222,5,53,131,2969544.18,1,109.0,114.0,102.0,121.0,108.5
SKU017,2025-06-09,113,957937.16,8477.32,1,Product 017,Home Decor,Cabinet,2023-07-19,6703.26,8477.32,1774.06,0,Summer,1,2025-06-01,443,222,5,53,131,2969544.18,8,111.0,109.0,109.0,110.0,110.75
SKU017,2025-06-16,114,966414.48,8477.32,1,Product 017,Home Decor,Cabinet,2023-07-19,6703.26,8477.32,1774.06,0,Summer,1,2025-06-01,443,222,5,53,131,2969544.18,15,113.0,111.0,114.0,102.0,111.75
SKU017,2025-06-23,133,1127483.56,8477.32,1,Product 017,Home Decor,Cabinet,2023-07-19,6703.26,8477.32,1774.06,0,Summer,1,2025-06-01,443,222,5,53,131,2969544.18,22,114.0,113.0,109.0,125.0,111.75
SKU017,2025-06-30,105,890118.6000000001,8477.32,0,Product 017,Home Decor,Cabinet,2023-07-19,6703.26,8477.32,1774.06,0,Summer,0,2025-06-01,443,222,5,53,131,2969544.18,29,133.0,114.0,111.0,112.0,117.75
SKU017,2025-07-07,97,822300.04,8477.32,0,Product 017,Home Decor,Cabinet,2023-07-19,6703.26,8477.32,1774.06,0,Monsoon,0,2025-07-01,143,61,13,60,248,958566.18,6,105.0,133.0,113.0,109.0,116.25
SKU017,2025-07-14,98,830777.36,8477.32,0,Product 017,Home Decor,Cabinet,2023-07-19,6703.26,8477.32,1774.06,0,Monsoon,0,2025-07-01,143,61,13,60,248,958566.18,13,97.0,105.0,114.0,106.0,112.25
SKU017,2025-07-21,83,703617.5599999999,8477.32,0,Product 017,Home Decor,Cabinet,2023-07-19,6703.26,8477.32,1774.06,0,Monsoon,0,2025-07-01,143,61,13,60,248,958566.18,20,98.0,97.0,133.0,104.0,108.25
SKU017,2025-07-28,82,695140.24,8477.32,0,Product 017,Home Decor,Cabinet,2023-07-19,6703.26,8477.32,1774.06,0,Monsoon,0,2025-07-01,143,61,13,60,248,958566.18,27,83.0,98.0,105.0,98.0,95.75
SKU017,2025-08-04,76,644276.32,8477.32,0,Product 017,Home Decor,Cabinet,2023-07-19,6703.26,8477.32,1774.06,0,Monsoon,0,2025-08-01,275,371,13,61,231,1843396.5,3,82.0,83.0,97.0,100.0,90.0
SKU017,2025-08-11,85,720572.2,8477.32,0,Product 017,Home Decor,Cabinet,2023-07-19,6703.26,8477.32,1774.06,1,Monsoon,0,2025-08-01,275,371,13,61,231,1843396.5,10,76.0,82.0,98.0,94.0,84.75
SKU017,2025-08-18,85,720572.2,8477.32,0,Product 017,Home Decor,Cabinet,2023-07-19,6703.26,8477.32,1774.06,0,Monsoon,0,2025-08-01,275,371,13,61,231,1843396.5,17,85.0,76.0,83.0,95.0,81.5
SKU017,2025-08-25,78,661230.96,8477.32,0,Product 017,Home Decor,Cabinet,2023-07-19,6703.26,8477.32,1774.06,0,Monsoon,0,2025-08-01,275,371,13,61,231,1843396.5,24,85.0,85.0,82.0,85.0,82.0
SKU017,2025-09-01,71,601889.72,8477.32,1,Product 017,Home Decor,Cabinet,2023-07-19,6703.26,8477.32,1774.06,0,Monsoon,1,2025-09-01,239,206,6,71,134,1602079.14,0,78.0,85.0,76.0,98.0,81.0
SKU017,2025-09-08,77,652753.64,8477.32,1,Product 017,Home Decor,Cabinet,2023-07-19,6703.26,8477.32,1774.06,0,Monsoon,1,2025-09-01,239,206,6,71,134,1602079.14,7,71.0,78.0,85.0,88.0,79.75
SKU017,2025-09-15,83,703617.56,8477.32,1,Product 017,Home Decor,Cabinet,2023-07-19,6703.26,8477.32,1774.06,0,Monsoon,1,2025-09-01,239,206,6,71,134,1602079.14,14,77.0,71.0,85.0,88.0,77.75
SKU017,2025-09-22,90,762958.8,8477.32,1,Product 017,Home Decor,Cabinet,2023-07-19,6703.26,8477.32,1774.06,0,Monsoon,1,2025-09-01,239,206,6,71,134,1602079.14,21,83.0,77.0,78.0,101.0,77.25
SKU017,2025-09-29,75,635799.0,8477.32,0,Product 017,Home Decor,Cabinet,2023-07-19,6703.26,8477.32,1774.06,0,Monsoon,0,2025-09-01,239,206,6,71,134,1602079.14,28,90.0,83.0,71.0,60.0,80.25
SKU017,2025-10-06,76,644276.32,8477.32,0,Product 017,Home Decor,Cabinet,2023-07-19,6703.26,8477.32,1774.06,0,Autumn,0,2025-10-01,312,66,7,68,151,2091417.12,5,75.0,90.0,77.0,67.0,81.25
SKU017,2025-10-13,84,712094.88,8477.32,0,Product 017,Home Decor,Cabinet,2023-07-19,6703.26,8477.32,1774.06,0,Autumn,0,2025-10-01,312,66,7,68,151,2091417.12,12,76.0,75.0,83.0,100.0,81.0
SKU017,2025-10-20,61,517116.51999999996,8477.32,0,Product 017,Home Decor,Cabinet,2023-07-19,6703.26,8477.32,1774.06,1,Autumn,0,2025-10-01,312,66,7,68,151,2091417.12,19,84.0,76.0,90.0,82.0,81.25
SKU017,2025-10-27,83,703617.56,8477.32,1,Product 017,Home Decor,Cabinet,2023-07-19,6703.26,8477.32,1774.06,0,Autumn,1,2025-10-01,312,66,7,68,151,2091417.12,26,61.0,84.0,75.0,90.0,74.0
SKU017,2025-11-03,103,873163.96,8477.32,1,Product 017,Home Decor,Cabinet,2023-07-19,6703.26,8477.32,1774.06,0,Autumn,1,2025-11-01,269,205,14,69,206,1803176.94,2,83.0,61.0,76.0,95.0,76.0
SKU017,2025-11-10,88,746004.1599999999,8477.32,1,Product 017,Home Decor,Cabinet,2023-07-19,6703.26,8477.32,1774.06,0,Autumn,1,2025-11-01,269,205,14,69,206,1803176.94,9,103.0,83.0,84.0,86.0,82.75
SKU017,2025-11-17,87,737526.84,8477.32,1,Product 017,Home Decor,Cabinet,2023-07-19,6703.26,8477.32,1774.06,0,Autumn,1,2025-11-01,269,205,14,69,206,1803176.94,16,88.0,103.0,61.0,97.0,83.75
SKU017,2025-11-24,90,762958.8,8477.32,1,Product 017,Home Decor,Cabinet,2023-07-19,6703.26,8477.32,1774.06,0,Autumn,1,2025-11-01,269,205,14,69,206,1803176.94,23,87.0,88.0,83.0,82.0,90.25
SKU017,2025-12-01,105,890118.6,8477.32,0,Product 017,Home Decor,Cabinet,2023-07-19,6703.26,8477.32,1774.06,0,Winter,0,2025-12-01,95,26,12,108,274,636809.7,0,90.0,87.0,103.0,81.0,92.0
SKU017,2025-12-08,96,813822.72,8477.32,0,Product 017,Home Decor,Cabinet,2023-07-19,6703.26,8477.32,1774.06,0,Winter,0,2025-12-01,95,26,12,108,274,636809.7,7,105.0,90.0,88.0,88.0,92.5
SKU017,2025-12-15,81,686662.9199999999,8477.32,0,Product 017,Home Decor,Cabinet,2023-07-19,6703.26,8477.32,1774.06,0,Winter,0,2025-12-01,95,26,12,108,274,636809.7,14,96.0,105.0,87.0,80.0,94.5
SKU017,2025-12-22,98,830777.36,8477.32,0,Product 017,Home Decor,Cabinet,2023-07-19,6703.26,8477.32,1774.06,1,Winter,0,2025-12-01,95,26,12,108,274,636809.7,21,81.0,96.0,90.0,94.0,93.0
SKU018,2024-01-01,176,981272.16,5575.409999999999,0,Product 018,Kitchen,Rug,2022-05-21,5677.05,5575.41,-101.64,0,Winter,0,2024-01-01,32,37,13,7,20,85466.88,0,,,,,
SKU018,2024-01-08,175,975696.75,5575.409999999999,0,Product 018,Kitchen,Rug,2022-05-21,5677.05,5575.41,-101.64,0,Winter,0,2024-01-01,32,37,13,7,20,85466.88,7,176.0,,,,
SKU018,2024-01-15,153,853037.73,5575.409999999999,0,Product 018,Kitchen,Rug,2022-05-21,5677.05,5575.41,-101.64,0,Winter,0,2024-01-01,32,37,13,7,20,85466.88,14,175.0,176.0,,,
SKU018,2024-01-22,188,1048177.0800000001,5575.409999999999,0,Product 018,Kitchen,Rug,2022-05-21,5677.05,5575.41,-101.64,1,Winter,0,2024-01-01,32,37,13,7,20,85466.88,21,153.0,175.0,,,
SKU018,2024-01-29,162,903216.42,5575.409999999999,0,Product 018,Kitchen,Rug,2022-05-21,5677.05,5575.41,-101.64,0,Winter,0,2024-01-01,32,37,13,7,20,85466.88,28,188.0,153.0,176.0,,173.0
SKU018,2024-02-05,171,953395.11,5575.409999999999,0,Product 018,Kitchen,Rug,2022-05-21,5677.05,5575.41,-101.64,0,Winter,0,2024-02-01,645,236,5,130,222,1722691.8,4,162.0,188.0,175.0,,169.5
SKU018,2024-02-12,178,992422.98,5575.409999999999,0,Product 018,Kitchen,Rug,2022-05-21,5677.05,5575.41,-101.64,0,Winter,0,2024-02-01,645,236,5,130,222,1722691.8,11,171.0,162.0,153.0,,168.5
SKU018,2024-02-19,205,1142959.05,5575.409999999999,0,Product 018,Kitchen,Rug,2022-05-21,5677.05,5575.41,-101.64,0,Winter,0,2024-02-01,645,236,5,130,222,1722691.8,18,178.0,171.0,188.0,,174.75
SKU018,2024-02-26,195,1087204.95,5575.409999999999,1,Product 018,Kitchen,Rug,2022-05-21,5677.05,5575.41,-101.64,0,Winter,1,2024-02-01,645,236,5,130,222,1722691.8,25,205.0,178.0,162.0,,179.0
SKU018,2024-03-04,206,1148534.46,5575.409999999999,1,Product 018,Kitchen,Rug,2022-05-21,5677.05,5575.41,-101.64,0,Spring,1,2024-03-01,270,347,13,85,331,721126.8,3,195.0,205.0,171.0,,187.25
SKU018,2024-03-11,223,1243316.43,5575.409999999999,1,Product 018,Kitchen,Rug,2022-05-21,5677.05,5575.41,-101.64,0,Spring,1,2024-03-01,270,347,13,85,331,721126.8,10,206.0,195.0,178.0,,196.0
SKU018,2024-03-18,227,1265618.07,5575.409999999999,1,Product 018,Kitchen,Rug,2022-05-21,5677.05,5575.41,-101.64,0,Spring,1,2024-03-01,270,347,13,85,331,721126.8,17,223.0,206.0,205.0,,207.25
SKU018,2024-03-25,221,1232165.61,5575.409999999999,1,Product 018,Kitchen,Rug,2022-05-21,5677.05,5575.41,-101.64,0,Spring,1,2024-03-01,270,347,13,85,331,721126.8,24,227.0,223.0,195.0,,212.75
SKU018,2024-04-01,197,1098355.77,5575.409999999999,0,Product 018,Kitchen,Rug,2022-05-21,5677.05,5575.41,-101.64,0,Spring,0,2024-04-01,455,300,3,178,247,1215232.2,0,221.0,227.0,206.0,,219.25
SKU018,2024-04-08,190,1059327.9,5575.409999999999,0,Product 018,Kitchen,Rug,2022-05-21,5677.05,5575.41,-101.64,0,Spring,0,2024-04-01,455,300,3,178,247,1215232.2,7,197.0,221.0,223.0,,217.0
SKU018,2024-04-15,209,1165260.69,5575.409999999999,0,Product 018,Kitchen,Rug,2022-05-21,5677.05,5575.41,-101.64,0,Spring,0,2024-04-01,455,300,3,178,247,1215232.2,14,190.0,197.0,227.0,,208.75
SKU018,2024-04-22,209,1165260.69,5575.409999999999,0,Product 018,Kitchen,Rug,2022-05-21,5677.05,5575.41,-101.64,0,Spring,0,2024-04-01,455,300,3,178,247,1215232.2,21,209.0,190.0,221.0,,204.25
SKU018,2024-04-29,204,1137383.6400000001,5575.409999999999,0,Product 018,Kitchen,Rug,2022-05-21,5677.05,5575.41,-101.64,0,Spring,0,2024-04-01,455,300,3,178,247,1215232.2,28,209.0,209.0,197.0,,201.25
SKU018,2024-05-06,220,1226590.2,5575.409999999999,0,Product 018,Kitchen,Rug,2022-05-21,5677.05,5575.41,-101.64,0,Summer,0,2024-05-01,570,529,12,140,404,1522378.8,5,204.0,209.0,190.0,,203.0
SKU018,2024-05-13,203,1131808.23,5575.409999999999,0,Product 018,Kitchen,Rug,2022-05-21,5677.05,5575.41,-101.64,0,Summer,0,2024-05-01,570,529,12,140,404,1522378.8,12,220.0,204.0,209.0,,210.5
SKU018,2024-05-20,185,1031450.85,5575.409999999999,0,Product 018,Kitchen,Rug,2022-05-21,5677.05,5575.41,-101.64,0,Summer,0,2024-05-01,570,529,12,140,404,1522378.8,19,203.0,220.0,209.0,,209.0
SKU018,2024-05-27,199,1109506.59,5575.409999999999,1,Product 018,Kitchen,Rug,2022-05-21,5677.05,5575.41,-101.64,0,Summer,1,2024-05-01,570,529,12,140,404,1522378.8,26,185.0,203.0,204.0,,203.0
SKU018,2024-06-03,194,1081629.54,5575.409999999999,1,Product 018,Kitchen,Rug,2022-05-21,5677.05,5575.41,-101.64,0,Summer,1,2024-06-01,477,484,12,117,363,1273990.68,2,199.0,185.0,220.0,,201.75
SKU018,2024-06-10,191,1064903.31,5575.409999999999,1,Product 018,Kitchen,Rug,2022-05-21,5677.05,5575.41,-101.64,0,Summer,1,2024-06-01,477,484,12,117,363,1273990.68,9,194.0,199.0,203.0,,195.25
SKU018,2024-06-17,198,1103931.18,5575.409999999999,1,Product 018,Kitchen,Rug,2022-05-21,5677.05,5575.41,-101.64,0,Summer,1,2024-06-01,477,484,12,117,363,1273990.68,16,191.0,194.0,185.0,,192.25
SKU018,2024-06-24,197,1098355.77,5575.409999999999,1,Product 018,Kitchen,Rug,2022-05-21,5677.05,5575.41,-101.64,0,Summer,1,2024-06-01,477,484,12,117,363,1273990.68,23,198.0,191.0,199.0,,195.5
SKU018,2024-07-01,163,908791.83,5575.409999999999,0,Product 018,Kitchen,Rug,2022-05-21,5677.05,5575.41,-101.64,0,Monsoon,0,2024-07-01,476,156,8,93,260,1271319.84,0,197.0,198.0,194.0,,195.0
SKU018,2024-07-08,181,1009149.21,5575.409999999999,0,Product 018,Kitchen,Rug,2022-05-21,5677.05,5575.41,-101.64,0,Monsoon,0,2024-07-01,476,156,8,93,260,1271319.84,7,163.0,197.0,191.0,,187.25
SKU018,2024-07-15,169,942244.29,5575.409999999999,0,Product 018,Kitchen,Rug,2022-05-21,5677.05,5575.41,-101.64,0,Monsoon,0,2024-07-01,476,156,8,93,260,1271319.84,14,181.0,163.0,198.0,,184.75
SKU018,2024-07-22,158,880914.78,5575.409999999999,0,Product 018,Kitchen,Rug,2022-05-21,5677.05,5575.41,-101.64,0,Monsoon,0,2024-07-01,476,156,8,93,260,1271319.84,21,169.0,181.0,197.0,,177.5
SKU018,2024-07-29,172,958970.52,5575.409999999999,0,Product 018,Kitchen,Rug,2022-05-21,5677.05,5575.41,-101.64,0,Monsoon,0,2024-07-01,476,156,8,93,260,1271319.84,28,158.0,169.0,163.0,,167.75
SKU018,2024-08-05,164,914367.24,5575.409999999999,0,Product 018,Kitchen,Rug,2022-05-21,5677.05,5575.41,-101.64,0,Monsoon,0,2024-08-01,346,526,13,116,353,924110.64,4,172.0,158.0,181.0,,170.0
SKU018,2024-08-12,167,931093.47,5575.409999999999,0,Product 018,Kitchen,Rug,2022-05-21,5677.05,5575.41,-101.64,1,Monsoon,0,2024-08-01,346,526,13,116,353,924110.64,11,164.0,172.0,169.0,,165.75
SKU018,2024-08-19,169,942244.29,5575.409999999999,0,Product 018,Kitchen,Rug,2022-05-21,5677.05,5575.41,-101.64,0,Monsoon,0,2024-08-01,346,526,13,116,353,924110.64,18,167.0,164.0,158.0,,165.25
SKU018,2024-08-26,171,953395.11,5575.409999999999,1,Product 018,Kitchen,Rug,2022-05-21,5677.05,5575.41,-101.64,0,Monsoon,1,2024-08-01,346,526,13,116,353,924110.64,25,169.0,167.0,172.0,,168.0
SKU018,2024-09-02,158,880914.78,5575.409999999999,1,Product 018,Kitchen,Rug,2022-05-21,5677.05,5575.41,-101.64,0,Monsoon,1,2024-09-01,341,456,10,93,254,910756.44,1,171.0,169.0,164.0,,167.75
SKU018,2024-09-09,158,880914.78,5575.409999999999,1,Product 018,Kitchen,Rug,2022-05-21,5677.05,5575.41,-101.64,0,Monsoon,1,2024-09-01,341,456,10,93,254,910756.44,8,158.0,171.0,167.0,,166.25
SKU018,2024-09-16,163,908791.8300000001,5575.409999999999,1,Product 018,Kitchen,Rug,2022-05-21,5677.05,5575.41,-101.64,0,Monsoon,1,2024-09-01,341,456,10,93,254,910756.44,15,158.0,158.0,169.0,,164.0
SKU018,2024-09-23,169,942244.29,5575.409999999999,1,Product 018,Kitchen,Rug,2022-05-21,5677.05,5575.41,-101.64,0,Monsoon,1,2024-09-01,341,456,10,93,254,910756.44,22,163.0,158.0,171.0,,162.5
SKU018,2024-09-30,134,747104.94,5575.409999999999,0,Product 018,Kitchen,Rug,2022-05-21,5677.05,5575.41,-101.64,0,Monsoon,0,2024-09-01,341,456,10,93,254,910756.44,29,169.0,163.0,158.0,,162.0
SKU018,2024-10-07,153,853037.73,5575.409999999999,0,Product 018,Kitchen,Rug,2022-05-21,5677.05,5575.41,-101.64,0,Autumn,0,2024-10-01,491,220,13,100,308,1311382.44,6,134.0,169.0,158.0,,156.0
SKU018,2024-10-14,140,780557.4,5575.409999999999,0,Product 018,Kitchen,Rug,2022-05-21,5677.05,5575.41,-101.64,0,Autumn,0,2024-10-01,491,220,13,100,308,1311382.44,13,153.0,134.0,163.0,,154.75
SKU018,2024-10-21,159,886490.19,5575.409999999999,0,Product 018,Kitchen,Rug,2022-05-21,5677.05,5575.41,-101.64,0,Autumn,0,2024-10-01,491,220,13,100,308,1311382.44,20,140.0,153.0,169.0,,149.0
SKU018,2024-10-28,170,947819.7,5575.409999999999,1,Product 018,Kitchen,Rug,2022-05-21,5677.05,5575.41,-101.64,1,Autumn,1,2024-10-01,491,220,13,100,308,1311382.44,27,159.0,140.0,134.0,,146.5
SKU018,2024-11-04,162,903216.42,5575.409999999999,1,Product 018,Kitchen,Rug,2022-05-21,5677.05,5575.41,-101.64,0,Autumn,1,2024-11-01,86,207,5,49,125,229692.24,3,170.0,159.0,153.0,,155.5
SKU018,2024-11-11,150,836311.5,5575.409999999999,1,Product 018,Kitchen,Rug,2022-05-21,5677.05,5575.41,-101.64,0,Autumn,1,2024-11-01,86,207,5,49,125,229692.24,10,162.0,170.0,140.0,,157.75
SKU018,2024-11-18,153,853037.73,5575.409999999999,1,Product 018,Kitchen,Rug,2022-05-21,5677.05,5575.41,-101.64,0,Autumn,1,2024-11-01,86,207,5,49,125,229692.24,17,150.0,162.0,159.0,,160.25
SKU018,2024-11-25,143,797283.63,5575.409999999999,1,Product 018,Kitchen,Rug,2022-05-21,5677.05,5575.41,-101.64,0,Autumn,1,2024-11-01,86,207,5,49,125,229692.24,24,153.0,150.0,170.0,,158.75
SKU018,2024-12-02,182,1014724.62,5575.409999999999,0,Product 018,Kitchen,Rug,2022-05-21,5677.05,5575.41,-101.64,0,Winter,0,2024-12-01,543,153,4,81,143,1450266.12,1,143.0,153.0,162.0,,152.0
SKU018,2024-12-09,150,836311.5,5575.409999999999,0,Product 018,Kitchen,Rug,2022-05-21,5677.05,5575.41,-101.64,0,Winter,0,2024-12-01,543,153,4,81,143,1450266.12,8,182.0,143.0,150.0,,157.0
SKU018,2024-12-16,172,958970.52,5575.409999999999,0,Product 018,Kitchen,Rug,2022-05-21,5677.05,5575.41,-101.64,0,Winter,0,2024-12-01,543,153,4,81,143,1450266.12,15,150.0,182.0,153.0,,157.0
SKU018,2024-12-23,154,858613.14,5575.409999999999,0,Product 018,Kitchen,Rug,2022-05-21,5677.05,5575.41,-101.64,1,Winter,0,2024-12-01,543,153,4,81,143,1450266.12,22,172.0,150.0,143.0,,161.75
SKU018,2024-12-30,181,1009149.21,5575.409999999999,0,Product 018,Kitchen,Rug,2022-05-21,5677.05,5575.41,-101.64,0,Winter,0,2024-12-01,543,153,4,81,143,1450266.12,29,154.0,172.0,182.0,176.0,164.5
SKU018,2025-01-06,172,958970.52,5575.409999999999,0,Product 018,Kitchen,Rug,2022-05-21,5677.05,5575.41,-101.64,0,Winter,0,2025-01-01,150,272,4,79,141,400626.0,5,181.0,154.0,150.0,175.0,164.25
SKU018,2025-01-13,164,914367.24,5575.409999999999,0,Product 018,Kitchen,Rug,2022-05-21,5677.05,5575.41,-101.64,0,Winter,0,2025-01-01,150,272,4,79,141,400626.0,12,172.0,181.0,172.0,153.0,169.75
SKU018,2025-01-20,163,908791.83,5575.409999999999,0,Product 018,Kitchen,Rug,2022-05-21,5677.05,5575.41,-101.64,1,Winter,0,2025-01-01,150,272,4,79,141,400626.0,19,164.0,172.0,154.0,188.0,167.75
SKU018,2025-01-27,178,992422.98,5575.409999999999,0,Product 018,Kitchen,Rug,2022-05-21,5677.05,5575.41,-101.64,0,Winter,0,2025-01-01,150,272,4,79,141,400626.0,26,163.0,164.0,181.0,162.0,170.0
SKU018,2025-02-03,175,975696.75,5575.409999999999,0,Product 018,Kitchen,Rug,2022-05-21,5677.05,5575.41,-101.64,0,Winter,0,2025-02-01,196,276,9,123,279,523484.64,2,178.0,163.0,172.0,171.0,169.25
SKU018,2025-02-10,186,1037026.26,5575.409999999999,0,Product 018,Kitchen,Rug,2022-05-21,5677.05,5575.41,-101.64,0,Winter,0,2025-02-01,196,276,9,123,279,523484.64,9,175.0,178.0,164.0,178.0,170.0
SKU018,2025-02-17,194,1081629.54,5575.409999999999,0,Product 018,Kitchen,Rug,2022-05-21,5677.05,5575.41,-101.64,0,Winter,0,2025-02-01,196,276,9,123,279,523484.64,16,186.0,175.0,163.0,205.0,175.5
SKU018,2025-02-24,211,1176411.51,5575.409999999999,1,Product 018,Kitchen,Rug,2022-05-21,5677.05,5575.41,-101.64,0,Winter,1,2025-02-01,196,276,9,123,279,523484.64,23,194.0,186.0,178.0,195.0,183.25
SKU018,2025-03-03,206,1148534.46,5575.409999999999,1,Product 018,Kitchen,Rug,2022-05-21,5677.05,5575.41,-101.64,0,Spring,1,2025-03-01,586,251,5,76,166,1565112.24,2,211.0,194.0,175.0,206.0,191.5
SKU018,2025-03-10,214,1193137.74,5575.409999999999,1,Product 018,Kitchen,Rug,2022-05-21,5677.05,5575.41,-101.64,0,Spring,1,2025-03-01,586,251,5,76,166,1565112.24,9,206.0,211.0,186.0,223.0,199.25
SKU018,2025-03-17,219,1221014.79,5575.409999999999,1,Product 018,Kitchen,Rug,2022-05-21,5677.05,5575.41,-101.64,0,Spring,1,2025-03-01,586,251,5,76,166,1565112.24,16,214.0,206.0,194.0,227.0,206.25
SKU018,2025-03-24,196,1092780.36,5575.409999999999,1,Product 018,Kitchen,Rug,2022-05-21,5677.05,5575.41,-101.64,0,Spring,1,2025-03-01,586,251,5,76,166,1565112.24,23,219.0,214.0,211.0,221.0,212.5
SKU018,2025-03-31,207,1154109.87,5575.409999999999,0,Product 018,Kitchen,Rug,2022-05-21,5677.05,5575.41,-101.64,0,Spring,0,2025-03-01,586,251,5,76,166,1565112.24,30,196.0,219.0,206.0,197.0,208.75
SKU018,2025-04-07,197,1098355.77,5575.409999999999,0,Product 018,Kitchen,Rug,2022-05-21,5677.05,5575.41,-101.64,0,Spring,0,2025-04-01,287,24,11,86,330,766531.08,6,207.0,196.0,214.0,190.0,209.0
SKU018,2025-04-14,212,1181986.92,5575.409999999999,0,Product 018,Kitchen,Rug,2022-05-21,5677.05,5575.41,-101.64,0,Spring,0,2025-04-01,287,24,11,86,330,766531.08,13,197.0,207.0,219.0,209.0,204.75
SKU018,2025-04-21,210,1170836.1,5575.409999999999,0,Product 018,Kitchen,Rug,2022-05-21,5677.05,5575.41,-101.64,0,Spring,0,2025-04-01,287,24,11,86,330,766531.08,20,212.0,197.0,196.0,209.0,203.0
SKU018,2025-04-28,220,1226590.2,5575.409999999999,0,Product 018,Kitchen,Rug,2022-05-21,5677.05,5575.41,-101.64,0,Spring,0,2025-04-01,287,24,11,86,330,766531.08,27,210.0,212.0,207.0,204.0,206.5
SKU018,2025-05-05,220,1226590.2,5575.409999999999,0,Product 018,Kitchen,Rug,2022-05-21,5677.05,5575.41,-101.64,0,Summer,0,2025-05-01,442,147,8,132,297,1180511.28,4,220.0,210.0,197.0,220.0,209.75
SKU018,2025-05-12,207,1154109.87,5575.409999999999,0,Product 018,Kitchen,Rug,2022-05-21,5677.05,5575.41,-101.64,0,Summer,0,2025-05-01,442,147,8,132,297,1180511.28,11,220.0,220.0,212.0,203.0,215.5
SKU018,2025-05-19,201,1120657.41,5575.409999999999,0,Product 018,Kitchen,Rug,2022-05-21,5677.05,5575.41,-101.64,0,Summer,0,2025-05-01,442,147,8,132,297,1180511.28,18,207.0,220.0,210.0,185.0,214.25
SKU018,2025-05-26,192,1070478.72,5575.409999999999,1,Product 018,Kitchen,Rug,2022-05-21,5677.05,5575.41,-101.64,0,Summer,1,2025-05-01,442,147,8,132,297,1180511.28,25,201.0,207.0,220.0,199.0,212.0
SKU018,2025-06-02,203,1131808.23,5575.409999999999,1,Product 018,Kitchen,Rug,2022-05-21,5677.05,5575.41,-101.64,0,Summer,1,2025-06-01,568,78,11,69,277,1517037.12,1,192.0,201.0,220.0,194.0,205.0
SKU018,2025-06-09,201,1120657.41,5575.409999999999,1,Product 018,Kitchen,Rug,2022-05-21,5677.05,5575.41,-101.64,0,Summer,1,2025-06-01,568,78,11,69,277,1517037.12,8,203.0,192.0,207.0,191.0,200.75
SKU018,2025-06-16,212,1181986.92,5575.409999999999,1,Product 018,Kitchen,Rug,2022-05-21,5677.05,5575.41,-101.64,0,Summer,1,2025-06-01,568,78,11,69,277,1517037.12,15,201.0,203.0,201.0,198.0,199.25
SKU018,2025-06-23,194,1081629.54,5575.409999999999,1,Product 018,Kitchen,Rug,2022-05-21,5677.05,5575.41,-101.64,0,Summer,1,2025-06-01,568,78,11,69,277,1517037.12,22,212.0,201.0,192.0,197.0,202.0
SKU018,2025-06-30,164,914367.24,5575.409999999999,0,Product 018,Kitchen,Rug,2022-05-21,5677.05,5575.41,-101.64,0,Summer,0,2025-06-01,568,78,11,69,277,1517037.12,29,194.0,212.0,203.0,163.0,202.5
SKU018,2025-07-07,156,869763.9600000001,5575.409999999999,0,Product 018,Kitchen,Rug,2022-05-21,5677.05,5575.41,-101.64,0,Monsoon,0,2025-07-01,631,96,4,62,144,1685300.04,6,164.0,194.0,201.0,181.0,192.75
SKU018,2025-07-14,167,931093.47,5575.409999999999,0,Product 018,Kitchen,Rug,2022-05-21,5677.05,5575.41,-101.64,0,Monsoon,0,2025-07-01,631,96,4,62,144,1685300.04,13,156.0,164.0,212.0,169.0,181.5
SKU018,2025-07-21,159,886490.1900000001,5575.409999999999,0,Product 018,Kitchen,Rug,2022-05-21,5677.05,5575.41,-101.64,0,Monsoon,0,2025-07-01,631,96,4,62,144,1685300.04,20,167.0,156.0,194.0,158.0,170.25
SKU018,2025-07-28,179,997998.39,5575.409999999999,0,Product 018,Kitchen,Rug,2022-05-21,5677.05,5575.41,-101.64,0,Monsoon,0,2025-07-01,631,96,4,62,144,1685300.04,27,159.0,167.0,164.0,172.0,161.5
SKU018,2025-08-04,139,774981.99,5575.409999999999,0,Product 018,Kitchen,Rug,2022-05-21,5677.05,5575.41,-101.64,0,Monsoon,0,2025-08-01,480,61,11,133,324,1282003.2,3,179.0,159.0,156.0,164.0,165.25
SKU018,2025-08-11,146,814009.86,5575.409999999999,0,Product 018,Kitchen,Rug,2022-05-21,5677.05,5575.41,-101.64,1,Monsoon,0,2025-08-01,480,61,11,133,324,1282003.2,10,139.0,179.0,167.0,167.0,161.0
SKU018,2025-08-18,151,841886.91,5575.409999999999,0,Product 018,Kitchen,Rug,2022-05-21,5677.05,5575.41,-101.64,0,Monsoon,0,2025-08-01,480,61,11,133,324,1282003.2,17,146.0,139.0,159.0,169.0,155.75
SKU018,2025-08-25,161,897641.01,5575.409999999999,0,Product 018,Kitchen,Rug,2022-05-21,5677.05,5575.41,-101.64,0,Monsoon,0,2025-08-01,480,61,11,133,324,1282003.2,24,151.0,146.0,179.0,171.0,153.75
SKU018,2025-09-01,150,836311.5,5575.409999999999,1,Product 018,Kitchen,Rug,2022-05-21,5677.05,5575.41,-101.64,0,Monsoon,1,2025-09-01,277,317,11,125,305,739822.68,0,161.0,151.0,139.0,158.0,149.25
SKU018,2025-09-08,155,864188.5499999999,5575.409999999999,1,Product 018,Kitchen,Rug,2022-05-21,5677.05,5575.41,-101.64,0,Monsoon,1,2025-09-01,277,317,11,125,305,739822.68,7,150.0,161.0,146.0,158.0,152.0
SKU018,2025-09-15,148,825160.68,5575.409999999999,1,Product 018,Kitchen,Rug,2022-05-21,5677.05,5575.41,-101.64,0,Monsoon,1,2025-09-01,277,317,11,125,305,739822.68,14,155.0,150.0,151.0,163.0,154.25
SKU018,2025-09-22,146,814009.86,5575.409999999999,1,Product 018,Kitchen,Rug,2022-05-21,5677.05,5575.41,-101.64,0,Monsoon,1,2025-09-01,277,317,11,125,305,739822.68,21,148.0,155.0,161.0,169.0,153.5
SKU018,2025-09-29,138,769406.58,5575.409999999999,0,Product 018,Kitchen,Rug,2022-05-21,5677.05,5575.41,-101.64,0,Monsoon,0,2025-09-01,277,317,11,125,305,739822.68,28,146.0,148.0,150.0,134.0,149.75
SKU018,2025-10-06,154,858613.14,5575.409999999999,0,Product 018,Kitchen,Rug,2022-05-21,5677.05,5575.41,-101.64,0,Autumn,0,2025-10-01,435,29,10,71,222,1161815.4,5,138.0,146.0,155.0,153.0,146.75
SKU018,2025-10-13,141,786132.8099999999,5575.409999999999,0,Product 018,Kitchen,Rug,2022-05-21,5677.05,5575.41,-101.64,0,Autumn,0,2025-10-01,435,29,10,71,222,1161815.4,12,154.0,138.0,148.0,140.0,146.5
SKU018,2025-10-20,135,752680.35,5575.409999999999,0,Product 018,Kitchen,Rug,2022-05-21,5677.05,5575.41,-101.64,1,Autumn,0,2025-10-01,435,29,10,71,222,1161815.4,19,141.0,154.0,146.0,159.0,144.75
SKU018,2025-10-27,166,925518.0599999999,5575.409999999999,1,Product 018,Kitchen,Rug,2022-05-21,5677.05,5575.41,-101.64,0,Autumn,1,2025-10-01,435,29,10,71,222,1161815.4,26,135.0,141.0,138.0,170.0,142.0
SKU018,2025-11-03,157,875339.37,5575.409999999999,1,Product 018,Kitchen,Rug,2022-05-21,5677.05,5575.41,-101.64,0,Autumn,1,2025-11-01,492,375,8,82,196,1314053.28,2,166.0,135.0,154.0,162.0,149.0
SKU018,2025-11-10,142,791708.22,5575.409999999999,1,Product 018,Kitchen,Rug,2022-05-21,5677.05,5575.41,-101.64,0,Autumn,1,2025-11-01,492,375,8,82,196,1314053.28,9,157.0,166.0,141.0,150.0,149.75
SKU018,2025-11-17,150,836311.5,5575.409999999999,1,Product 018,Kitchen,Rug,2022-05-21,5677.05,5575.41,-101.64,0,Autumn,1,2025-11-01,492,375,8,82,196,1314053.28,16,142.0,157.0,135.0,153.0,150.0
SKU018,2025-11-24,152,847462.3200000001,5575.409999999999,1,Product 018,Kitchen,Rug,2022-05-21,5677.05,5575.41,-101.64,0,Autumn,1,2025-11-01,492,375,8,82,196,1314053.28,23,150.0,142.0,166.0,143.0,153.75
SKU018,2025-12-01,158,880914.78,5575.409999999999,0,Product 018,Kitchen,Rug,2022-05-21,5677.05,5575.41,-101.64,0,Winter,0,2025-12-01,235,102,8,66,184,627647.4,0,152.0,150.0,157.0,182.0,150.25
SKU018,2025-12-08,162,903216.42,5575.409999999999,0,Product 018,Kitchen,Rug,2022-05-21,5677.05,5575.41,-101.64,0,Winter,0,2025-12-01,235,102,8,66,184,627647.4,7,158.0,152.0,142.0,150.0,150.5
SKU018,2025-12-15,160,892065.6,5575.409999999999,0,Product 018,Kitchen,Rug,2022-05-21,5677.05,5575.41,-101.64,0,Winter,0,2025-12-01,235,102,8,66,184,627647.4,14,162.0,158.0,150.0,172.0,155.5
SKU018,2025-12-22,161,897641.01,5575.409999999999,0,Product 018,Kitchen,Rug,2022-05-21,5677.05,5575.41,-101.64,1,Winter,0,2025-12-01,235,102,8,66,184,627647.4,21,160.0,162.0,152.0,154.0,158.0
SKU019,2024-01-01,101,486804.85,4819.85,0,Product 019,Lighting,Organizer,2024-07-12,2670.84,4819.85,2149.01,0,Winter,0,2024-01-01,7,32,12,5,17,22770.72,0,,,,,
SKU019,2024-01-08,115,554282.75,4819.85,0,Product 019,Lighting,Organizer,2024-07-12,2670.84,4819.85,2149.01,0,Winter,0,2024-01-01,7,32,12,5,17,22770.72,7,101.0,,,,
SKU019,2024-01-15,103,496444.55000000005,4819.85,0,Product 019,Lighting,Organizer,2024-07-12,2670.84,4819.85,2149.01,0,Winter,0,2024-01-01,7,32,12,5,17,22770.72,14,115.0,101.0,,,
SKU019,2024-01-22,107,515723.94999999995,4819.85,0,Product 019,Lighting,Organizer,2024-07-12,2670.84,4819.85,2149.01,1,Winter,0,2024-01-01,7,32,12,5,17,22770.72,21,103.0,115.0,,,
SKU019,2024-01-29,136,655499.6,4819.85,0,Product 019,Lighting,Organizer,2024-07-12,2670.84,4819.85,2149.01,0,Winter,0,2024-01-01,7,32,12,5,17,22770.72,28,107.0,103.0,101.0,,106.5
SKU019,2024-02-05,119,573562.15,4819.85,0,Product 019,Lighting,Organizer,2024-07-12,2670.84,4819.85,2149.01,0,Winter,0,2024-02-01,163,199,11,25,111,530232.48,4,136.0,107.0,115.0,,115.25
SKU019,2024-02-12,117,563922.45,4819.85,0,Product 019,Lighting,Organizer,2024-07-12,2670.84,4819.85,2149.01,0,Winter,0,2024-02-01,163,199,11,25,111,530232.48,11,119.0,136.0,103.0,,116.25
SKU019,2024-02-19,117,563922.45,4819.85,0,Product 019,Lighting,Organizer,2024-07-12,2670.84,4819.85,2149.01,0,Winter,0,2024-02-01,163,199,11,25,111,530232.48,18,117.0,119.0,107.0,,119.75
SKU019,2024-02-26,132,636220.2,4819.85,1,Product 019,Lighting,Organizer,2024-07-12,2670.84,4819.85,2149.01,0,Winter,1,2024-02-01,163,199,11,25,111,530232.48,25,117.0,117.0,136.0,,122.25
SKU019,2024-03-04,132,636220.2,4819.85,1,Product 019,Lighting,Organizer,2024-07-12,2670.84,4819.85,2149.01,0,Spring,1,2024-03-01,257,104,6,30,81,836010.72,3,132.0,117.0,119.0,,121.25
SKU019,2024-03-11,137,660319.45,4819.85,1,Product 019,Lighting,Organizer,2024-07-12,2670.84,4819.85,2149.01,0,Spring,1,2024-03-01,257,104,6,30,81,836010.72,10,132.0,132.0,117.0,,124.5
SKU019,2024-03-18,136,655499.6,4819.85,1,Product 019,Lighting,Organizer,2024-07-12,2670.84,4819.85,2149.01,0,Spring,1,2024-03-01,257,104,6,30,81,836010.72,17,137.0,132.0,117.0,,129.5
SKU019,2024-03-25,135,650679.75,4819.85,1,Product 019,Lighting,Organizer,2024-07-12,2670.84,4819.85,2149.01,0,Spring,1,2024-03-01,257,104,6,30,81,836010.72,24,136.0,137.0,132.0,,134.25
SKU019,2024-04-01,151,727797.35,4819.85,0,Product 019,Lighting,Organizer,2024-07-12,2670.84,4819.85,2149.01,0,Spring,0,2024-04-01,144,99,7,34,103,468426.24,0,135.0,136.0,132.0,,135.0
SKU019,2024-04-08,135,650679.75,4819.85,0,Product 019,Lighting,Organizer,2024-07-12,2670.84,4819.85,2149.01,0,Spring,0,2024-04-01,144,99,7,34,103,468426.24,7,151.0,135.0,137.0,,139.75
SKU019,2024-04-15,132,636220.2,4819.85,0,Product 019,Lighting,Organizer,2024-07-12,2670.84,4819.85,2149.01,0,Spring,0,2024-04-01,144,99,7,34,103,468426.24,14,135.0,151.0,136.0,,139.25
SKU019,2024-04-22,139,669959.15,4819.85,0,Product 019,Lighting,Organizer,2024-07-12,2670.84,4819.85,2149.01,0,Spring,0,2024-04-01,144,99,7,34,103,468426.24,21,132.0,135.0,135.0,,138.25
SKU019,2024-04-29,134,645859.9,4819.85,0,Product 019,Lighting,Organizer,2024-07-12,2670.84,4819.85,2149.01,0,Spring,0,2024-04-01,144,99,7,34,103,468426.24,28,139.0,132.0,151.0,,139.25
SKU019,2024-05-06,141,679598.85,4819.85,0,Product 019,Lighting,Organizer,2024-07-12,2670.84,4819.85,2149.01,0,Summer,0,2024-05-01,53,62,3,62,90,172406.88,5,134.0,139.0,135.0,,135.0
SKU019,2024-05-13,151,727797.35,4819.85,0,Product 019,Lighting,Organizer,2024-07-12,2670.84,4819.85,2149.01,0,Summer,0,2024-05-01,53,62,3,62,90,172406.88,12,141.0,134.0,132.0,,136.5
SKU019,2024-05-20,131,631400.35,4819.85,0,Product 019,Lighting,Organizer,2024-07-12,2670.84,4819.85,2149.01,0,Summer,0,2024-05-01,53,62,3,62,90,172406.88,19,151.0,141.0,139.0,,141.25
SKU019,2024-05-27,147,708517.95,4819.85,1,Product 019,Lighting,Organizer,2024-07-12,2670.84,4819.85,2149.01,0,Summer,1,2024-05-01,53,62,3,62,90,172406.88,26,131.0,151.0,134.0,,139.25
SKU019,2024-06-03,122,588021.7,4819.85,1,Product 019,Lighting,Organizer,2024-07-12,2670.84,4819.85,2149.01,0,Summer,1,2024-06-01,216,88,13,43,153,702639.36,2,147.0,131.0,141.0,,142.5
SKU019,2024-06-10,137,660319.45,4819.85,1,Product 019,Lighting,Organizer,2024-07-12,2670.84,4819.85,2149.01,0,Summer,1,2024-06-01,216,88,13,43,153,702639.36,9,122.0,147.0,151.0,,137.75
SKU019,2024-06-17,110,530183.5,4819.85,1,Product 019,Lighting,Organizer,2024-07-12,2670.84,4819.85,2149.01,0,Summer,1,2024-06-01,216,88,13,43,153,702639.36,16,137.0,122.0,131.0,,134.25
SKU019,2024-06-24,117,563922.45,4819.85,1,Product 019,Lighting,Organizer,2024-07-12,2670.84,4819.85,2149.01,0,Summer,1,2024-06-01,216,88,13,43,153,702639.36,23,110.0,137.0,147.0,,129.0
SKU019,2024-07-01,113,544643.05,4819.85,0,Product 019,Lighting,Organizer,2024-07-12,2670.84,4819.85,2149.01,0,Monsoon,0,2024-07-01,120,28,9,32,120,390355.2,0,117.0,110.0,122.0,,121.5
SKU019,2024-07-08,115,554282.75,4819.85,0,Product 019,Lighting,Organizer,2024-07-12,2670.84,4819.85,2149.01,0,Monsoon,0,2024-07-01,120,28,9,32,120,390355.2,7,113.0,117.0,137.0,,119.25
SKU019,2024-07-15,101,486804.85,4819.85,0,Product 019,Lighting,Organizer,2024-07-12,2670.84,4819.85,2149.01,0,Monsoon,0,2024-07-01,120,28,9,32,120,390355.2,14,115.0,113.0,110.0,,113.75
SKU019,2024-07-22,108,520543.80000000005,4819.85,0,Product 019,Lighting,Organizer,2024-07-12,2670.84,4819.85,2149.01,0,Monsoon,0,2024-07-01,120,28,9,32,120,390355.2,21,101.0,115.0,117.0,,111.5
SKU019,2024-07-29,115,554282.75,4819.85,0,Product 019,Lighting,Organizer,2024-07-12,2670.84,4819.85,2149.01,0,Monsoon,0,2024-07-01,120,28,9,32,120,390355.2,28,108.0,101.0,113.0,,109.25
SKU019,2024-08-05,89,428966.65,4819.85,0,Product 019,Lighting,Organizer,2024-07-12,2670.84,4819.85,2149.01,0,Monsoon,0,2024-08-01,39,5,10,24,96,126865.44,4,115.0,108.0,115.0,,109.75
SKU019,2024-08-12,93,448246.05,4819.85,0,Product 019,Lighting,Organizer,2024-07-12,2670.84,4819.85,2149.01,1,Monsoon,0,2024-08-01,39,5,10,24,96,126865.44,11,89.0,115.0,101.0,,103.25
SKU019,2024-08-19,104,501264.4,4819.85,0,Product 019,Lighting,Organizer,2024-07-12,2670.84,4819.85,2149.01,0,Monsoon,0,2024-08-01,39,5,10,24,96,126865.44,18,93.0,89.0,108.0,,101.25
SKU019,2024-08-26,102,491624.7,4819.85,1,Product 019,Lighting,Organizer,2024-07-12,2670.84,4819.85,2149.01,0,Monsoon,1,2024-08-01,39,5,10,24,96,126865.44,25,104.0,93.0,115.0,,100.25
SKU019,2024-09-02,104,501264.4,4819.85,1,Product 019,Lighting,Organizer,2024-07-12,2670.84,4819.85,2149.01,0,Monsoon,1,2024-09-01,100,136,4,43,72,325296.0,1,102.0,104.0,89.0,,97.0
SKU019,2024-09-09,108,520543.8,4819.85,1,Product 019,Lighting,Organizer,2024-07-12,2670.84,4819.85,2149.01,0,Monsoon,1,2024-09-01,100,136,4,43,72,325296.0,8,104.0,102.0,93.0,,100.75
SKU019,2024-09-16,80,385588.0,4819.85,1,Product 019,Lighting,Organizer,2024-07-12,2670.84,4819.85,2149.01,0,Monsoon,1,2024-09-01,100,136,4,43,72,325296.0,15,108.0,104.0,104.0,,104.5
SKU019,2024-09-23,97,467525.45,4819.85,1,Product 019,Lighting,Organizer,2024-07-12,2670.84,4819.85,2149.01,0,Monsoon,1,2024-09-01,100,136,4,43,72,325296.0,22,80.0,108.0,102.0,,98.5
SKU019,2024-09-30,81,390407.85,4819.85,0,Product 019,Lighting,Organizer,2024-07-12,2670.84,4819.85,2149.01,0,Monsoon,0,2024-09-01,100,136,4,43,72,325296.0,29,97.0,80.0,104.0,,97.25
SKU019,2024-10-07,93,448246.05000000005,4819.85,0,Product 019,Lighting,Organizer,2024-07-12,2670.84,4819.85,2149.01,0,Autumn,0,2024-10-01,133,87,5,48,83,432643.68,6,81.0,97.0,108.0,,91.5
SKU019,2024-10-14,85,409687.25,4819.85,0,Product 019,Lighting,Organizer,2024-07-12,2670.84,4819.85,2149.01,0,Autumn,0,2024-10-01,133,87,5,48,83,432643.68,13,93.0,81.0,80.0,,87.75
SKU019,2024-10-21,86,414507.1,4819.85,0,Product 019,Lighting,Organizer,2024-07-12,2670.84,4819.85,2149.01,0,Autumn,0,2024-10-01,133,87,5,48,83,432643.68,20,85.0,93.0,97.0,,89.0
SKU019,2024-10-28,98,472345.3,4819.85,1,Product 019,Lighting,Organizer,2024-07-12,2670.84,4819.85,2149.01,1,Autumn,1,2024-10-01,133,87,5,48,83,432643.68,27,86.0,85.0,81.0,,86.25
SKU019,2024-11-04,95,457885.75,4819.85,1,Product 019,Lighting,Organizer,2024-07-12,2670.84,4819.85,2149.01,0,Autumn,1,2024-11-01,190,47,10,46,111,618062.4,3,98.0,86.0,93.0,,90.5
SKU019,2024-11-11,112,539823.2,4819.85,1,Product 019,Lighting,Organizer,2024-07-12,2670.84,4819.85,2149.01,0,Autumn,1,2024-11-01,190,47,10,46,111,618062.4,10,95.0,98.0,85.0,,91.0
SKU019,2024-11-18,113,544643.0499999999,4819.85,1,Product 019,Lighting,Organizer,2024-07-12,2670.84,4819.85,2149.01,0,Autumn,1,2024-11-01,190,47,10,46,111,618062.4,17,112.0,95.0,86.0,,97.75
SKU019,2024-11-25,110,530183.5,4819.85,1,Product 019,Lighting,Organizer,2024-07-12,2670.84,4819.85,2149.01,0,Autumn,1,2024-11-01,190,47,10,46,111,618062.4,24,113.0,112.0,98.0,,104.5
SKU019,2024-12-02,120,578382.0,4819.85,0,Product 019,Lighting,Organizer,2024-07-12,2670.84,4819.85,2149.01,0,Winter,0,2024-12-01,152,0,9,36,96,494449.92,1,110.0,113.0,95.0,,107.5
SKU019,2024-12-09,97,467525.45,4819.85,0,Product 019,Lighting,Organizer,2024-07-12,2670.84,4819.85,2149.01,0,Winter,0,2024-12-01,152,0,9,36,96,494449.92,8,120.0,110.0,112.0,,113.75
SKU019,2024-12-16,106,510904.1,4819.85,0,Product 019,Lighting,Organizer,2024-07-12,2670.84,4819.85,2149.01,0,Winter,0,2024-12-01,152,0,9,36,96,494449.92,15,97.0,120.0,113.0,,110.0
SKU019,2024-12-23,86,414507.10000000003,4819.85,0,Product 019,Lighting,Organizer,2024-07-12,2670.84,4819.85,2149.01,1,Winter,0,2024-12-01,152,0,9,36,96,494449.92,22,106.0,97.0,110.0,,108.25
SKU019,2024-12-30,100,481985.0,4819.85,0,Product 019,Lighting,Organizer,2024-07-12,2670.84,4819.85,2149.01,0,Winter,0,2024-12-01,152,0,9,36,96,494449.92,29,86.0,106.0,120.0,101.0,102.25
SKU019,2025-01-06,114,549462.9,4819.85,0,Product 019,Lighting,Organizer,2024-07-12,2670.84,4819.85,2149.01,0,Winter,0,2025-01-01,127,90,5,21,56,413125.92,5,100.0,86.0,97.0,115.0,97.25
SKU019,2025-01-13,113,544643.05,4819.85,0,Product 019,Lighting,Organizer,2024-07-12,2670.84,4819.85,2149.01,0,Winter,0,2025-01-01,127,90,5,21,56,413125.92,12,114.0,100.0,106.0,103.0,101.5
SKU019,2025-01-20,115,554282.75,4819.85,0,Product 019,Lighting,Organizer,2024-07-12,2670.84,4819.85,2149.01,1,Winter,0,2025-01-01,127,90,5,21,56,413125.92,19,113.0,114.0,86.0,107.0,103.25
SKU019,2025-01-27,109,525363.65,4819.85,0,Product 019,Lighting,Organizer,2024-07-12,2670.84,4819.85,2149.01,0,Winter,0,2025-01-01,127,90,5,21,56,413125.92,26,115.0,113.0,100.0,136.0,110.5
SKU019,2025-02-03,95,457885.75,4819.85,0,Product 019,Lighting,Organizer,2024-07-12,2670.84,4819.85,2149.01,0,Winter,0,2025-02-01,218,131,14,39,152,709145.28,2,109.0,115.0,114.0,119.0,112.75
SKU019,2025-02-10,111,535003.35,4819.85,0,Product 019,Lighting,Organizer,2024-07-12,2670.84,4819.85,2149.01,0,Winter,0,2025-02-01,218,131,14,39,152,709145.28,9,95.0,109.0,113.0,117.0,108.0
SKU019,2025-02-17,132,636220.2,4819.85,0,Product 019,Lighting,Organizer,2024-07-12,2670.84,4819.85,2149.01,0,Winter,0,2025-02-01,218,131,14,39,152,709145.28,16,111.0,95.0,115.0,117.0,107.5
SKU019,2025-02-24,140,674779.0,4819.85,1,Product 019,Lighting,Organizer,2024-07-12,2670.84,4819.85,2149.01,0,Winter,1,2025-02-01,218,131,14,39,152,709145.28,23,132.0,111.0,109.0,132.0,111.75
SKU019,2025-03-03,143,689238.55,4819.85,1,Product 019,Lighting,Organizer,2024-07-12,2670.84,4819.85,2149.01,0,Spring,1,2025-03-01,299,88,6,29,80,972635.04,2,140.0,132.0,95.0,132.0,119.5
SKU019,2025-03-10,135,650679.75,4819.85,1,Product 019,Lighting,Organizer,2024-07-12,2670.84,4819.85,2149.01,0,Spring,1,2025-03-01,299,88,6,29,80,972635.04,9,143.0,140.0,111.0,137.0,131.5
SKU019,2025-03-17,127,612120.95,4819.85,1,Product 019,Lighting,Organizer,2024-07-12,2670.84,4819.85,2149.01,0,Spring,1,2025-03-01,299,88,6,29,80,972635.04,16,135.0,143.0,132.0,136.0,137.5
SKU019,2025-03-24,130,626580.5,4819.85,1,Product 019,Lighting,Organizer,2024-07-12,2670.84,4819.85,2149.01,0,Spring,1,2025-03-01,299,88,6,29,80,972635.04,23,127.0,135.0,140.0,135.0,136.25
SKU019,2025-03-31,132,636220.2,4819.85,0,Product 019,Lighting,Organizer,2024-07-12,2670.84,4819.85,2149.01,0,Spring,0,2025-03-01,299,88,6,29,80,972635.04,30,130.0,127.0,143.0,151.0,133.75
SKU019,2025-04-07,144,694058.4,4819.85,0,Product 019,Lighting,Organizer,2024-07-12,2670.84,4819.85,2149.01,0,Spring,0,2025-04-01,235,184,9,79,169,764445.6,6,132.0,130.0,135.0,135.0,131.0
SKU019,2025-04-14,135,650679.75,4819.85,0,Product 019,Lighting,Organizer,2024-07-12,2670.84,4819.85,2149.01,0,Spring,0,2025-04-01,235,184,9,79,169,764445.6,13,144.0,132.0,127.0,132.0,133.25
SKU019,2025-04-21,117,563922.45,4819.85,0,Product 019,Lighting,Organizer,2024-07-12,2670.84,4819.85,2149.01,0,Spring,0,2025-04-01,235,184,9,79,169,764445.6,20,135.0,144.0,130.0,139.0,135.25
SKU019,2025-04-28,127,612120.95,4819.85,0,Product 019,Lighting,Organizer,2024-07-12,2670.84,4819.85,2149.01,0,Spring,0,2025-04-01,235,184,9,79,169,764445.6,27,117.0,135.0,132.0,134.0,132.0
SKU019,2025-05-05,122,588021.7,4819.85,0,Product 019,Lighting,Organizer,2024-07-12,2670.84,4819.85,2149.01,0,Summer,0,2025-05-01,117,7,10,45,137,380596.32,4,127.0,117.0,144.0,141.0,130.75
SKU019,2025-05-12,112,539823.2,4819.85,0,Product 019,Lighting,Organizer,2024-07-12,2670.84,4819.85,2149.01,0,Summer,0,2025-05-01,117,7,10,45,137,380596.32,11,122.0,127.0,135.0,151.0,125.25
SKU019,2025-05-19,131,631400.35,4819.85,0,Product 019,Lighting,Organizer,2024-07-12,2670.84,4819.85,2149.01,0,Summer,0,2025-05-01,117,7,10,45,137,380596.32,18,112.0,122.0,117.0,131.0,119.5
SKU019,2025-05-26,130,626580.5,4819.85,1,Product 019,Lighting,Organizer,2024-07-12,2670.84,4819.85,2149.01,0,Summer,1,2025-05-01,117,7,10,45,137,380596.32,25,131.0,112.0,127.0,147.0,123.0
SKU019,2025-06-02,148,713337.8,4819.85,1,Product 019,Lighting,Organizer,2024-07-12,2670.84,4819.85,2149.01,0,Summer,1,2025-06-01,305,167,7,67,131,992152.8,1,130.0,131.0,122.0,122.0,123.75
SKU019,2025-06-09,115,554282.75,4819.85,1,Product 019,Lighting,Organizer,2024-07-12,2670.84,4819.85,2149.01,0,Summer,1,2025-06-01,305,167,7,67,131,992152.8,8,148.0,130.0,112.0,137.0,130.25
SKU019,2025-06-16,136,655499.6000000001,4819.85,1,Product 019,Lighting,Organizer,2024-07-12,2670.84,4819.85,2149.01,0,Summer,1,2025-06-01,305,167,7,67,131,992152.8,15,115.0,148.0,131.0,110.0,131.0
SKU019,2025-06-23,129,621760.65,4819.85,1,Product 019,Lighting,Organizer,2024-07-12,2670.84,4819.85,2149.01,0,Summer,1,2025-06-01,305,167,7,67,131,992152.8,22,136.0,115.0,130.0,117.0,132.25
SKU019,2025-06-30,94,453065.9,4819.85,0,Product 019,Lighting,Organizer,2024-07-12,2670.84,4819.85,2149.01,0,Summer,0,2025-06-01,305,167,7,67,131,992152.8,29,129.0,136.0,148.0,113.0,132.0
SKU019,2025-07-07,100,481985.0,4819.85,0,Product 019,Lighting,Organizer,2024-07-12,2670.84,4819.85,2149.01,0,Monsoon,0,2025-07-01,317,309,11,69,174,1031188.32,6,94.0,129.0,115.0,115.0,118.5
SKU019,2025-07-14,111,535003.35,4819.85,0,Product 019,Lighting,Organizer,2024-07-12,2670.84,4819.85,2149.01,0,Monsoon,0,2025-07-01,317,309,11,69,174,1031188.32,13,100.0,94.0,136.0,101.0,114.75
SKU019,2025-07-21,90,433786.5,4819.85,0,Product 019,Lighting,Organizer,2024-07-12,2670.84,4819.85,2149.01,0,Monsoon,0,2025-07-01,317,309,11,69,174,1031188.32,20,111.0,100.0,129.0,108.0,108.5
SKU019,2025-07-28,116,559102.6,4819.85,0,Product 019,Lighting,Organizer,2024-07-12,2670.84,4819.85,2149.01,0,Monsoon,0,2025-07-01,317,309,11,69,174,1031188.32,27,90.0,111.0,94.0,115.0,98.75
SKU019,2025-08-04,104,501264.4,4819.85,0,Product 019,Lighting,Organizer,2024-07-12,2670.84,4819.85,2149.01,0,Monsoon,0,2025-08-01,185,231,11,62,154,601797.6,3,116.0,90.0,100.0,89.0,104.25
SKU019,2025-08-11,106,510904.1,4819.85,0,Product 019,Lighting,Organizer,2024-07-12,2670.84,4819.85,2149.01,1,Monsoon,0,2025-08-01,185,231,11,62,154,601797.6,10,104.0,116.0,111.0,93.0,105.25
SKU019,2025-08-18,109,525363.65,4819.85,0,Product 019,Lighting,Organizer,2024-07-12,2670.84,4819.85,2149.01,0,Monsoon,0,2025-08-01,185,231,11,62,154,601797.6,17,106.0,104.0,90.0,104.0,104.0
SKU019,2025-08-25,93,448246.05,4819.85,0,Product 019,Lighting,Organizer,2024-07-12,2670.84,4819.85,2149.01,0,Monsoon,0,2025-08-01,185,231,11,62,154,601797.6,24,109.0,106.0,116.0,102.0,108.75
SKU019,2025-09-01,103,496444.55,4819.85,1,Product 019,Lighting,Organizer,2024-07-12,2670.84,4819.85,2149.01,0,Monsoon,1,2025-09-01,78,192,11,44,118,253730.88,0,93.0,109.0,104.0,104.0,103.0
SKU019,2025-09-08,76,366308.6,4819.85,1,Product 019,Lighting,Organizer,2024-07-12,2670.84,4819.85,2149.01,0,Monsoon,1,2025-09-01,78,192,11,44,118,253730.88,7,103.0,93.0,106.0,108.0,102.75
SKU019,2025-09-15,100,481985.0,4819.85,1,Product 019,Lighting,Organizer,2024-07-12,2670.84,4819.85,2149.01,0,Monsoon,1,2025-09-01,78,192,11,44,118,253730.88,14,76.0,103.0,109.0,80.0,95.25
SKU019,2025-09-22,105,506084.25,4819.85,1,Product 019,Lighting,Organizer,2024-07-12,2670.84,4819.85,2149.01,0,Monsoon,1,2025-09-01,78,192,11,44,118,253730.88,21,100.0,76.0,93.0,97.0,93.0
SKU019,2025-09-29,83,400047.55,4819.85,0,Product 019,Lighting,Organizer,2024-07-12,2670.84,4819.85,2149.01,0,Monsoon,0,2025-09-01,78,192,11,44,118,253730.88,28,105.0,100.0,103.0,81.0,96.0
SKU019,2025-10-06,92,443426.2,4819.85,0,Product 019,Lighting,Organizer,2024-07-12,2670.84,4819.85,2149.01,0,Autumn,0,2025-10-01,264,78,4,39,69,858781.44,5,83.0,105.0,76.0,93.0,91.0
SKU019,2025-10-13,96,462705.6,4819.85,0,Product 019,Lighting,Organizer,2024-07-12,2670.84,4819.85,2149.01,0,Autumn,0,2025-10-01,264,78,4,39,69,858781.44,12,92.0,83.0,100.0,85.0,95.0
SKU019,2025-10-20,84,404867.4,4819.85,0,Product 019,Lighting,Organizer,2024-07-12,2670.84,4819.85,2149.01,1,Autumn,0,2025-10-01,264,78,4,39,69,858781.44,19,96.0,92.0,105.0,86.0,94.0
SKU019,2025-10-27,91,438606.35,4819.85,1,Product 019,Lighting,Organizer,2024-07-12,2670.84,4819.85,2149.01,0,Autumn,1,2025-10-01,264,78,4,39,69,858781.44,26,84.0,96.0,83.0,98.0,88.75
SKU019,2025-11-03,103,496444.55,4819.85,1,Product 019,Lighting,Organizer,2024-07-12,2670.84,4819.85,2149.01,0,Autumn,1,2025-11-01,121,2,3,37,56,393608.16,2,91.0,84.0,92.0,95.0,90.75
SKU019,2025-11-10,112,539823.2,4819.85,1,Product 019,Lighting,Organizer,2024-07-12,2670.84,4819.85,2149.01,0,Autumn,1,2025-11-01,121,2,3,37,56,393608.16,9,103.0,91.0,96.0,112.0,93.5
SKU019,2025-11-17,110,530183.5,4819.85,1,Product 019,Lighting,Organizer,2024-07-12,2670.84,4819.85,2149.01,0,Autumn,1,2025-11-01,121,2,3,37,56,393608.16,16,112.0,103.0,84.0,113.0,97.5
SKU019,2025-11-24,88,424146.80000000005,4819.85,1,Product 019,Lighting,Organizer,2024-07-12,2670.84,4819.85,2149.01,0,Autumn,1,2025-11-01,121,2,3,37,56,393608.16,23,110.0,112.0,91.0,110.0,104.0
SKU019,2025-12-01,103,496444.55,4819.85,0,Product 019,Lighting,Organizer,2024-07-12,2670.84,4819.85,2149.01,0,Winter,0,2025-12-01,227,114,14,25,126,738421.92,0,88.0,110.0,103.0,120.0,103.25
SKU019,2025-12-08,96,462705.6,4819.85,0,Product 019,Lighting,Organizer,2024-07-12,2670.84,4819.85,2149.01,0,Winter,0,2025-12-01,227,114,14,25,126,738421.92,7,103.0,88.0,112.0,97.0,103.25
SKU019,2025-12-15,107,515723.95,4819.85,0,Product 019,Lighting,Organizer,2024-07-12,2670.84,4819.85,2149.01,0,Winter,0,2025-12-01,227,114,14,25,126,738421.92,14,96.0,103.0,110.0,106.0,99.25
SKU019,2025-12-22,104,501264.4,4819.85,0,Product 019,Lighting,Organizer,2024-07-12,2670.84,4819.85,2149.01,1,Winter,0,2025-12-01,227,114,14,25,126,738421.92,21,107.0,96.0,88.0,86.0,98.5
SKU020,2024-01-01,92,358573.68,3897.54,0,Product 020,Storage,Sofa,2023-05-11,6700.01,3897.54,-2802.47,0,Winter,0,2024-01-01,31,17,3,5,10,171719.54,0,,,,,
SKU020,2024-01-08,102,397549.08,3897.54,0,Product 020,Storage,Sofa,2023-05-11,6700.01,3897.54,-2802.47,0,Winter,0,2024-01-01,31,17,3,5,10,171719.54,7,92.0,,,,
SKU020,2024-01-15,100,389754.0,3897.54,0,Product 020,Storage,Sofa,2023-05-11,6700.01,3897.54,-2802.47,0,Winter,0,2024-01-01,31,17,3,5,10,171719.54,14,102.0,92.0,,,
SKU020,2024-01-22,92,358573.68,3897.54,0,Product 020,Storage,Sofa,2023-05-11,6700.01,3897.54,-2802.47,1,Winter,0,2024-01-01,31,17,3,5,10,171719.54,21,100.0,102.0,,,
SKU020,2024-01-29,94,366368.76,3897.54,0,Product 020,Storage,Sofa,2023-05-11,6700.01,3897.54,-2802.47,0,Winter,0,2024-01-01,31,17,3,5,10,171719.54,28,92.0,100.0,92.0,,96.5
SKU020,2024-02-05,118,459909.72,3897.54,0,Product 020,Storage,Sofa,2023-05-11,6700.01,3897.54,-2802.47,0,Winter,0,2024-02-01,643,650,7,204,468,3561795.62,4,94.0,92.0,102.0,,97.0
SKU020,2024-02-12,114,444319.56,3897.54,0,Product 020,Storage,Sofa,2023-05-11,6700.01,3897.54,-2802.47,0,Winter,0,2024-02-01,643,650,7,204,468,3561795.62,11,118.0,94.0,100.0,,101.0
SKU020,2024-02-19,108,420934.32,3897.54,0,Product 020,Storage,Sofa,2023-05-11,6700.01,3897.54,-2802.47,0,Winter,0,2024-02-01,643,650,7,204,468,3561795.62,18,114.0,118.0,92.0,,104.5
SKU020,2024-02-26,117,456012.18,3897.54,1,Product 020,Storage,Sofa,2023-05-11,6700.01,3897.54,-2802.47,0,Winter,1,2024-02-01,643,650,7,204,468,3561795.62,25,108.0,114.0,94.0,,108.5
SKU020,2024-03-04,120,467704.8,3897.54,1,Product 020,Storage,Sofa,2023-05-11,6700.01,3897.54,-2802.47,0,Spring,1,2024-03-01,736,121,3,272,396,4076954.24,3,117.0,108.0,118.0,,114.25
SKU020,2024-03-11,123,479397.42,3897.54,1,Product 020,Storage,Sofa,2023-05-11,6700.01,3897.54,-2802.47,0,Spring,1,2024-03-01,736,121,3,272,396,4076954.24,10,120.0,117.0,114.0,,114.75
SKU020,2024-03-18,119,463807.26,3897.54,1,Product 020,Storage,Sofa,2023-05-11,6700.01,3897.54,-2802.47,0,Spring,1,2024-03-01,736,121,3,272,396,4076954.24,17,123.0,120.0,108.0,,117.0
SKU020,2024-03-25,104,405344.16000000003,3897.54,1,Product 020,Storage,Sofa,2023-05-11,6700.01,3897.54,-2802.47,0,Spring,1,2024-03-01,736,121,3,272,396,4076954.24,24,119.0,123.0,117.0,,119.75
SKU020,2024-04-01,97,378061.38,3897.54,0,Product 020,Storage,Sofa,2023-05-11,6700.01,3897.54,-2802.47,0,Spring,0,2024-04-01,1186,802,9,374,803,6569657.24,0,104.0,119.0,120.0,,116.5
SKU020,2024-04-08,105,409241.7,3897.54,0,Product 020,Storage,Sofa,2023-05-11,6700.01,3897.54,-2802.47,0,Spring,0,2024-04-01,1186,802,9,374,803,6569657.24,7,97.0,104.0,123.0,,110.75
SKU020,2024-04-15,122,475499.88,3897.54,0,Product 020,Storage,Sofa,2023-05-11,6700.01,3897.54,-2802.47,0,Spring,0,2024-04-01,1186,802,9,374,803,6569657.24,14,105.0,97.0,119.0,,106.25
SKU020,2024-04-22,97,378061.38,3897.54,0,Product 020,Storage,Sofa,2023-05-11,6700.01,3897.54,-2802.47,0,Spring,0,2024-04-01,1186,802,9,374,803,6569657.24,21,122.0,105.0,104.0,,107.0
SKU020,2024-04-29,90,350778.6,3897.54,0,Product 020,Storage,Sofa,2023-05-11,6700.01,3897.54,-2802.47,0,Spring,0,2024-04-01,1186,802,9,374,803,6569657.24,28,97.0,122.0,97.0,,105.25
SKU020,2024-05-06,100,389754.0,3897.54,0,Product 020,Storage,Sofa,2023-05-11,6700.01,3897.54,-2802.47,0,Summer,0,2024-05-01,332,591,6,181,439,1839060.88,5,90.0,97.0,105.0,,103.5
SKU020,2024-05-13,110,428729.4,3897.54,0,Product 020,Storage,Sofa,2023-05-11,6700.01,3897.54,-2802.47,0,Summer,0,2024-05-01,332,591,6,181,439,1839060.88,12,100.0,90.0,122.0,,102.25
SKU020,2024-05-20,120,467704.80000000005,3897.54,0,Product 020,Storage,Sofa,2023-05-11,6700.01,3897.54,-2802.47,0,Summer,0,2024-05-01,332,591,6,181,439,1839060.88,19,110.0,100.0,97.0,,99.25
SKU020,2024-05-27,117,456012.18,3897.54,1,Product 020,Storage,Sofa,2023-05-11,6700.01,3897.54,-2802.47,0,Summer,1,2024-05-01,332,591,6,181,439,1839060.88,26,120.0,110.0,90.0,,105.0
SKU020,2024-06-03,104,405344.16,3897.54,1,Product 020,Storage,Sofa,2023-05-11,6700.01,3897.54,-2802.47,0,Summer,1,2024-06-01,382,448,6,284,532,2116027.88,2,117.0,120.0,100.0,,111.75
SKU020,2024-06-10,127,494987.57999999996,3897.54,1,Product 020,Storage,Sofa,2023-05-11,6700.01,3897.54,-2802.47,0,Summer,1,2024-06-01,382,448,6,284,532,2116027.88,9,104.0,117.0,110.0,,112.75
SKU020,2024-06-17,122,475499.88,3897.54,1,Product 020,Storage,Sofa,2023-05-11,6700.01,3897.54,-2802.47,0,Summer,1,2024-06-01,382,448,6,284,532,2116027.88,16,127.0,104.0,120.0,,117.0
SKU020,2024-06-24,113,440422.02,3897.54,1,Product 020,Storage,Sofa,2023-05-11,6700.01,3897.54,-2802.47,0,Summer,1,2024-06-01,382,448,6,284,532,2116027.88,23,122.0,127.0,117.0,,117.5
SKU020,2024-07-01,94,366368.76,3897.54,0,Product 020,Storage,Sofa,2023-05-11,6700.01,3897.54,-2802.47,0,Monsoon,0,2024-07-01,658,732,10,346,807,3644885.72,0,113.0,122.0,104.0,,116.5
SKU020,2024-07-08,96,374163.83999999997,3897.54,0,Product 020,Storage,Sofa,2023-05-11,6700.01,3897.54,-2802.47,0,Monsoon,0,2024-07-01,658,732,10,346,807,3644885.72,7,94.0,113.0,127.0,,114.0
SKU020,2024-07-15,112,436524.48,3897.54,0,Product 020,Storage,Sofa,2023-05-11,6700.01,3897.54,-2802.47,0,Monsoon,0,2024-07-01,658,732,10,346,807,3644885.72,14,96.0,94.0,122.0,,106.25
SKU020,2024-07-22,97,378061.38,3897.54,0,Product 020,Storage,Sofa,2023-05-11,6700.01,3897.54,-2802.47,0,Monsoon,0,2024-07-01,658,732,10,346,807,3644885.72,21,112.0,96.0,113.0,,103.75
SKU020,2024-07-29,102,397549.08,3897.54,0,Product 020,Storage,Sofa,2023-05-11,6700.01,3897.54,-2802.47,0,Monsoon,0,2024-07-01,658,732,10,346,807,3644885.72,28,97.0,112.0,94.0,,99.75
SKU020,2024-08-05,88,342983.52,3897.54,0,Product 020,Storage,Sofa,2023-05-11,6700.01,3897.54,-2802.47,0,Monsoon,0,2024-08-01,565,30,11,268,656,3129727.1,4,102.0,97.0,96.0,,101.75
SKU020,2024-08-12,96,374163.83999999997,3897.54,0,Product 020,Storage,Sofa,2023-05-11,6700.01,3897.54,-2802.47,1,Monsoon,0,2024-08-01,565,30,11,268,656,3129727.1,11,88.0,102.0,112.0,,99.75
SKU020,2024-08-19,95,370266.3,3897.54,0,Product 020,Storage,Sofa,2023-05-11,6700.01,3897.54,-2802.47,0,Monsoon,0,2024-08-01,565,30,11,268,656,3129727.1,18,96.0,88.0,97.0,,95.75
SKU020,2024-08-26,102,397549.08,3897.54,1,Product 020,Storage,Sofa,2023-05-11,6700.01,3897.54,-2802.47,0,Monsoon,1,2024-08-01,565,30,11,268,656,3129727.1,25,95.0,96.0,102.0,,95.25
SKU020,2024-09-02,84,327393.36,3897.54,1,Product 020,Storage,Sofa,2023-05-11,6700.01,3897.54,-2802.47,0,Monsoon,1,2024-09-01,627,424,6,173,386,3473166.18,1,102.0,95.0,88.0,,95.25
SKU020,2024-09-09,69,268930.26,3897.54,1,Product 020,Storage,Sofa,2023-05-11,6700.01,3897.54,-2802.47,0,Monsoon,1,2024-09-01,627,424,6,173,386,3473166.18,8,84.0,102.0,96.0,,94.25
SKU020,2024-09-16,83,323495.82,3897.54,1,Product 020,Storage,Sofa,2023-05-11,6700.01,3897.54,-2802.47,0,Monsoon,1,2024-09-01,627,424,6,173,386,3473166.18,15,69.0,84.0,95.0,,87.5
SKU020,2024-09-23,80,311803.2,3897.54,1,Product 020,Storage,Sofa,2023-05-11,6700.01,3897.54,-2802.47,0,Monsoon,1,2024-09-01,627,424,6,173,386,3473166.18,22,83.0,69.0,102.0,,84.5
SKU020,2024-09-30,77,300110.58,3897.54,0,Product 020,Storage,Sofa,2023-05-11,6700.01,3897.54,-2802.47,0,Monsoon,0,2024-09-01,627,424,6,173,386,3473166.18,29,80.0,83.0,84.0,,79.0
SKU020,2024-10-07,83,323495.82,3897.54,0,Product 020,Storage,Sofa,2023-05-11,6700.01,3897.54,-2802.47,0,Autumn,0,2024-10-01,674,413,4,103,235,3733515.16,6,77.0,80.0,69.0,,77.25
SKU020,2024-10-14,92,358573.68,3897.54,0,Product 020,Storage,Sofa,2023-05-11,6700.01,3897.54,-2802.47,0,Autumn,0,2024-10-01,674,413,4,103,235,3733515.16,13,83.0,77.0,83.0,,80.75
SKU020,2024-10-21,83,323495.82,3897.54,0,Product 020,Storage,Sofa,2023-05-11,6700.01,3897.54,-2802.47,0,Autumn,0,2024-10-01,674,413,4,103,235,3733515.16,20,92.0,83.0,80.0,,83.0
SKU020,2024-10-28,71,276725.34,3897.54,1,Product 020,Storage,Sofa,2023-05-11,6700.01,3897.54,-2802.47,1,Autumn,1,2024-10-01,674,413,4,103,235,3733515.16,27,83.0,92.0,77.0,,83.75
SKU020,2024-11-04,81,315700.74,3897.54,1,Product 020,Storage,Sofa,2023-05-11,6700.01,3897.54,-2802.47,0,Autumn,1,2024-11-01,342,717,11,167,517,1894454.28,3,71.0,83.0,83.0,,82.25
SKU020,2024-11-11,87,339085.98,3897.54,1,Product 020,Storage,Sofa,2023-05-11,6700.01,3897.54,-2802.47,0,Autumn,1,2024-11-01,342,717,11,167,517,1894454.28,10,81.0,71.0,92.0,,81.75
SKU020,2024-11-18,69,268930.26,3897.54,1,Product 020,Storage,Sofa,2023-05-11,6700.01,3897.54,-2802.47,0,Autumn,1,2024-11-01,342,717,11,167,517,1894454.28,17,87.0,81.0,83.0,,80.5
SKU020,2024-11-25,84,327393.36,3897.54,1,Product 020,Storage,Sofa,2023-05-11,6700.01,3897.54,-2802.47,0,Autumn,1,2024-11-01,342,717,11,167,517,1894454.28,24,69.0,87.0,71.0,,77.0
SKU020,2024-12-02,88,342983.52,3897.54,0,Product 020,Storage,Sofa,2023-05-11,6700.01,3897.54,-2802.47,0,Winter,0,2024-12-01,881,266,6,184,378,4880158.54,1,84.0,69.0,81.0,,80.25
SKU020,2024-12-09,80,311803.2,3897.54,0,Product 020,Storage,Sofa,2023-05-11,6700.01,3897.54,-2802.47,0,Winter,0,2024-12-01,881,266,6,184,378,4880158.54,8,88.0,84.0,87.0,,82.0
SKU020,2024-12-16,81,315700.74,3897.54,0,Product 020,Storage,Sofa,2023-05-11,6700.01,3897.54,-2802.47,0,Winter,0,2024-12-01,881,266,6,184,378,4880158.54,15,80.0,88.0,69.0,,80.25
SKU020,2024-12-23,87,339085.98,3897.54,0,Product 020,Storage,Sofa,2023-05-11,6700.01,3897.54,-2802.47,1,Winter,0,2024-12-01,881,266,6,184,378,4880158.54,22,81.0,80.0,84.0,,83.25
SKU020,2024-12-30,93,362471.22,3897.54,0,Product 020,Storage,Sofa,2023-05-11,6700.01,3897.54,-2802.47,0,Winter,0,2024-12-01,881,266,6,184,378,4880158.54,29,87.0,81.0,88.0,92.0,84.0
SKU020,2025-01-06,83,323495.82,3897.54,0,Product 020,Storage,Sofa,2023-05-11,6700.01,3897.54,-2802.47,0,Winter,0,2025-01-01,785,165,11,167,538,4348381.9,5,93.0,87.0,80.0,102.0,85.25
SKU020,2025-01-13,95,370266.3,3897.54,0,Product 020,Storage,Sofa,2023-05-11,6700.01,3897.54,-2802.47,0,Winter,0,2025-01-01,785,165,11,167,538,4348381.9,12,83.0,93.0,81.0,100.0,86.0
SKU020,2025-01-20,100,389754.0,3897.54,0,Product 020,Storage,Sofa,2023-05-11,6700.01,3897.54,-2802.47,1,Winter,0,2025-01-01,785,165,11,167,538,4348381.9,19,95.0,83.0,87.0,92.0,89.5
SKU020,2025-01-27,79,307905.66,3897.54,0,Product 020,Storage,Sofa,2023-05-11,6700.01,3897.54,-2802.47,0,Winter,0,2025-01-01,785,165,11,167,538,4348381.9,26,100.0,95.0,93.0,94.0,92.75
SKU020,2025-02-03,93,362471.22,3897.54,0,Product 020,Storage,Sofa,2023-05-11,6700.01,3897.54,-2802.47,0,Winter,0,2025-02-01,491,30,5,283,475,2719815.94,2,79.0,100.0,83.0,118.0,89.25
SKU020,2025-02-10,105,409241.7,3897.54,0,Product 020,Storage,Sofa,2023-05-11,6700.01,3897.54,-2802.47,0,Winter,0,2025-02-01,491,30,5,283,475,2719815.94,9,93.0,79.0,95.0,114.0,91.75
SKU020,2025-02-17,97,378061.38,3897.54,0,Product 020,Storage,Sofa,2023-05-11,6700.01,3897.54,-2802.47,0,Winter,0,2025-02-01,491,30,5,283,475,2719815.94,16,105.0,93.0,100.0,108.0,94.25
SKU020,2025-02-24,95,370266.3,3897.54,1,Product 020,Storage,Sofa,2023-05-11,6700.01,3897.54,-2802.47,0,Winter,1,2025-02-01,491,30,5,283,475,2719815.94,23,97.0,105.0,79.0,117.0,93.5
SKU020,2025-03-03,119,463807.26,3897.54,1,Product 020,Storage,Sofa,2023-05-11,6700.01,3897.54,-2802.47,0,Spring,1,2025-03-01,487,36,3,153,274,2697658.58,2,95.0,97.0,93.0,120.0,97.5
SKU020,2025-03-10,105,409241.69999999995,3897.54,1,Product 020,Storage,Sofa,2023-05-11,6700.01,3897.54,-2802.47,0,Spring,1,2025-03-01,487,36,3,153,274,2697658.58,9,119.0,95.0,105.0,123.0,104.0
SKU020,2025-03-17,101,393651.54,3897.54,1,Product 020,Storage,Sofa,2023-05-11,6700.01,3897.54,-2802.47,0,Spring,1,2025-03-01,487,36,3,153,274,2697658.58,16,105.0,119.0,97.0,119.0,104.0
SKU020,2025-03-24,111,432626.94,3897.54,1,Product 020,Storage,Sofa,2023-05-11,6700.01,3897.54,-2802.47,0,Spring,1,2025-03-01,487,36,3,153,274,2697658.58,23,101.0,105.0,95.0,104.0,105.0
SKU020,2025-03-31,132,514475.28,3897.54,0,Product 020,Storage,Sofa,2023-05-11,6700.01,3897.54,-2802.47,0,Spring,0,2025-03-01,487,36,3,153,274,2697658.58,30,111.0,101.0,119.0,97.0,109.0
SKU020,2025-04-07,107,417036.77999999997,3897.54,0,Product 020,Storage,Sofa,2023-05-11,6700.01,3897.54,-2802.47,0,Spring,0,2025-04-01,1040,1007,5,296,524,5760913.6,6,132.0,111.0,105.0,105.0,112.25
SKU020,2025-04-14,117,456012.18,3897.54,0,Product 020,Storage,Sofa,2023-05-11,6700.01,3897.54,-2802.47,0,Spring,0,2025-04-01,1040,1007,5,296,524,5760913.6,13,107.0,132.0,101.0,122.0,112.75
SKU020,2025-04-21,111,432626.94,3897.54,0,Product 020,Storage,Sofa,2023-05-11,6700.01,3897.54,-2802.47,0,Spring,0,2025-04-01,1040,1007,5,296,524,5760913.6,20,117.0,107.0,111.0,97.0,116.75
SKU020,2025-04-28,107,417036.77999999997,3897.54,0,Product 020,Storage,Sofa,2023-05-11,6700.01,3897.54,-2802.47,0,Spring,0,2025-04-01,1040,1007,5,296,524,5760913.6,27,111.0,117.0,132.0,90.0,116.75
SKU020,2025-05-05,115,448217.1,3897.54,0,Product 020,Storage,Sofa,2023-05-11,6700.01,3897.54,-2802.47,0,Summer,0,2025-05-01,1083,486,8,325,675,5999105.22,4,107.0,111.0,107.0,100.0,110.5
SKU020,2025-05-12,110,428729.4,3897.54,0,Product 020,Storage,Sofa,2023-05-11,6700.01,3897.54,-2802.47,0,Summer,0,2025-05-01,1083,486,8,325,675,5999105.22,11,115.0,107.0,117.0,110.0,112.5
SKU020,2025-05-19,105,409241.7,3897.54,0,Product 020,Storage,Sofa,2023-05-11,6700.01,3897.54,-2802.47,0,Summer,0,2025-05-01,1083,486,8,325,675,5999105.22,18,110.0,115.0,111.0,120.0,110.75
SKU020,2025-05-26,112,436524.48,3897.54,1,Product 020,Storage,Sofa,2023-05-11,6700.01,3897.54,-2802.47,0,Summer,1,2025-05-01,1083,486,8,325,675,5999105.22,25,105.0,110.0,107.0,117.0,109.25
SKU020,2025-06-02,111,432626.93999999994,3897.54,1,Product 020,Storage,Sofa,2023-05-11,6700.01,3897.54,-2802.47,0,Summer,1,2025-06-01,1031,884,6,265,511,5711059.54,1,112.0,105.0,115.0,104.0,110.5
SKU020,2025-06-09,89,346881.06,3897.54,1,Product 020,Storage,Sofa,2023-05-11,6700.01,3897.54,-2802.47,0,Summer,1,2025-06-01,1031,884,6,265,511,5711059.54,8,111.0,112.0,110.0,127.0,109.5
SKU020,2025-06-16,116,452114.63999999996,3897.54,1,Product 020,Storage,Sofa,2023-05-11,6700.01,3897.54,-2802.47,0,Summer,1,2025-06-01,1031,884,6,265,511,5711059.54,15,89.0,111.0,105.0,122.0,104.25
SKU020,2025-06-23,104,405344.16000000003,3897.54,1,Product 020,Storage,Sofa,2023-05-11,6700.01,3897.54,-2802.47,0,Summer,1,2025-06-01,1031,884,6,265,511,5711059.54,22,116.0,89.0,112.0,113.0,107.0
SKU020,2025-06-30,104,405344.16000000003,3897.54,0,Product 020,Storage,Sofa,2023-05-11,6700.01,3897.54,-2802.47,0,Summer,0,2025-06-01,1031,884,6,265,511,5711059.54,29,104.0,116.0,111.0,94.0,105.0
SKU020,2025-07-07,89,346881.06,3897.54,0,Product 020,Storage,Sofa,2023-05-11,6700.01,3897.54,-2802.47,0,Monsoon,0,2025-07-01,568,558,5,194,415,3146345.12,6,104.0,104.0,89.0,96.0,103.25
SKU020,2025-07-14,97,378061.38,3897.54,0,Product 020,Storage,Sofa,2023-05-11,6700.01,3897.54,-2802.47,0,Monsoon,0,2025-07-01,568,558,5,194,415,3146345.12,13,89.0,104.0,116.0,112.0,103.25
SKU020,2025-07-21,96,374163.83999999997,3897.54,0,Product 020,Storage,Sofa,2023-05-11,6700.01,3897.54,-2802.47,0,Monsoon,0,2025-07-01,568,558,5,194,415,3146345.12,20,97.0,89.0,104.0,97.0,98.5
SKU020,2025-07-28,69,268930.26,3897.54,0,Product 020,Storage,Sofa,2023-05-11,6700.01,3897.54,-2802.47,0,Monsoon,0,2025-07-01,568,558,5,194,415,3146345.12,27,96.0,97.0,104.0,102.0,96.5
SKU020,2025-08-04,94,366368.76,3897.54,0,Product 020,Storage,Sofa,2023-05-11,6700.01,3897.54,-2802.47,0,Monsoon,0,2025-08-01,636,223,5,117,292,3523020.24,3,69.0,96.0,89.0,88.0,87.75
SKU020,2025-08-11,87,339085.98,3897.54,0,Product 020,Storage,Sofa,2023-05-11,6700.01,3897.54,-2802.47,1,Monsoon,0,2025-08-01,636,223,5,117,292,3523020.24,10,94.0,69.0,97.0,96.0,89.0
SKU020,2025-08-18,99,385856.46,3897.54,0,Product 020,Storage,Sofa,2023-05-11,6700.01,3897.54,-2802.47,0,Monsoon,0,2025-08-01,636,223,5,117,292,3523020.24,17,87.0,94.0,96.0,95.0,86.5
SKU020,2025-08-25,74,288417.96,3897.54,0,Product 020,Storage,Sofa,2023-05-11,6700.01,3897.54,-2802.47,0,Monsoon,0,2025-08-01,636,223,5,117,292,3523020.24,24,99.0,87.0,69.0,102.0,87.25
SKU020,2025-09-01,97,378061.38,3897.54,1,Product 020,Storage,Sofa,2023-05-11,6700.01,3897.54,-2802.47,0,Monsoon,1,2025-09-01,851,406,5,246,413,4713978.34,0,74.0,99.0,94.0,84.0,88.5
SKU020,2025-09-08,91,354676.14,3897.54,1,Product 020,Storage,Sofa,2023-05-11,6700.01,3897.54,-2802.47,0,Monsoon,1,2025-09-01,851,406,5,246,413,4713978.34,7,97.0,74.0,87.0,69.0,89.25
SKU020,2025-09-15,79,307905.66000000003,3897.54,1,Product 020,Storage,Sofa,2023-05-11,6700.01,3897.54,-2802.47,0,Monsoon,1,2025-09-01,851,406,5,246,413,4713978.34,14,91.0,97.0,99.0,83.0,90.25
SKU020,2025-09-22,86,335188.44,3897.54,1,Product 020,Storage,Sofa,2023-05-11,6700.01,3897.54,-2802.47,0,Monsoon,1,2025-09-01,851,406,5,246,413,4713978.34,21,79.0,91.0,74.0,80.0,85.25
SKU020,2025-09-29,75,292315.5,3897.54,0,Product 020,Storage,Sofa,2023-05-11,6700.01,3897.54,-2802.47,0,Monsoon,0,2025-09-01,851,406,5,246,413,4713978.34,28,86.0,79.0,97.0,77.0,88.25
SKU020,2025-10-06,107,417036.78,3897.54,0,Product 020,Storage,Sofa,2023-05-11,6700.01,3897.54,-2802.47,0,Autumn,0,2025-10-01,774,183,4,101,230,4287449.16,5,75.0,86.0,91.0,83.0,82.75
SKU020,2025-10-13,74,288417.96,3897.54,0,Product 020,Storage,Sofa,2023-05-11,6700.01,3897.54,-2802.47,0,Autumn,0,2025-10-01,774,183,4,101,230,4287449.16,12,107.0,75.0,79.0,92.0,86.75
SKU020,2025-10-20,88,342983.52,3897.54,0,Product 020,Storage,Sofa,2023-05-11,6700.01,3897.54,-2802.47,1,Autumn,0,2025-10-01,774,183,4,101,230,4287449.16,19,74.0,107.0,86.0,83.0,85.5
SKU020,2025-10-27,101,393651.54,3897.54,1,Product 020,Storage,Sofa,2023-05-11,6700.01,3897.54,-2802.47,0,Autumn,1,2025-10-01,774,183,4,101,230,4287449.16,26,88.0,74.0,75.0,71.0,86.0
SKU020,2025-11-03,78,304008.12,3897.54,1,Product 020,Storage,Sofa,2023-05-11,6700.01,3897.54,-2802.47,0,Autumn,1,2025-11-01,338,826,11,105,434,1872296.92,2,101.0,88.0,107.0,81.0,92.5
SKU020,2025-11-10,92,358573.68,3897.54,1,Product 020,Storage,Sofa,2023-05-11,6700.01,3897.54,-2802.47,0,Autumn,1,2025-11-01,338,826,11,105,434,1872296.92,9,78.0,101.0,74.0,87.0,85.25
SKU020,2025-11-17,81,315700.74,3897.54,1,Product 020,Storage,Sofa,2023-05-11,6700.01,3897.54,-2802.47,0,Autumn,1,2025-11-01,338,826,11,105,434,1872296.92,16,92.0,78.0,88.0,69.0,89.75
SKU020,2025-11-24,97,378061.38,3897.54,1,Product 020,Storage,Sofa,2023-05-11,6700.01,3897.54,-2802.47,0,Autumn,1,2025-11-01,338,826,11,105,434,1872296.92,23,81.0,92.0,101.0,84.0,88.0
SKU020,2025-12-01,85,331290.9,3897.54,0,Product 020,Storage,Sofa,2023-05-11,6700.01,3897.54,-2802.47,0,Winter,0,2025-12-01,1002,353,3,129,227,5550418.68,0,97.0,81.0,78.0,88.0,87.0
SKU020,2025-12-08,82,319598.27999999997,3897.54,0,Product 020,Storage,Sofa,2023-05-11,6700.01,3897.54,-2802.47,0,Winter,0,2025-12-01,1002,353,3,129,227,5550418.68,7,85.0,97.0,92.0,80.0,88.75
SKU020,2025-12-15,74,288417.95999999996,3897.54,0,Product 020,Storage,Sofa,2023-05-11,6700.01,3897.54,-2802.47,0,Winter,0,2025-12-01,1002,353,3,129,227,5550418.68,14,82.0,85.0,81.0,81.0,86.25
SKU020,2025-12-22,99,385856.46,3897.54,0,Product 020,Storage,Sofa,2023-05-11,6700.01,3897.54,-2802.47,1,Winter,0,2025-12-01,1002,353,3,129,227,5550418.68,21,74.0,82.0,97.0,87.0,84.5
SKU021,2024-01-01,50,385564.0,7711.28,0,Product 021,Furniture,Chair,2023-07-05,6486.92,7711.28,1224.36,0,Winter,0,2024-01-01,26,17,4,5,10,7983.56,0,,,,,
SKU021,2024-01-08,65,501233.2,7711.28,0,Product 021,Furniture,Chair,2023-07-05,6486.92,7711.28,1224.36,0,Winter,0,2024-01-01,26,17,4,5,10,7983.56,7,50.0,,,,
SKU021,2024-01-15,51,393275.28,7711.28,0,Product 021,Furniture,Chair,2023-07-05,6486.92,7711.28,1224.36,0,Winter,0,2024-01-01,26,17,4,5,10,7983.56,14,65.0,50.0,,,
SKU021,2024-01-22,50,385564.0,7711.28,0,Product 021,Furniture,Chair,2023-07-05,6486.92,7711.28,1224.36,1,Winter,0,2024-01-01,26,17,4,5,10,7983.56,21,51.0,65.0,,,
SKU021,2024-01-29,71,547500.88,7711.28,0,Product 021,Furniture,Chair,2023-07-05,6486.92,7711.28,1224.36,0,Winter,0,2024-01-01,26,17,4,5,10,7983.56,28,50.0,51.0,50.0,,54.0
SKU021,2024-02-05,54,416409.12,7711.28,0,Product 021,Furniture,Chair,2023-07-05,6486.92,7711.28,1224.36,0,Winter,0,2024-02-01,194,11,13,46,137,59569.64,4,71.0,50.0,65.0,,59.25
SKU021,2024-02-12,67,516655.76,7711.28,0,Product 021,Furniture,Chair,2023-07-05,6486.92,7711.28,1224.36,0,Winter,0,2024-02-01,194,11,13,46,137,59569.64,11,54.0,71.0,51.0,,56.5
SKU021,2024-02-19,71,547500.88,7711.28,0,Product 021,Furniture,Chair,2023-07-05,6486.92,7711.28,1224.36,0,Winter,0,2024-02-01,194,11,13,46,137,59569.64,18,67.0,54.0,50.0,,60.5
SKU021,2024-02-26,68,524367.04,7711.28,1,Product 021,Furniture,Chair,2023-07-05,6486.92,7711.28,1224.36,0,Winter,1,2024-02-01,194,11,13,46,137,59569.64,25,71.0,67.0,71.0,,65.75
SKU021,2024-03-04,79,609191.12,7711.28,1,Product 021,Furniture,Chair,2023-07-05,6486.92,7711.28,1224.36,0,Spring,1,2024-03-01,146,114,6,25,70,44830.76,3,68.0,71.0,54.0,,65.0
SKU021,2024-03-11,77,593768.56,7711.28,1,Product 021,Furniture,Chair,2023-07-05,6486.92,7711.28,1224.36,0,Spring,1,2024-03-01,146,114,6,25,70,44830.76,10,79.0,68.0,67.0,,71.25
SKU021,2024-03-18,59,454965.52,7711.28,1,Product 021,Furniture,Chair,2023-07-05,6486.92,7711.28,1224.36,0,Spring,1,2024-03-01,146,114,6,25,70,44830.76,17,77.0,79.0,71.0,,73.75
SKU021,2024-03-25,65,501233.2,7711.28,1,Product 021,Furniture,Chair,2023-07-05,6486.92,7711.28,1224.36,0,Spring,1,2024-03-01,146,114,6,25,70,44830.76,24,59.0,77.0,68.0,,70.75
SKU021,2024-04-01,54,416409.12,7711.28,0,Product 021,Furniture,Chair,2023-07-05,6486.92,7711.28,1224.36,0,Spring,0,2024-04-01,191,113,10,32,120,58648.46,0,65.0,59.0,79.0,,70.0
SKU021,2024-04-08,62,478099.36,7711.28,0,Product 021,Furniture,Chair,2023-07-05,6486.92,7711.28,1224.36,0,Spring,0,2024-04-01,191,113,10,32,120,58648.46,7,54.0,65.0,77.0,,63.75
SKU021,2024-04-15,80,616902.4,7711.28,0,Product 021,Furniture,Chair,2023-07-05,6486.92,7711.28,1224.36,0,Spring,0,2024-04-01,191,113,10,32,120,58648.46,14,62.0,54.0,59.0,,60.0
SKU021,2024-04-22,74,570634.72,7711.28,0,Product 021,Furniture,Chair,2023-07-05,6486.92,7711.28,1224.36,0,Spring,0,2024-04-01,191,113,10,32,120,58648.46,21,80.0,62.0,65.0,,65.25
SKU021,2024-04-29,79,609191.12,7711.28,0,Product 021,Furniture,Chair,2023-07-05,6486.92,7711.28,1224.36,0,Spring,0,2024-04-01,191,113,10,32,120,58648.46,28,74.0,80.0,54.0,,67.5
SKU021,2024-05-06,67,516655.76,7711.28,0,Product 021,Furniture,Chair,2023-07-05,6486.92,7711.28,1224.36,0,Summer,0,2024-05-01,168,17,7,42,96,51586.08,5,79.0,74.0,62.0,,73.75
SKU021,2024-05-13,70,539789.6,7711.28,0,Product 021,Furniture,Chair,2023-07-05,6486.92,7711.28,1224.36,0,Summer,0,2024-05-01,168,17,7,42,96,51586.08,12,67.0,79.0,80.0,,75.0
SKU021,2024-05-20,61,470388.08,7711.28,0,Product 021,Furniture,Chair,2023-07-05,6486.92,7711.28,1224.36,0,Summer,0,2024-05-01,168,17,7,42,96,51586.08,19,70.0,67.0,74.0,,72.5
SKU021,2024-05-27,73,562923.4400000001,7711.28,1,Product 021,Furniture,Chair,2023-07-05,6486.92,7711.28,1224.36,0,Summer,1,2024-05-01,168,17,7,42,96,51586.08,26,61.0,70.0,79.0,,69.25
SKU021,2024-06-03,59,454965.52,7711.28,1,Product 021,Furniture,Chair,2023-07-05,6486.92,7711.28,1224.36,0,Summer,1,2024-06-01,164,103,3,45,66,50357.84,2,73.0,61.0,67.0,,67.75
SKU021,2024-06-10,76,586057.28,7711.28,1,Product 021,Furniture,Chair,2023-07-05,6486.92,7711.28,1224.36,0,Summer,1,2024-06-01,164,103,3,45,66,50357.84,9,59.0,73.0,70.0,,65.75
SKU021,2024-06-17,56,431831.68,7711.28,1,Product 021,Furniture,Chair,2023-07-05,6486.92,7711.28,1224.36,0,Summer,1,2024-06-01,164,103,3,45,66,50357.84,16,76.0,59.0,61.0,,67.25
SKU021,2024-06-24,56,431831.68,7711.28,1,Product 021,Furniture,Chair,2023-07-05,6486.92,7711.28,1224.36,0,Summer,1,2024-06-01,164,103,3,45,66,50357.84,23,56.0,76.0,73.0,,66.0
SKU021,2024-07-01,60,462676.8,7711.28,0,Product 021,Furniture,Chair,2023-07-05,6486.92,7711.28,1224.36,0,Monsoon,0,2024-07-01,262,102,12,27,121,80449.72,0,56.0,56.0,59.0,,61.75
SKU021,2024-07-08,53,408697.84,7711.28,0,Product 021,Furniture,Chair,2023-07-05,6486.92,7711.28,1224.36,0,Monsoon,0,2024-07-01,262,102,12,27,121,80449.72,7,60.0,56.0,76.0,,62.0
SKU021,2024-07-15,63,485810.64,7711.28,0,Product 021,Furniture,Chair,2023-07-05,6486.92,7711.28,1224.36,0,Monsoon,0,2024-07-01,262,102,12,27,121,80449.72,14,53.0,60.0,56.0,,56.25
SKU021,2024-07-22,55,424120.4,7711.28,0,Product 021,Furniture,Chair,2023-07-05,6486.92,7711.28,1224.36,0,Monsoon,0,2024-07-01,262,102,12,27,121,80449.72,21,63.0,53.0,56.0,,58.0
SKU021,2024-07-29,55,424120.4,7711.28,0,Product 021,Furniture,Chair,2023-07-05,6486.92,7711.28,1224.36,0,Monsoon,0,2024-07-01,262,102,12,27,121,80449.72,28,55.0,63.0,60.0,,57.75
SKU021,2024-08-05,52,400986.56,7711.28,0,Product 021,Furniture,Chair,2023-07-05,6486.92,7711.28,1224.36,0,Monsoon,0,2024-08-01,191,58,9,27,81,58648.46,4,55.0,55.0,53.0,,56.5
SKU021,2024-08-12,68,524367.04,7711.28,0,Product 021,Furniture,Chair,2023-07-05,6486.92,7711.28,1224.36,1,Monsoon,0,2024-08-01,191,58,9,27,81,58648.46,11,52.0,55.0,63.0,,56.25
SKU021,2024-08-19,59,454965.52,7711.28,0,Product 021,Furniture,Chair,2023-07-05,6486.92,7711.28,1224.36,0,Monsoon,0,2024-08-01,191,58,9,27,81,58648.46,18,68.0,52.0,55.0,,57.5
SKU021,2024-08-26,53,408697.83999999997,7711.28,1,Product 021,Furniture,Chair,2023-07-05,6486.92,7711.28,1224.36,0,Monsoon,1,2024-08-01,191,58,9,27,81,58648.46,25,59.0,68.0,55.0,,58.5
SKU021,2024-09-02,52,400986.56,7711.28,1,Product 021,Furniture,Chair,2023-07-05,6486.92,7711.28,1224.36,0,Monsoon,1,2024-09-01,184,10,3,25,41,56499.04,1,53.0,59.0,52.0,,58.0
SKU021,2024-09-09,55,424120.4,7711.28,1,Product 021,Furniture,Chair,2023-07-05,6486.92,7711.28,1224.36,0,Monsoon,1,2024-09-01,184,10,3,25,41,56499.04,8,52.0,53.0,68.0,,58.0
SKU021,2024-09-16,48,370141.44,7711.28,1,Product 021,Furniture,Chair,2023-07-05,6486.92,7711.28,1224.36,0,Monsoon,1,2024-09-01,184,10,3,25,41,56499.04,15,55.0,52.0,59.0,,54.75
SKU021,2024-09-23,61,470388.08,7711.28,1,Product 021,Furniture,Chair,2023-07-05,6486.92,7711.28,1224.36,0,Monsoon,1,2024-09-01,184,10,3,25,41,56499.04,22,48.0,55.0,53.0,,52.0
SKU021,2024-09-30,50,385564.0,7711.28,0,Product 021,Furniture,Chair,2023-07-05,6486.92,7711.28,1224.36,0,Monsoon,0,2024-09-01,184,10,3,25,41,56499.04,29,61.0,48.0,52.0,,54.0
SKU021,2024-10-07,39,300739.92,7711.28,0,Product 021,Furniture,Chair,2023-07-05,6486.92,7711.28,1224.36,0,Autumn,0,2024-10-01,214,117,14,46,134,65710.84,6,50.0,61.0,55.0,,53.5
SKU021,2024-10-14,43,331585.04,7711.28,0,Product 021,Furniture,Chair,2023-07-05,6486.92,7711.28,1224.36,0,Autumn,0,2024-10-01,214,117,14,46,134,65710.84,13,39.0,50.0,48.0,,49.5
SKU021,2024-10-21,55,424120.4,7711.28,0,Product 021,Furniture,Chair,2023-07-05,6486.92,7711.28,1224.36,0,Autumn,0,2024-10-01,214,117,14,46,134,65710.84,20,43.0,39.0,61.0,,48.25
SKU021,2024-10-28,58,447254.24,7711.28,1,Product 021,Furniture,Chair,2023-07-05,6486.92,7711.28,1224.36,1,Autumn,1,2024-10-01,214,117,14,46,134,65710.84,27,55.0,43.0,50.0,,46.75
SKU021,2024-11-04,58,447254.24,7711.28,1,Product 021,Furniture,Chair,2023-07-05,6486.92,7711.28,1224.36,0,Autumn,1,2024-11-01,40,119,9,16,66,12282.4,3,58.0,55.0,39.0,,48.75
SKU021,2024-11-11,63,485810.64,7711.28,1,Product 021,Furniture,Chair,2023-07-05,6486.92,7711.28,1224.36,0,Autumn,1,2024-11-01,40,119,9,16,66,12282.4,10,58.0,58.0,43.0,,53.5
SKU021,2024-11-18,54,416409.12,7711.28,1,Product 021,Furniture,Chair,2023-07-05,6486.92,7711.28,1224.36,0,Autumn,1,2024-11-01,40,119,9,16,66,12282.4,17,63.0,58.0,55.0,,58.5
SKU021,2024-11-25,37,285317.36,7711.28,1,Product 021,Furniture,Chair,2023-07-05,6486.92,7711.28,1224.36,0,Autumn,1,2024-11-01,40,119,9,16,66,12282.4,24,54.0,63.0,58.0,,58.25
SKU021,2024-12-02,55,424120.4,7711.28,0,Product 021,Furniture,Chair,2023-07-05,6486.92,7711.28,1224.36,0,Winter,0,2024-12-01,151,101,5,28,58,46366.06,1,37.0,54.0,58.0,,53.0
SKU021,2024-12-09,63,485810.64,7711.28,0,Product 021,Furniture,Chair,2023-07-05,6486.92,7711.28,1224.36,0,Winter,0,2024-12-01,151,101,5,28,58,46366.06,8,55.0,37.0,63.0,,52.25
SKU021,2024-12-16,50,385564.0,7711.28,0,Product 021,Furniture,Chair,2023-07-05,6486.92,7711.28,1224.36,0,Winter,0,2024-12-01,151,101,5,28,58,46366.06,15,63.0,55.0,54.0,,52.25
SKU021,2024-12-23,54,416409.12,7711.28,0,Product 021,Furniture,Chair,2023-07-05,6486.92,7711.28,1224.36,1,Winter,0,2024-12-01,151,101,5,28,58,46366.06,22,50.0,63.0,37.0,,51.25
SKU021,2024-12-30,48,370141.44,7711.28,0,Product 021,Furniture,Chair,2023-07-05,6486.92,7711.28,1224.36,0,Winter,0,2024-12-01,151,101,5,28,58,46366.06,29,54.0,50.0,55.0,50.0,55.5
SKU021,2025-01-06,63,485810.64,7711.28,0,Product 021,Furniture,Chair,2023-07-05,6486.92,7711.28,1224.36,0,Winter,0,2025-01-01,116,112,9,47,104,35618.96,5,48.0,54.0,63.0,65.0,53.75
SKU021,2025-01-13,60,462676.80000000005,7711.28,0,Product 021,Furniture,Chair,2023-07-05,6486.92,7711.28,1224.36,0,Winter,0,2025-01-01,116,112,9,47,104,35618.96,12,63.0,48.0,50.0,51.0,53.75
SKU021,2025-01-20,57,439542.96,7711.28,0,Product 021,Furniture,Chair,2023-07-05,6486.92,7711.28,1224.36,1,Winter,0,2025-01-01,116,112,9,47,104,35618.96,19,60.0,63.0,54.0,50.0,56.25
SKU021,2025-01-27,73,562923.4400000001,7711.28,0,Product 021,Furniture,Chair,2023-07-05,6486.92,7711.28,1224.36,0,Winter,0,2025-01-01,116,112,9,47,104,35618.96,26,57.0,60.0,48.0,71.0,57.0
SKU021,2025-02-03,63,485810.64,7711.28,0,Product 021,Furniture,Chair,2023-07-05,6486.92,7711.28,1224.36,0,Winter,0,2025-02-01,100,89,3,40,57,30706.0,2,73.0,57.0,63.0,54.0,63.25
SKU021,2025-02-10,73,562923.4400000001,7711.28,0,Product 021,Furniture,Chair,2023-07-05,6486.92,7711.28,1224.36,0,Winter,0,2025-02-01,100,89,3,40,57,30706.0,9,63.0,73.0,60.0,67.0,63.25
SKU021,2025-02-17,63,485810.64,7711.28,0,Product 021,Furniture,Chair,2023-07-05,6486.92,7711.28,1224.36,0,Winter,0,2025-02-01,100,89,3,40,57,30706.0,16,73.0,63.0,57.0,71.0,66.5
SKU021,2025-02-24,78,601479.84,7711.28,1,Product 021,Furniture,Chair,2023-07-05,6486.92,7711.28,1224.36,0,Winter,1,2025-02-01,100,89,3,40,57,30706.0,23,63.0,73.0,73.0,68.0,68.0
SKU021,2025-03-03,59,454965.52,7711.28,1,Product 021,Furniture,Chair,2023-07-05,6486.92,7711.28,1224.36,0,Spring,1,2025-03-01,131,179,8,42,95,40224.86,2,78.0,63.0,63.0,79.0,69.25
SKU021,2025-03-10,64,493521.92,7711.28,1,Product 021,Furniture,Chair,2023-07-05,6486.92,7711.28,1224.36,0,Spring,1,2025-03-01,131,179,8,42,95,40224.86,9,59.0,78.0,73.0,77.0,68.25
SKU021,2025-03-17,75,578346.0,7711.28,1,Product 021,Furniture,Chair,2023-07-05,6486.92,7711.28,1224.36,0,Spring,1,2025-03-01,131,179,8,42,95,40224.86,16,64.0,59.0,63.0,59.0,66.0
SKU021,2025-03-24,76,586057.28,7711.28,1,Product 021,Furniture,Chair,2023-07-05,6486.92,7711.28,1224.36,0,Spring,1,2025-03-01,131,179,8,42,95,40224.86,23,75.0,64.0,78.0,65.0,69.0
SKU021,2025-03-31,68,524367.04,7711.28,0,Product 021,Furniture,Chair,2023-07-05,6486.92,7711.28,1224.36,0,Spring,0,2025-03-01,131,179,8,42,95,40224.86,30,76.0,75.0,59.0,54.0,68.5
SKU021,2025-04-07,50,385564.0,7711.28,0,Product 021,Furniture,Chair,2023-07-05,6486.92,7711.28,1224.36,0,Spring,0,2025-04-01,89,68,5,60,98,27328.34,6,68.0,76.0,64.0,62.0,70.75
SKU021,2025-04-14,66,508944.48,7711.28,0,Product 021,Furniture,Chair,2023-07-05,6486.92,7711.28,1224.36,0,Spring,0,2025-04-01,89,68,5,60,98,27328.34,13,50.0,68.0,75.0,80.0,67.25
SKU021,2025-04-21,61,470388.08,7711.28,0,Product 021,Furniture,Chair,2023-07-05,6486.92,7711.28,1224.36,0,Spring,0,2025-04-01,89,68,5,60,98,27328.34,20,66.0,50.0,76.0,74.0,65.0
SKU021,2025-04-28,66,508944.48,7711.28,0,Product 021,Furniture,Chair,2023-07-05,6486.92,7711.28,1224.36,0,Spring,0,2025-04-01,89,68,5,60,98,27328.34,27,61.0,66.0,68.0,79.0,61.25
SKU021,2025-05-05,79,609191.12,7711.28,0,Product 021,Furniture,Chair,2023-07-05,6486.92,7711.28,1224.36,0,Summer,0,2025-05-01,123,197,11,32,122,37768.38,4,66.0,61.0,50.0,67.0,60.75
SKU021,2025-05-12,72,555212.16,7711.28,0,Product 021,Furniture,Chair,2023-07-05,6486.92,7711.28,1224.36,0,Summer,0,2025-05-01,123,197,11,32,122,37768.38,11,79.0,66.0,66.0,70.0,68.0
SKU021,2025-05-19,70,539789.6,7711.28,0,Product 021,Furniture,Chair,2023-07-05,6486.92,7711.28,1224.36,0,Summer,0,2025-05-01,123,197,11,32,122,37768.38,18,72.0,79.0,61.0,61.0,69.5
SKU021,2025-05-26,71,547500.88,7711.28,1,Product 021,Furniture,Chair,2023-07-05,6486.92,7711.28,1224.36,0,Summer,1,2025-05-01,123,197,11,32,122,37768.38,25,70.0,72.0,66.0,73.0,71.75
SKU021,2025-06-02,77,593768.5599999999,7711.28,1,Product 021,Furniture,Chair,2023-07-05,6486.92,7711.28,1224.36,0,Summer,1,2025-06-01,248,70,4,37,66,76150.88,1,71.0,70.0,79.0,59.0,73.0
SKU021,2025-06-09,79,609191.12,7711.28,1,Product 021,Furniture,Chair,2023-07-05,6486.92,7711.28,1224.36,0,Summer,1,2025-06-01,248,70,4,37,66,76150.88,8,77.0,71.0,72.0,76.0,72.5
SKU021,2025-06-16,67,516655.76,7711.28,1,Product 021,Furniture,Chair,2023-07-05,6486.92,7711.28,1224.36,0,Summer,1,2025-06-01,248,70,4,37,66,76150.88,15,79.0,77.0,70.0,56.0,74.25
SKU021,2025-06-23,69,532078.32,7711.28,1,Product 021,Furniture,Chair,2023-07-05,6486.92,7711.28,1224.36,0,Summer,1,2025-06-01,248,70,4,37,66,76150.88,22,67.0,79.0,71.0,56.0,73.5
SKU021,2025-06-30,57,439542.96,7711.28,0,Product 021,Furniture,Chair,2023-07-05,6486.92,7711.28,1224.36,0,Summer,0,2025-06-01,248,70,4,37,66,76150.88,29,69.0,67.0,77.0,60.0,73.0
SKU021,2025-07-07,68,524367.04,7711.28,0,Product 021,Furniture,Chair,2023-07-05,6486.92,7711.28,1224.36,0,Monsoon,0,2025-07-01,286,38,8,64,132,87819.16,6,57.0,69.0,79.0,53.0,68.0
SKU021,2025-07-14,58,447254.24,7711.28,0,Product 021,Furniture,Chair,2023-07-05,6486.92,7711.28,1224.36,0,Monsoon,0,2025-07-01,286,38,8,64,132,87819.16,13,68.0,57.0,67.0,63.0,65.25
SKU021,2025-07-21,62,478099.36,7711.28,0,Product 021,Furniture,Chair,2023-07-05,6486.92,7711.28,1224.36,0,Monsoon,0,2025-07-01,286,38,8,64,132,87819.16,20,58.0,68.0,69.0,55.0,63.0
SKU021,2025-07-28,54,416409.12,7711.28,0,Product 021,Furniture,Chair,2023-07-05,6486.92,7711.28,1224.36,0,Monsoon,0,2025-07-01,286,38,8,64,132,87819.16,27,62.0,58.0,57.0,55.0,61.25
SKU021,2025-08-04,60,462676.8,7711.28,0,Product 021,Furniture,Chair,2023-07-05,6486.92,7711.28,1224.36,0,Monsoon,0,2025-08-01,33,8,6,48,86,10132.98,3,54.0,62.0,68.0,52.0,60.5
SKU021,2025-08-11,54,416409.12,7711.28,0,Product 021,Furniture,Chair,2023-07-05,6486.92,7711.28,1224.36,1,Monsoon,0,2025-08-01,33,8,6,48,86,10132.98,10,60.0,54.0,58.0,68.0,58.5
SKU021,2025-08-18,60,462676.8,7711.28,0,Product 021,Furniture,Chair,2023-07-05,6486.92,7711.28,1224.36,0,Monsoon,0,2025-08-01,33,8,6,48,86,10132.98,17,54.0,60.0,62.0,59.0,57.5
SKU021,2025-08-25,43,331585.04,7711.28,0,Product 021,Furniture,Chair,2023-07-05,6486.92,7711.28,1224.36,0,Monsoon,0,2025-08-01,33,8,6,48,86,10132.98,24,60.0,54.0,54.0,53.0,57.0
SKU021,2025-09-01,47,362430.16000000003,7711.28,1,Product 021,Furniture,Chair,2023-07-05,6486.92,7711.28,1224.36,0,Monsoon,1,2025-09-01,89,123,9,21,74,27328.34,0,43.0,60.0,60.0,52.0,54.25
SKU021,2025-09-08,55,424120.4,7711.28,1,Product 021,Furniture,Chair,2023-07-05,6486.92,7711.28,1224.36,0,Monsoon,1,2025-09-01,89,123,9,21,74,27328.34,7,47.0,43.0,54.0,55.0,51.0
SKU021,2025-09-15,55,424120.4,7711.28,1,Product 021,Furniture,Chair,2023-07-05,6486.92,7711.28,1224.36,0,Monsoon,1,2025-09-01,89,123,9,21,74,27328.34,14,55.0,47.0,60.0,48.0,51.25
SKU021,2025-09-22,53,408697.83999999997,7711.28,1,Product 021,Furniture,Chair,2023-07-05,6486.92,7711.28,1224.36,0,Monsoon,1,2025-09-01,89,123,9,21,74,27328.34,21,55.0,55.0,43.0,61.0,50.0
SKU021,2025-09-29,35,269894.8,7711.28,0,Product 021,Furniture,Chair,2023-07-05,6486.92,7711.28,1224.36,0,Monsoon,0,2025-09-01,89,123,9,21,74,27328.34,28,53.0,55.0,47.0,50.0,52.5
SKU021,2025-10-06,48,370141.44,7711.28,0,Product 021,Furniture,Chair,2023-07-05,6486.92,7711.28,1224.36,0,Autumn,0,2025-10-01,101,48,6,34,73,31013.06,5,35.0,53.0,55.0,39.0,49.5
SKU021,2025-10-13,65,501233.2,7711.28,0,Product 021,Furniture,Chair,2023-07-05,6486.92,7711.28,1224.36,0,Autumn,0,2025-10-01,101,48,6,34,73,31013.06,12,48.0,35.0,55.0,43.0,47.75
SKU021,2025-10-20,44,339296.32,7711.28,0,Product 021,Furniture,Chair,2023-07-05,6486.92,7711.28,1224.36,1,Autumn,0,2025-10-01,101,48,6,34,73,31013.06,19,65.0,48.0,53.0,55.0,50.25
SKU021,2025-10-27,58,447254.24,7711.28,1,Product 021,Furniture,Chair,2023-07-05,6486.92,7711.28,1224.36,0,Autumn,1,2025-10-01,101,48,6,34,73,31013.06,26,44.0,65.0,35.0,58.0,48.0
SKU021,2025-11-03,46,354718.88,7711.28,1,Product 021,Furniture,Chair,2023-07-05,6486.92,7711.28,1224.36,0,Autumn,1,2025-11-01,56,194,13,40,113,17195.36,2,58.0,44.0,48.0,58.0,53.75
SKU021,2025-11-10,45,347007.60000000003,7711.28,1,Product 021,Furniture,Chair,2023-07-05,6486.92,7711.28,1224.36,0,Autumn,1,2025-11-01,56,194,13,40,113,17195.36,9,46.0,58.0,65.0,63.0,53.25
SKU021,2025-11-17,43,331585.04,7711.28,1,Product 021,Furniture,Chair,2023-07-05,6486.92,7711.28,1224.36,0,Autumn,1,2025-11-01,56,194,13,40,113,17195.36,16,45.0,46.0,44.0,54.0,48.25
SKU021,2025-11-24,47,362430.16000000003,7711.28,1,Product 021,Furniture,Chair,2023-07-05,6486.92,7711.28,1224.36,0,Autumn,1,2025-11-01,56,194,13,40,113,17195.36,23,43.0,45.0,58.0,37.0,48.0
SKU021,2025-12-01,52,400986.56,7711.28,0,Product 021,Furniture,Chair,2023-07-05,6486.92,7711.28,1224.36,0,Winter,0,2025-12-01,88,97,9,36,88,27021.28,0,47.0,43.0,46.0,55.0,45.25
SKU021,2025-12-08,59,454965.52,7711.28,0,Product 021,Furniture,Chair,2023-07-05,6486.92,7711.28,1224.36,0,Winter,0,2025-12-01,88,97,9,36,88,27021.28,7,52.0,47.0,45.0,63.0,46.75
SKU021,2025-12-15,47,362430.16000000003,7711.28,0,Product 021,Furniture,Chair,2023-07-05,6486.92,7711.28,1224.36,0,Winter,0,2025-12-01,88,97,9,36,88,27021.28,14,59.0,52.0,43.0,50.0,50.25
SKU021,2025-12-22,50,385564.0,7711.28,0,Product 021,Furniture,Chair,2023-07-05,6486.92,7711.28,1224.36,1,Winter,0,2025-12-01,88,97,9,36,88,27021.28,21,47.0,59.0,47.0,54.0,51.25
SKU022,2024-01-01,64,294209.92,4597.03,0,Product 022,Home Decor,Table,2023-02-12,3252.96,4597.03,1344.07,0,Winter,0,2024-01-01,32,20,6,6,12,172882.88,0,,,,,
SKU022,2024-01-08,72,330986.16000000003,4597.03,0,Product 022,Home Decor,Table,2023-02-12,3252.96,4597.03,1344.07,0,Winter,0,2024-01-01,32,20,6,6,12,172882.88,7,64.0,,,,
SKU022,2024-01-15,74,340180.22,4597.03,0,Product 022,Home Decor,Table,2023-02-12,3252.96,4597.03,1344.07,0,Winter,0,2024-01-01,32,20,6,6,12,172882.88,14,72.0,64.0,,,
SKU022,2024-01-22,74,340180.22,4597.03,0,Product 022,Home Decor,Table,2023-02-12,3252.96,4597.03,1344.07,1,Winter,0,2024-01-01,32,20,6,6,12,172882.88,21,74.0,72.0,,,
SKU022,2024-01-29,57,262030.71,4597.03,0,Product 022,Home Decor,Table,2023-02-12,3252.96,4597.03,1344.07,0,Winter,0,2024-01-01,32,20,6,6,12,172882.88,28,74.0,74.0,64.0,,71.0
SKU022,2024-02-05,87,399941.61,4597.03,0,Product 022,Home Decor,Table,2023-02-12,3252.96,4597.03,1344.07,0,Winter,0,2024-02-01,394,205,14,45,218,2128620.46,4,57.0,74.0,72.0,,69.25
SKU022,2024-02-12,80,367762.4,4597.03,0,Product 022,Home Decor,Table,2023-02-12,3252.96,4597.03,1344.07,0,Winter,0,2024-02-01,394,205,14,45,218,2128620.46,11,87.0,57.0,74.0,,73.0
SKU022,2024-02-19,69,317195.07,4597.03,0,Product 022,Home Decor,Table,2023-02-12,3252.96,4597.03,1344.07,0,Winter,0,2024-02-01,394,205,14,45,218,2128620.46,18,80.0,87.0,74.0,,74.5
SKU022,2024-02-26,96,441314.88,4597.03,1,Product 022,Home Decor,Table,2023-02-12,3252.96,4597.03,1344.07,0,Winter,1,2024-02-01,394,205,14,45,218,2128620.46,25,69.0,80.0,57.0,,73.25
SKU022,2024-03-04,73,335583.19,4597.03,1,Product 022,Home Decor,Table,2023-02-12,3252.96,4597.03,1344.07,0,Spring,1,2024-03-01,109,191,9,42,155,588882.31,3,96.0,69.0,87.0,,83.0
SKU022,2024-03-11,97,445911.91,4597.03,1,Product 022,Home Decor,Table,2023-02-12,3252.96,4597.03,1344.07,0,Spring,1,2024-03-01,109,191,9,42,155,588882.31,10,73.0,96.0,80.0,,79.5
SKU022,2024-03-18,75,344777.25,4597.03,1,Product 022,Home Decor,Table,2023-02-12,3252.96,4597.03,1344.07,0,Spring,1,2024-03-01,109,191,9,42,155,588882.31,17,97.0,73.0,69.0,,83.75
SKU022,2024-03-25,93,427523.79,4597.03,1,Product 022,Home Decor,Table,2023-02-12,3252.96,4597.03,1344.07,0,Spring,1,2024-03-01,109,191,9,42,155,588882.31,24,75.0,97.0,96.0,,85.25
SKU022,2024-04-01,82,376956.46,4597.03,0,Product 022,Home Decor,Table,2023-02-12,3252.96,4597.03,1344.07,0,Spring,0,2024-04-01,399,434,12,70,238,2155633.41,0,93.0,75.0,73.0,,84.5
SKU022,2024-04-08,100,459703.0,4597.03,0,Product 022,Home Decor,Table,2023-02-12,3252.96,4597.03,1344.07,0,Spring,0,2024-04-01,399,434,12,70,238,2155633.41,7,82.0,93.0,97.0,,86.75
SKU022,2024-04-15,73,335583.19,4597.03,0,Product 022,Home Decor,Table,2023-02-12,3252.96,4597.03,1344.07,0,Spring,0,2024-04-01,399,434,12,70,238,2155633.41,14,100.0,82.0,75.0,,87.5
SKU022,2024-04-22,96,441314.88,4597.03,0,Product 022,Home Decor,Table,2023-02-12,3252.96,4597.03,1344.07,0,Spring,0,2024-04-01,399,434,12,70,238,2155633.41,21,73.0,100.0,93.0,,87.0
SKU022,2024-04-29,87,399941.61,4597.03,0,Product 022,Home Decor,Table,2023-02-12,3252.96,4597.03,1344.07,0,Spring,0,2024-04-01,399,434,12,70,238,2155633.41,28,96.0,73.0,82.0,,87.75
SKU022,2024-05-06,83,381553.49,4597.03,0,Product 022,Home Decor,Table,2023-02-12,3252.96,4597.03,1344.07,0,Summer,0,2024-05-01,444,150,6,80,157,2398749.96,5,87.0,96.0,100.0,,89.0
SKU022,2024-05-13,84,386150.51999999996,4597.03,0,Product 022,Home Decor,Table,2023-02-12,3252.96,4597.03,1344.07,0,Summer,0,2024-05-01,444,150,6,80,157,2398749.96,12,83.0,87.0,73.0,,84.75
SKU022,2024-05-20,82,376956.46,4597.03,0,Product 022,Home Decor,Table,2023-02-12,3252.96,4597.03,1344.07,0,Summer,0,2024-05-01,444,150,6,80,157,2398749.96,19,84.0,83.0,96.0,,87.5
SKU022,2024-05-27,78,358568.33999999997,4597.03,1,Product 022,Home Decor,Table,2023-02-12,3252.96,4597.03,1344.07,0,Summer,1,2024-05-01,444,150,6,80,157,2398749.96,26,82.0,84.0,87.0,,84.0
SKU022,2024-06-03,63,289612.89,4597.03,1,Product 022,Home Decor,Table,2023-02-12,3252.96,4597.03,1344.07,0,Summer,1,2024-06-01,95,271,11,67,218,513246.05,2,78.0,82.0,83.0,,81.75
SKU022,2024-06-10,91,418329.73,4597.03,1,Product 022,Home Decor,Table,2023-02-12,3252.96,4597.03,1344.07,0,Summer,1,2024-06-01,95,271,11,67,218,513246.05,9,63.0,78.0,84.0,,76.75
SKU022,2024-06-17,94,432120.81999999995,4597.03,1,Product 022,Home Decor,Table,2023-02-12,3252.96,4597.03,1344.07,0,Summer,1,2024-06-01,95,271,11,67,218,513246.05,16,91.0,63.0,82.0,,78.5
SKU022,2024-06-24,76,349374.28,4597.03,1,Product 022,Home Decor,Table,2023-02-12,3252.96,4597.03,1344.07,0,Summer,1,2024-06-01,95,271,11,67,218,513246.05,23,94.0,91.0,78.0,,81.5
SKU022,2024-07-01,58,266627.74,4597.03,0,Product 022,Home Decor,Table,2023-02-12,3252.96,4597.03,1344.07,0,Monsoon,0,2024-07-01,486,26,8,90,202,2625658.74,0,76.0,94.0,63.0,,81.0
SKU022,2024-07-08,74,340180.22,4597.03,0,Product 022,Home Decor,Table,2023-02-12,3252.96,4597.03,1344.07,0,Monsoon,0,2024-07-01,486,26,8,90,202,2625658.74,7,58.0,76.0,91.0,,79.75
SKU022,2024-07-15,68,312598.04,4597.03,0,Product 022,Home Decor,Table,2023-02-12,3252.96,4597.03,1344.07,0,Monsoon,0,2024-07-01,486,26,8,90,202,2625658.74,14,74.0,58.0,94.0,,75.5
SKU022,2024-07-22,70,321792.1,4597.03,0,Product 022,Home Decor,Table,2023-02-12,3252.96,4597.03,1344.07,0,Monsoon,0,2024-07-01,486,26,8,90,202,2625658.74,21,68.0,74.0,76.0,,69.0
SKU022,2024-07-29,59,271224.77,4597.03,0,Product 022,Home Decor,Table,2023-02-12,3252.96,4597.03,1344.07,0,Monsoon,0,2024-07-01,486,26,8,90,202,2625658.74,28,70.0,68.0,58.0,,67.5
SKU022,2024-08-05,64,294209.92,4597.03,0,Product 022,Home Decor,Table,2023-02-12,3252.96,4597.03,1344.07,0,Monsoon,0,2024-08-01,199,177,4,88,137,1075115.41,4,59.0,70.0,74.0,,67.75
SKU022,2024-08-12,56,257433.68,4597.03,0,Product 022,Home Decor,Table,2023-02-12,3252.96,4597.03,1344.07,1,Monsoon,0,2024-08-01,199,177,4,88,137,1075115.41,11,64.0,59.0,68.0,,65.25
SKU022,2024-08-19,68,312598.04,4597.03,0,Product 022,Home Decor,Table,2023-02-12,3252.96,4597.03,1344.07,0,Monsoon,0,2024-08-01,199,177,4,88,137,1075115.41,18,56.0,64.0,70.0,,62.25
SKU022,2024-08-26,66,303403.98,4597.03,1,Product 022,Home Decor,Table,2023-02-12,3252.96,4597.03,1344.07,0,Monsoon,1,2024-08-01,199,177,4,88,137,1075115.41,25,68.0,56.0,59.0,,61.75
SKU022,2024-09-02,64,294209.92,4597.03,1,Product 022,Home Decor,Table,2023-02-12,3252.96,4597.03,1344.07,0,Monsoon,1,2024-09-01,393,426,13,74,222,2123217.87,1,66.0,68.0,64.0,,63.5
SKU022,2024-09-09,59,271224.77,4597.03,1,Product 022,Home Decor,Table,2023-02-12,3252.96,4597.03,1344.07,0,Monsoon,1,2024-09-01,393,426,13,74,222,2123217.87,8,64.0,66.0,56.0,,63.5
SKU022,2024-09-16,66,303403.98,4597.03,1,Product 022,Home Decor,Table,2023-02-12,3252.96,4597.03,1344.07,0,Monsoon,1,2024-09-01,393,426,13,74,222,2123217.87,15,59.0,64.0,68.0,,64.25
SKU022,2024-09-23,72,330986.16,4597.03,1,Product 022,Home Decor,Table,2023-02-12,3252.96,4597.03,1344.07,0,Monsoon,1,2024-09-01,393,426,13,74,222,2123217.87,22,66.0,59.0,66.0,,63.75
SKU022,2024-09-30,53,243642.59,4597.03,0,Product 022,Home Decor,Table,2023-02-12,3252.96,4597.03,1344.07,0,Monsoon,0,2024-09-01,393,426,13,74,222,2123217.87,29,72.0,66.0,64.0,,65.25
SKU022,2024-10-07,55,252836.65,4597.03,0,Product 022,Home Decor,Table,2023-02-12,3252.96,4597.03,1344.07,0,Autumn,0,2024-10-01,123,292,12,80,208,664518.57,6,53.0,72.0,59.0,,62.5
SKU022,2024-10-14,52,239045.56,4597.03,0,Product 022,Home Decor,Table,2023-02-12,3252.96,4597.03,1344.07,0,Autumn,0,2024-10-01,123,292,12,80,208,664518.57,13,55.0,53.0,66.0,,61.5
SKU022,2024-10-21,47,216060.41,4597.03,0,Product 022,Home Decor,Table,2023-02-12,3252.96,4597.03,1344.07,0,Autumn,0,2024-10-01,123,292,12,80,208,664518.57,20,52.0,55.0,72.0,,58.0
SKU022,2024-10-28,56,257433.68,4597.03,1,Product 022,Home Decor,Table,2023-02-12,3252.96,4597.03,1344.07,1,Autumn,1,2024-10-01,123,292,12,80,208,664518.57,27,47.0,52.0,53.0,,51.75
SKU022,2024-11-04,54,248239.62,4597.03,1,Product 022,Home Decor,Table,2023-02-12,3252.96,4597.03,1344.07,0,Autumn,1,2024-11-01,226,260,12,57,169,1220985.34,3,56.0,47.0,55.0,,52.5
SKU022,2024-11-11,69,317195.07,4597.03,1,Product 022,Home Decor,Table,2023-02-12,3252.96,4597.03,1344.07,0,Autumn,1,2024-11-01,226,260,12,57,169,1220985.34,10,54.0,56.0,52.0,,52.25
SKU022,2024-11-18,64,294209.92,4597.03,1,Product 022,Home Decor,Table,2023-02-12,3252.96,4597.03,1344.07,0,Autumn,1,2024-11-01,226,260,12,57,169,1220985.34,17,69.0,54.0,47.0,,56.5
SKU022,2024-11-25,61,280418.83,4597.03,1,Product 022,Home Decor,Table,2023-02-12,3252.96,4597.03,1344.07,0,Autumn,1,2024-11-01,226,260,12,57,169,1220985.34,24,64.0,69.0,56.0,,60.75
SKU022,2024-12-02,62,285015.86,4597.03,0,Product 022,Home Decor,Table,2023-02-12,3252.96,4597.03,1344.07,0,Winter,0,2024-12-01,224,291,14,60,206,1210180.16,1,61.0,64.0,54.0,,62.0
SKU022,2024-12-09,70,321792.1,4597.03,0,Product 022,Home Decor,Table,2023-02-12,3252.96,4597.03,1344.07,0,Winter,0,2024-12-01,224,291,14,60,206,1210180.16,8,62.0,61.0,69.0,,64.0
SKU022,2024-12-16,46,211463.38,4597.03,0,Product 022,Home Decor,Table,2023-02-12,3252.96,4597.03,1344.07,0,Winter,0,2024-12-01,224,291,14,60,206,1210180.16,15,70.0,62.0,64.0,,64.25
SKU022,2024-12-23,59,271224.77,4597.03,0,Product 022,Home Decor,Table,2023-02-12,3252.96,4597.03,1344.07,1,Winter,0,2024-12-01,224,291,14,60,206,1210180.16,22,46.0,70.0,61.0,,59.75
SKU022,2024-12-30,77,353971.31,4597.03,0,Product 022,Home Decor,Table,2023-02-12,3252.96,4597.03,1344.07,0,Winter,0,2024-12-01,224,291,14,60,206,1210180.16,29,59.0,46.0,62.0,64.0,59.25
SKU022,2025-01-06,77,353971.31,4597.03,0,Product 022,Home Decor,Table,2023-02-12,3252.96,4597.03,1344.07,0,Winter,0,2025-01-01,342,293,11,67,193,1847685.78,5,77.0,59.0,70.0,72.0,63.0
SKU022,2025-01-13,69,317195.07,4597.03,0,Product 022,Home Decor,Table,2023-02-12,3252.96,4597.03,1344.07,0,Winter,0,2025-01-01,342,293,11,67,193,1847685.78,12,77.0,77.0,46.0,74.0,64.75
SKU022,2025-01-20,79,363165.37,4597.03,0,Product 022,Home Decor,Table,2023-02-12,3252.96,4597.03,1344.07,1,Winter,0,2025-01-01,342,293,11,67,193,1847685.78,19,69.0,77.0,59.0,74.0,70.5
SKU022,2025-01-27,75,344777.25,4597.03,0,Product 022,Home Decor,Table,2023-02-12,3252.96,4597.03,1344.07,0,Winter,0,2025-01-01,342,293,11,67,193,1847685.78,26,79.0,69.0,77.0,57.0,75.5
SKU022,2025-02-03,75,344777.25,4597.03,0,Product 022,Home Decor,Table,2023-02-12,3252.96,4597.03,1344.07,0,Winter,0,2025-02-01,123,231,7,69,155,664518.57,2,75.0,79.0,77.0,87.0,75.0
SKU022,2025-02-10,86,395344.57999999996,4597.03,0,Product 022,Home Decor,Table,2023-02-12,3252.96,4597.03,1344.07,0,Winter,0,2025-02-01,123,231,7,69,155,664518.57,9,75.0,75.0,69.0,80.0,74.5
SKU022,2025-02-17,88,404538.64,4597.03,0,Product 022,Home Decor,Table,2023-02-12,3252.96,4597.03,1344.07,0,Winter,0,2025-02-01,123,231,7,69,155,664518.57,16,86.0,75.0,79.0,69.0,78.75
SKU022,2025-02-24,76,349374.27999999997,4597.03,1,Product 022,Home Decor,Table,2023-02-12,3252.96,4597.03,1344.07,0,Winter,1,2025-02-01,123,231,7,69,155,664518.57,23,88.0,86.0,75.0,96.0,81.0
SKU022,2025-03-03,78,358568.34,4597.03,1,Product 022,Home Decor,Table,2023-02-12,3252.96,4597.03,1344.07,0,Spring,1,2025-03-01,289,297,9,92,212,1561348.51,2,76.0,88.0,75.0,73.0,81.25
SKU022,2025-03-10,82,376956.45999999996,4597.03,1,Product 022,Home Decor,Table,2023-02-12,3252.96,4597.03,1344.07,0,Spring,1,2025-03-01,289,297,9,92,212,1561348.51,9,78.0,76.0,86.0,97.0,82.0
SKU022,2025-03-17,84,386150.52,4597.03,1,Product 022,Home Decor,Table,2023-02-12,3252.96,4597.03,1344.07,0,Spring,1,2025-03-01,289,297,9,92,212,1561348.51,16,82.0,78.0,88.0,75.0,81.0
SKU022,2025-03-24,87,399941.61,4597.03,1,Product 022,Home Decor,Table,2023-02-12,3252.96,4597.03,1344.07,0,Spring,1,2025-03-01,289,297,9,92,212,1561348.51,23,84.0,82.0,76.0,93.0,80.0
SKU022,2025-03-31,61,280418.83,4597.03,0,Product 022,Home Decor,Table,2023-02-12,3252.96,4597.03,1344.07,0,Spring,0,2025-03-01,289,297,9,92,212,1561348.51,30,87.0,84.0,78.0,82.0,82.75
SKU022,2025-04-07,67,308001.01,4597.03,0,Product 022,Home Decor,Table,2023-02-12,3252.96,4597.03,1344.07,0,Spring,0,2025-04-01,468,312,8,62,182,2528412.12,6,61.0,87.0,82.0,100.0,78.5
SKU022,2025-04-14,77,353971.31,4597.03,0,Product 022,Home Decor,Table,2023-02-12,3252.96,4597.03,1344.07,0,Spring,0,2025-04-01,468,312,8,62,182,2528412.12,13,67.0,61.0,84.0,73.0,74.75
SKU022,2025-04-21,81,372359.43,4597.03,0,Product 022,Home Decor,Table,2023-02-12,3252.96,4597.03,1344.07,0,Spring,0,2025-04-01,468,312,8,62,182,2528412.12,20,77.0,67.0,87.0,96.0,73.0
SKU022,2025-04-28,85,390747.55,4597.03,0,Product 022,Home Decor,Table,2023-02-12,3252.96,4597.03,1344.07,0,Spring,0,2025-04-01,468,312,8,62,182,2528412.12,27,81.0,77.0,61.0,87.0,71.5
SKU022,2025-05-05,69,317195.07,4597.03,0,Product 022,Home Decor,Table,2023-02-12,3252.96,4597.03,1344.07,0,Summer,0,2025-05-01,202,341,11,97,246,1091323.18,4,85.0,81.0,67.0,83.0,77.5
SKU022,2025-05-12,80,367762.39999999997,4597.03,0,Product 022,Home Decor,Table,2023-02-12,3252.96,4597.03,1344.07,0,Summer,0,2025-05-01,202,341,11,97,246,1091323.18,11,69.0,85.0,77.0,84.0,78.0
SKU022,2025-05-19,93,427523.79,4597.03,0,Product 022,Home Decor,Table,2023-02-12,3252.96,4597.03,1344.07,0,Summer,0,2025-05-01,202,341,11,97,246,1091323.18,18,80.0,69.0,81.0,82.0,78.75
SKU022,2025-05-26,90,413732.69999999995,4597.03,1,Product 022,Home Decor,Table,2023-02-12,3252.96,4597.03,1344.07,0,Summer,1,2025-05-01,202,341,11,97,246,1091323.18,25,93.0,80.0,85.0,78.0,81.75
SKU022,2025-06-02,89,409135.67,4597.03,1,Product 022,Home Decor,Table,2023-02-12,3252.96,4597.03,1344.07,0,Summer,1,2025-06-01,97,172,10,73,205,524051.23,1,90.0,93.0,69.0,63.0,83.0
SKU022,2025-06-09,90,413732.7,4597.03,1,Product 022,Home Decor,Table,2023-02-12,3252.96,4597.03,1344.07,0,Summer,1,2025-06-01,97,172,10,73,205,524051.23,8,89.0,90.0,80.0,91.0,88.0
SKU022,2025-06-16,86,395344.57999999996,4597.03,1,Product 022,Home Decor,Table,2023-02-12,3252.96,4597.03,1344.07,0,Summer,1,2025-06-01,97,172,10,73,205,524051.23,15,90.0,89.0,93.0,94.0,90.5
SKU022,2025-06-23,83,381553.49,4597.03,1,Product 022,Home Decor,Table,2023-02-12,3252.96,4597.03,1344.07,0,Summer,1,2025-06-01,97,172,10,73,205,524051.23,22,86.0,90.0,90.0,76.0,88.75
SKU022,2025-06-30,70,321792.1,4597.03,0,Product 022,Home Decor,Table,2023-02-12,3252.96,4597.03,1344.07,0,Summer,0,2025-06-01,97,172,10,73,205,524051.23,29,83.0,86.0,89.0,58.0,87.0
SKU022,2025-07-07,58,266627.74,4597.03,0,Product 022,Home Decor,Table,2023-02-12,3252.96,4597.03,1344.07,0,Monsoon,0,2025-07-01,83,171,5,79,152,448414.97,6,70.0,83.0,90.0,74.0,82.25
SKU022,2025-07-14,82,376956.46,4597.03,0,Product 022,Home Decor,Table,2023-02-12,3252.96,4597.03,1344.07,0,Monsoon,0,2025-07-01,83,171,5,79,152,448414.97,13,58.0,70.0,86.0,68.0,74.25
SKU022,2025-07-21,64,294209.92,4597.03,0,Product 022,Home Decor,Table,2023-02-12,3252.96,4597.03,1344.07,0,Monsoon,0,2025-07-01,83,171,5,79,152,448414.97,20,82.0,58.0,83.0,70.0,73.25
SKU022,2025-07-28,70,321792.1,4597.03,0,Product 022,Home Decor,Table,2023-02-12,3252.96,4597.03,1344.07,0,Monsoon,0,2025-07-01,83,171,5,79,152,448414.97,27,64.0,82.0,70.0,59.0,68.5
SKU022,2025-08-04,64,294209.92,4597.03,0,Product 022,Home Decor,Table,2023-02-12,3252.96,4597.03,1344.07,0,Monsoon,0,2025-08-01,74,116,13,60,211,399791.66,3,70.0,64.0,58.0,64.0,68.5
SKU022,2025-08-11,64,294209.92,4597.03,0,Product 022,Home Decor,Table,2023-02-12,3252.96,4597.03,1344.07,1,Monsoon,0,2025-08-01,74,116,13,60,211,399791.66,10,64.0,70.0,82.0,56.0,70.0
SKU022,2025-08-18,69,317195.07,4597.03,0,Product 022,Home Decor,Table,2023-02-12,3252.96,4597.03,1344.07,0,Monsoon,0,2025-08-01,74,116,13,60,211,399791.66,17,64.0,64.0,64.0,68.0,65.5
SKU022,2025-08-25,49,225254.47,4597.03,0,Product 022,Home Decor,Table,2023-02-12,3252.96,4597.03,1344.07,0,Monsoon,0,2025-08-01,74,116,13,60,211,399791.66,24,69.0,64.0,70.0,66.0,66.75
SKU022,2025-09-01,55,252836.65,4597.03,1,Product 022,Home Decor,Table,2023-02-12,3252.96,4597.03,1344.07,0,Monsoon,1,2025-09-01,332,76,8,43,133,1793659.88,0,49.0,69.0,64.0,64.0,61.5
SKU022,2025-09-08,67,308001.01,4597.03,1,Product 022,Home Decor,Table,2023-02-12,3252.96,4597.03,1344.07,0,Monsoon,1,2025-09-01,332,76,8,43,133,1793659.88,7,55.0,49.0,64.0,59.0,59.25
SKU022,2025-09-15,60,275821.8,4597.03,1,Product 022,Home Decor,Table,2023-02-12,3252.96,4597.03,1344.07,0,Monsoon,1,2025-09-01,332,76,8,43,133,1793659.88,14,67.0,55.0,69.0,66.0,60.0
SKU022,2025-09-22,61,280418.83,4597.03,1,Product 022,Home Decor,Table,2023-02-12,3252.96,4597.03,1344.07,0,Monsoon,1,2025-09-01,332,76,8,43,133,1793659.88,21,60.0,67.0,49.0,72.0,57.75
SKU022,2025-09-29,50,229851.5,4597.03,0,Product 022,Home Decor,Table,2023-02-12,3252.96,4597.03,1344.07,0,Monsoon,0,2025-09-01,332,76,8,43,133,1793659.88,28,61.0,60.0,55.0,53.0,60.75
SKU022,2025-10-06,54,248239.62,4597.03,0,Product 022,Home Decor,Table,2023-02-12,3252.96,4597.03,1344.07,0,Autumn,0,2025-10-01,89,217,8,54,140,480830.51,5,50.0,61.0,67.0,55.0,59.5
SKU022,2025-10-13,58,266627.74,4597.03,0,Product 022,Home Decor,Table,2023-02-12,3252.96,4597.03,1344.07,0,Autumn,0,2025-10-01,89,217,8,54,140,480830.51,12,54.0,50.0,60.0,52.0,56.25
SKU022,2025-10-20,51,234448.53,4597.03,0,Product 022,Home Decor,Table,2023-02-12,3252.96,4597.03,1344.07,1,Autumn,0,2025-10-01,89,217,8,54,140,480830.51,19,58.0,54.0,61.0,47.0,55.75
SKU022,2025-10-27,62,285015.86,4597.03,1,Product 022,Home Decor,Table,2023-02-12,3252.96,4597.03,1344.07,0,Autumn,1,2025-10-01,89,217,8,54,140,480830.51,26,51.0,58.0,50.0,56.0,53.25
SKU022,2025-11-03,44,202269.32,4597.03,1,Product 022,Home Decor,Table,2023-02-12,3252.96,4597.03,1344.07,0,Autumn,1,2025-11-01,118,383,14,73,226,637505.62,2,62.0,51.0,54.0,54.0,56.25
SKU022,2025-11-10,78,358568.33999999997,4597.03,1,Product 022,Home Decor,Table,2023-02-12,3252.96,4597.03,1344.07,0,Autumn,1,2025-11-01,118,383,14,73,226,637505.62,9,44.0,62.0,58.0,69.0,53.75
SKU022,2025-11-17,53,243642.59,4597.03,1,Product 022,Home Decor,Table,2023-02-12,3252.96,4597.03,1344.07,0,Autumn,1,2025-11-01,118,383,14,73,226,637505.62,16,78.0,44.0,51.0,64.0,58.75
SKU022,2025-11-24,69,317195.07,4597.03,1,Product 022,Home Decor,Table,2023-02-12,3252.96,4597.03,1344.07,0,Autumn,1,2025-11-01,118,383,14,73,226,637505.62,23,53.0,78.0,62.0,61.0,59.25
SKU022,2025-12-01,70,321792.1,4597.03,0,Product 022,Home Decor,Table,2023-02-12,3252.96,4597.03,1344.07,0,Winter,0,2025-12-01,95,194,8,76,163,513246.05,0,69.0,53.0,44.0,62.0,61.0
SKU022,2025-12-08,60,275821.8,4597.03,0,Product 022,Home Decor,Table,2023-02-12,3252.96,4597.03,1344.07,0,Winter,0,2025-12-01,95,194,8,76,163,513246.05,7,70.0,69.0,78.0,70.0,67.5
SKU022,2025-12-15,62,285015.86,4597.03,0,Product 022,Home Decor,Table,2023-02-12,3252.96,4597.03,1344.07,0,Winter,0,2025-12-01,95,194,8,76,163,513246.05,14,60.0,70.0,53.0,46.0,63.0
SKU022,2025-12-22,84,386150.52,4597.03,0,Product 022,Home Decor,Table,2023-02-12,3252.96,4597.03,1344.07,1,Winter,0,2025-12-01,95,194,8,76,163,513246.05,21,62.0,60.0,69.0,59.0,65.25
SKU023,2024-01-01,100,141674.0,1416.74,0,Product 023,Kitchen,Cushion,2022-07-20,2484.54,1416.74,-1067.8,0,Winter,0,2024-01-01,29,8,5,5,10,110391.4,0,,,,,
SKU023,2024-01-08,83,117589.42,1416.74,0,Product 023,Kitchen,Cushion,2022-07-20,2484.54,1416.74,-1067.8,0,Winter,0,2024-01-01,29,8,5,5,10,110391.4,7,100.0,,,,
SKU023,2024-01-15,97,137423.78,1416.74,0,Product 023,Kitchen,Cushion,2022-07-20,2484.54,1416.74,-1067.8,0,Winter,0,2024-01-01,29,8,5,5,10,110391.4,14,83.0,100.0,,,
SKU023,2024-01-22,100,141674.0,1416.74,0,Product 023,Kitchen,Cushion,2022-07-20,2484.54,1416.74,-1067.8,1,Winter,0,2024-01-01,29,8,5,5,10,110391.4,21,97.0,83.0,,,
SKU023,2024-01-29,126,178509.24,1416.74,0,Product 023,Kitchen,Cushion,2022-07-20,2484.54,1416.74,-1067.8,0,Winter,0,2024-01-01,29,8,5,5,10,110391.4,28,100.0,97.0,100.0,,95.0
SKU023,2024-02-05,126,178509.24,1416.74,0,Product 023,Kitchen,Cushion,2022-07-20,2484.54,1416.74,-1067.8,0,Winter,0,2024-02-01,46,153,14,61,183,175103.6,4,126.0,100.0,83.0,,101.5
SKU023,2024-02-12,109,154424.66,1416.74,0,Product 023,Kitchen,Cushion,2022-07-20,2484.54,1416.74,-1067.8,0,Winter,0,2024-02-01,46,153,14,61,183,175103.6,11,126.0,126.0,97.0,,112.25
SKU023,2024-02-19,99,140257.26,1416.74,0,Product 023,Kitchen,Cushion,2022-07-20,2484.54,1416.74,-1067.8,0,Winter,0,2024-02-01,46,153,14,61,183,175103.6,18,109.0,126.0,100.0,,115.25
SKU023,2024-02-26,114,161508.36,1416.74,1,Product 023,Kitchen,Cushion,2022-07-20,2484.54,1416.74,-1067.8,0,Winter,1,2024-02-01,46,153,14,61,183,175103.6,25,99.0,109.0,126.0,,115.0
SKU023,2024-03-04,136,192676.64,1416.74,1,Product 023,Kitchen,Cushion,2022-07-20,2484.54,1416.74,-1067.8,0,Spring,1,2024-03-01,151,321,14,59,203,574796.6,3,114.0,99.0,126.0,,112.0
SKU023,2024-03-11,137,194093.38,1416.74,1,Product 023,Kitchen,Cushion,2022-07-20,2484.54,1416.74,-1067.8,0,Spring,1,2024-03-01,151,321,14,59,203,574796.6,10,136.0,114.0,109.0,,114.5
SKU023,2024-03-18,99,140257.26,1416.74,1,Product 023,Kitchen,Cushion,2022-07-20,2484.54,1416.74,-1067.8,0,Spring,1,2024-03-01,151,321,14,59,203,574796.6,17,137.0,136.0,99.0,,121.5
SKU023,2024-03-25,117,165758.58000000002,1416.74,1,Product 023,Kitchen,Cushion,2022-07-20,2484.54,1416.74,-1067.8,0,Spring,1,2024-03-01,151,321,14,59,203,574796.6,24,99.0,137.0,114.0,,121.5
SKU023,2024-04-01,122,172842.28,1416.74,0,Product 023,Kitchen,Cushion,2022-07-20,2484.54,1416.74,-1067.8,0,Spring,0,2024-04-01,318,72,3,65,100,1210498.8,0,117.0,99.0,136.0,,122.25
SKU023,2024-04-08,132,187009.68,1416.74,0,Product 023,Kitchen,Cushion,2022-07-20,2484.54,1416.74,-1067.8,0,Spring,0,2024-04-01,318,72,3,65,100,1210498.8,7,122.0,117.0,137.0,,118.75
SKU023,2024-04-15,118,167175.32,1416.74,0,Product 023,Kitchen,Cushion,2022-07-20,2484.54,1416.74,-1067.8,0,Spring,0,2024-04-01,318,72,3,65,100,1210498.8,14,132.0,122.0,99.0,,117.5
SKU023,2024-04-22,102,144507.47999999998,1416.74,0,Product 023,Kitchen,Cushion,2022-07-20,2484.54,1416.74,-1067.8,0,Spring,0,2024-04-01,318,72,3,65,100,1210498.8,21,118.0,132.0,117.0,,122.25
SKU023,2024-04-29,102,144507.48,1416.74,0,Product 023,Kitchen,Cushion,2022-07-20,2484.54,1416.74,-1067.8,0,Spring,0,2024-04-01,318,72,3,65,100,1210498.8,28,102.0,118.0,122.0,,118.5
SKU023,2024-05-06,120,170008.8,1416.74,0,Product 023,Kitchen,Cushion,2022-07-20,2484.54,1416.74,-1067.8,0,Summer,0,2024-05-01,161,14,6,77,141,612862.6,5,102.0,102.0,132.0,,113.5
SKU023,2024-05-13,129,182759.46,1416.74,0,Product 023,Kitchen,Cushion,2022-07-20,2484.54,1416.74,-1067.8,0,Summer,0,2024-05-01,161,14,6,77,141,612862.6,12,120.0,102.0,118.0,,110.5
SKU023,2024-05-20,101,143090.74,1416.74,0,Product 023,Kitchen,Cushion,2022-07-20,2484.54,1416.74,-1067.8,0,Summer,0,2024-05-01,161,14,6,77,141,612862.6,19,129.0,120.0,102.0,,113.25
SKU023,2024-05-27,123,174259.02000000002,1416.74,1,Product 023,Kitchen,Cushion,2022-07-20,2484.54,1416.74,-1067.8,0,Summer,1,2024-05-01,161,14,6,77,141,612862.6,26,101.0,129.0,102.0,,113.0
SKU023,2024-06-03,116,164341.84000000003,1416.74,1,Product 023,Kitchen,Cushion,2022-07-20,2484.54,1416.74,-1067.8,0,Summer,1,2024-06-01,370,55,3,82,116,1408442.0,2,123.0,101.0,120.0,,118.25
SKU023,2024-06-10,114,161508.36,1416.74,1,Product 023,Kitchen,Cushion,2022-07-20,2484.54,1416.74,-1067.8,0,Summer,1,2024-06-01,370,55,3,82,116,1408442.0,9,116.0,123.0,129.0,,117.25
SKU023,2024-06-17,124,175675.76,1416.74,1,Product 023,Kitchen,Cushion,2022-07-20,2484.54,1416.74,-1067.8,0,Summer,1,2024-06-01,370,55,3,82,116,1408442.0,16,114.0,116.0,101.0,,113.5
SKU023,2024-06-24,118,167175.32,1416.74,1,Product 023,Kitchen,Cushion,2022-07-20,2484.54,1416.74,-1067.8,0,Summer,1,2024-06-01,370,55,3,82,116,1408442.0,23,124.0,114.0,123.0,,119.25
SKU023,2024-07-01,109,154424.66,1416.74,0,Product 023,Kitchen,Cushion,2022-07-20,2484.54,1416.74,-1067.8,0,Monsoon,0,2024-07-01,251,157,4,86,132,955456.6,0,118.0,124.0,116.0,,118.0
SKU023,2024-07-08,88,124673.12,1416.74,0,Product 023,Kitchen,Cushion,2022-07-20,2484.54,1416.74,-1067.8,0,Monsoon,0,2024-07-01,251,157,4,86,132,955456.6,7,109.0,118.0,114.0,,116.25
SKU023,2024-07-15,102,144507.48,1416.74,0,Product 023,Kitchen,Cushion,2022-07-20,2484.54,1416.74,-1067.8,0,Monsoon,0,2024-07-01,251,157,4,86,132,955456.6,14,88.0,109.0,124.0,,109.75
SKU023,2024-07-22,109,154424.66,1416.74,0,Product 023,Kitchen,Cushion,2022-07-20,2484.54,1416.74,-1067.8,0,Monsoon,0,2024-07-01,251,157,4,86,132,955456.6,21,102.0,88.0,118.0,,104.25
SKU023,2024-07-29,105,148757.7,1416.74,0,Product 023,Kitchen,Cushion,2022-07-20,2484.54,1416.74,-1067.8,0,Monsoon,0,2024-07-01,251,157,4,86,132,955456.6,28,109.0,102.0,109.0,,102.0
SKU023,2024-08-05,105,148757.7,1416.74,0,Product 023,Kitchen,Cushion,2022-07-20,2484.54,1416.74,-1067.8,0,Monsoon,0,2024-08-01,272,223,13,48,167,1035395.2,4,105.0,109.0,88.0,,101.0
SKU023,2024-08-12,82,116172.68,1416.74,0,Product 023,Kitchen,Cushion,2022-07-20,2484.54,1416.74,-1067.8,1,Monsoon,0,2024-08-01,272,223,13,48,167,1035395.2,11,105.0,105.0,102.0,,105.25
SKU023,2024-08-19,99,140257.26,1416.74,0,Product 023,Kitchen,Cushion,2022-07-20,2484.54,1416.74,-1067.8,0,Monsoon,0,2024-08-01,272,223,13,48,167,1035395.2,18,82.0,105.0,109.0,,100.25
SKU023,2024-08-26,85,120422.9,1416.74,1,Product 023,Kitchen,Cushion,2022-07-20,2484.54,1416.74,-1067.8,0,Monsoon,1,2024-08-01,272,223,13,48,167,1035395.2,25,99.0,82.0,105.0,,97.75
SKU023,2024-09-02,88,124673.12,1416.74,1,Product 023,Kitchen,Cushion,2022-07-20,2484.54,1416.74,-1067.8,0,Monsoon,1,2024-09-01,73,269,11,51,149,277881.8,1,85.0,99.0,105.0,,92.75
SKU023,2024-09-09,87,123256.38,1416.74,1,Product 023,Kitchen,Cushion,2022-07-20,2484.54,1416.74,-1067.8,0,Monsoon,1,2024-09-01,73,269,11,51,149,277881.8,8,88.0,85.0,82.0,,88.5
SKU023,2024-09-16,85,120422.9,1416.74,1,Product 023,Kitchen,Cushion,2022-07-20,2484.54,1416.74,-1067.8,0,Monsoon,1,2024-09-01,73,269,11,51,149,277881.8,15,87.0,88.0,99.0,,89.75
SKU023,2024-09-23,89,126089.86,1416.74,1,Product 023,Kitchen,Cushion,2022-07-20,2484.54,1416.74,-1067.8,0,Monsoon,1,2024-09-01,73,269,11,51,149,277881.8,22,85.0,87.0,85.0,,86.25
SKU023,2024-09-30,76,107672.24,1416.74,0,Product 023,Kitchen,Cushion,2022-07-20,2484.54,1416.74,-1067.8,0,Monsoon,0,2024-09-01,73,269,11,51,149,277881.8,29,89.0,85.0,88.0,,87.25
SKU023,2024-10-07,67,94921.58,1416.74,0,Product 023,Kitchen,Cushion,2022-07-20,2484.54,1416.74,-1067.8,0,Autumn,0,2024-10-01,322,27,13,60,180,1225725.2,6,76.0,89.0,87.0,,84.25
SKU023,2024-10-14,74,104838.76000000001,1416.74,0,Product 023,Kitchen,Cushion,2022-07-20,2484.54,1416.74,-1067.8,0,Autumn,0,2024-10-01,322,27,13,60,180,1225725.2,13,67.0,76.0,85.0,,79.25
SKU023,2024-10-21,84,119006.16,1416.74,0,Product 023,Kitchen,Cushion,2022-07-20,2484.54,1416.74,-1067.8,0,Autumn,0,2024-10-01,322,27,13,60,180,1225725.2,20,74.0,67.0,89.0,,76.5
SKU023,2024-10-28,86,121839.64,1416.74,1,Product 023,Kitchen,Cushion,2022-07-20,2484.54,1416.74,-1067.8,1,Autumn,1,2024-10-01,322,27,13,60,180,1225725.2,27,84.0,74.0,76.0,,75.25
SKU023,2024-11-04,85,120422.9,1416.74,1,Product 023,Kitchen,Cushion,2022-07-20,2484.54,1416.74,-1067.8,0,Autumn,1,2024-11-01,243,43,9,47,120,925003.8,3,86.0,84.0,67.0,,77.75
SKU023,2024-11-11,94,133173.56,1416.74,1,Product 023,Kitchen,Cushion,2022-07-20,2484.54,1416.74,-1067.8,0,Autumn,1,2024-11-01,243,43,9,47,120,925003.8,10,85.0,86.0,74.0,,82.25
SKU023,2024-11-18,98,138840.52,1416.74,1,Product 023,Kitchen,Cushion,2022-07-20,2484.54,1416.74,-1067.8,0,Autumn,1,2024-11-01,243,43,9,47,120,925003.8,17,94.0,85.0,84.0,,87.25
SKU023,2024-11-25,111,157258.14,1416.74,1,Product 023,Kitchen,Cushion,2022-07-20,2484.54,1416.74,-1067.8,0,Autumn,1,2024-11-01,243,43,9,47,120,925003.8,24,98.0,94.0,86.0,,90.75
SKU023,2024-12-02,104,147340.96,1416.74,0,Product 023,Kitchen,Cushion,2022-07-20,2484.54,1416.74,-1067.8,0,Winter,0,2024-12-01,166,243,14,26,145,631895.6,1,111.0,98.0,85.0,,97.0
SKU023,2024-12-09,80,113339.2,1416.74,0,Product 023,Kitchen,Cushion,2022-07-20,2484.54,1416.74,-1067.8,0,Winter,0,2024-12-01,166,243,14,26,145,631895.6,8,104.0,111.0,94.0,,101.75
SKU023,2024-12-16,90,127506.6,1416.74,0,Product 023,Kitchen,Cushion,2022-07-20,2484.54,1416.74,-1067.8,0,Winter,0,2024-12-01,166,243,14,26,145,631895.6,15,80.0,104.0,98.0,,98.25
SKU023,2024-12-23,99,140257.26,1416.74,0,Product 023,Kitchen,Cushion,2022-07-20,2484.54,1416.74,-1067.8,1,Winter,0,2024-12-01,166,243,14,26,145,631895.6,22,90.0,80.0,111.0,,96.25
SKU023,2024-12-30,117,165758.58000000002,1416.74,0,Product 023,Kitchen,Cushion,2022-07-20,2484.54,1416.74,-1067.8,0,Winter,0,2024-12-01,166,243,14,26,145,631895.6,29,99.0,90.0,104.0,100.0,93.25
SKU023,2025-01-06,114,161508.36,1416.74,0,Product 023,Kitchen,Cushion,2022-07-20,2484.54,1416.74,-1067.8,0,Winter,0,2025-01-01,126,315,13,49,176,479631.6,5,117.0,99.0,80.0,83.0,96.5
SKU023,2025-01-13,92,130340.08,1416.74,0,Product 023,Kitchen,Cushion,2022-07-20,2484.54,1416.74,-1067.8,0,Winter,0,2025-01-01,126,315,13,49,176,479631.6,12,114.0,117.0,90.0,97.0,105.0
SKU023,2025-01-20,83,117589.42,1416.74,0,Product 023,Kitchen,Cushion,2022-07-20,2484.54,1416.74,-1067.8,1,Winter,0,2025-01-01,126,315,13,49,176,479631.6,19,92.0,114.0,99.0,100.0,105.5
SKU023,2025-01-27,106,150174.44,1416.74,0,Product 023,Kitchen,Cushion,2022-07-20,2484.54,1416.74,-1067.8,0,Winter,0,2025-01-01,126,315,13,49,176,479631.6,26,83.0,92.0,117.0,126.0,101.5
SKU023,2025-02-03,98,138840.52,1416.74,0,Product 023,Kitchen,Cushion,2022-07-20,2484.54,1416.74,-1067.8,0,Winter,0,2025-02-01,145,20,7,42,109,551957.0,2,106.0,83.0,114.0,126.0,98.75
SKU023,2025-02-10,113,160091.62,1416.74,0,Product 023,Kitchen,Cushion,2022-07-20,2484.54,1416.74,-1067.8,0,Winter,0,2025-02-01,145,20,7,42,109,551957.0,9,98.0,106.0,92.0,109.0,94.75
SKU023,2025-02-17,115,162925.1,1416.74,0,Product 023,Kitchen,Cushion,2022-07-20,2484.54,1416.74,-1067.8,0,Winter,0,2025-02-01,145,20,7,42,109,551957.0,16,113.0,98.0,83.0,99.0,100.0
SKU023,2025-02-24,119,168592.06,1416.74,1,Product 023,Kitchen,Cushion,2022-07-20,2484.54,1416.74,-1067.8,0,Winter,1,2025-02-01,145,20,7,42,109,551957.0,23,115.0,113.0,106.0,114.0,108.0
SKU023,2025-03-03,125,177092.5,1416.74,1,Product 023,Kitchen,Cushion,2022-07-20,2484.54,1416.74,-1067.8,0,Spring,1,2025-03-01,130,3,7,82,157,494858.0,2,119.0,115.0,98.0,136.0,111.25
SKU023,2025-03-10,131,185592.94,1416.74,1,Product 023,Kitchen,Cushion,2022-07-20,2484.54,1416.74,-1067.8,0,Spring,1,2025-03-01,130,3,7,82,157,494858.0,9,125.0,119.0,113.0,137.0,118.0
SKU023,2025-03-17,127,179925.98,1416.74,1,Product 023,Kitchen,Cushion,2022-07-20,2484.54,1416.74,-1067.8,0,Spring,1,2025-03-01,130,3,7,82,157,494858.0,16,131.0,125.0,115.0,99.0,122.5
SKU023,2025-03-24,141,199760.34,1416.74,1,Product 023,Kitchen,Cushion,2022-07-20,2484.54,1416.74,-1067.8,0,Spring,1,2025-03-01,130,3,7,82,157,494858.0,23,127.0,131.0,119.0,117.0,125.5
SKU023,2025-03-31,121,171425.54,1416.74,0,Product 023,Kitchen,Cushion,2022-07-20,2484.54,1416.74,-1067.8,0,Spring,0,2025-03-01,130,3,7,82,157,494858.0,30,141.0,127.0,125.0,122.0,131.0
SKU023,2025-04-07,127,179925.98,1416.74,0,Product 023,Kitchen,Cushion,2022-07-20,2484.54,1416.74,-1067.8,0,Spring,0,2025-04-01,425,305,6,88,162,1617805.0,6,121.0,141.0,131.0,132.0,130.0
SKU023,2025-04-14,120,170008.8,1416.74,0,Product 023,Kitchen,Cushion,2022-07-20,2484.54,1416.74,-1067.8,0,Spring,0,2025-04-01,425,305,6,88,162,1617805.0,13,127.0,121.0,127.0,118.0,129.0
SKU023,2025-04-21,128,181342.72,1416.74,0,Product 023,Kitchen,Cushion,2022-07-20,2484.54,1416.74,-1067.8,0,Spring,0,2025-04-01,425,305,6,88,162,1617805.0,20,120.0,127.0,141.0,102.0,127.25
SKU023,2025-04-28,107,151591.18,1416.74,0,Product 023,Kitchen,Cushion,2022-07-20,2484.54,1416.74,-1067.8,0,Spring,0,2025-04-01,425,305,6,88,162,1617805.0,27,128.0,120.0,121.0,102.0,124.0
SKU023,2025-05-05,133,188426.41999999998,1416.74,0,Product 023,Kitchen,Cushion,2022-07-20,2484.54,1416.74,-1067.8,0,Summer,0,2025-05-01,257,37,10,32,135,978296.2,4,107.0,128.0,127.0,120.0,120.5
SKU023,2025-05-12,111,157258.14,1416.74,0,Product 023,Kitchen,Cushion,2022-07-20,2484.54,1416.74,-1067.8,0,Summer,0,2025-05-01,257,37,10,32,135,978296.2,11,133.0,107.0,120.0,129.0,122.0
SKU023,2025-05-19,118,167175.32,1416.74,0,Product 023,Kitchen,Cushion,2022-07-20,2484.54,1416.74,-1067.8,0,Summer,0,2025-05-01,257,37,10,32,135,978296.2,18,111.0,133.0,128.0,101.0,119.75
SKU023,2025-05-26,112,158674.88,1416.74,1,Product 023,Kitchen,Cushion,2022-07-20,2484.54,1416.74,-1067.8,0,Summer,1,2025-05-01,257,37,10,32,135,978296.2,25,118.0,111.0,107.0,123.0,117.25
SKU023,2025-06-02,122,172842.28,1416.74,1,Product 023,Kitchen,Cushion,2022-07-20,2484.54,1416.74,-1067.8,0,Summer,1,2025-06-01,201,180,3,73,108,765126.6,1,112.0,118.0,133.0,116.0,118.5
SKU023,2025-06-09,117,165758.58,1416.74,1,Product 023,Kitchen,Cushion,2022-07-20,2484.54,1416.74,-1067.8,0,Summer,1,2025-06-01,201,180,3,73,108,765126.6,8,122.0,112.0,111.0,114.0,115.75
SKU023,2025-06-16,133,188426.41999999998,1416.74,1,Product 023,Kitchen,Cushion,2022-07-20,2484.54,1416.74,-1067.8,0,Summer,1,2025-06-01,201,180,3,73,108,765126.6,15,117.0,122.0,118.0,124.0,117.25
SKU023,2025-06-23,130,184176.2,1416.74,1,Product 023,Kitchen,Cushion,2022-07-20,2484.54,1416.74,-1067.8,0,Summer,1,2025-06-01,201,180,3,73,108,765126.6,22,133.0,117.0,112.0,118.0,121.0
SKU023,2025-06-30,105,148757.7,1416.74,0,Product 023,Kitchen,Cushion,2022-07-20,2484.54,1416.74,-1067.8,0,Summer,0,2025-06-01,201,180,3,73,108,765126.6,29,130.0,133.0,122.0,109.0,125.5
SKU023,2025-07-07,100,141674.0,1416.74,0,Product 023,Kitchen,Cushion,2022-07-20,2484.54,1416.74,-1067.8,0,Monsoon,0,2025-07-01,290,166,12,78,210,1103914.0,6,105.0,130.0,117.0,88.0,121.25
SKU023,2025-07-14,91,128923.34,1416.74,0,Product 023,Kitchen,Cushion,2022-07-20,2484.54,1416.74,-1067.8,0,Monsoon,0,2025-07-01,290,166,12,78,210,1103914.0,13,100.0,105.0,133.0,102.0,117.0
SKU023,2025-07-21,107,151591.18,1416.74,0,Product 023,Kitchen,Cushion,2022-07-20,2484.54,1416.74,-1067.8,0,Monsoon,0,2025-07-01,290,166,12,78,210,1103914.0,20,91.0,100.0,130.0,109.0,106.5
SKU023,2025-07-28,102,144507.48,1416.74,0,Product 023,Kitchen,Cushion,2022-07-20,2484.54,1416.74,-1067.8,0,Monsoon,0,2025-07-01,290,166,12,78,210,1103914.0,27,107.0,91.0,105.0,105.0,100.75
SKU023,2025-08-04,107,151591.18,1416.74,0,Product 023,Kitchen,Cushion,2022-07-20,2484.54,1416.74,-1067.8,0,Monsoon,0,2025-08-01,228,286,13,37,151,867904.8,3,102.0,107.0,100.0,105.0,100.0
SKU023,2025-08-11,102,144507.48,1416.74,0,Product 023,Kitchen,Cushion,2022-07-20,2484.54,1416.74,-1067.8,1,Monsoon,0,2025-08-01,228,286,13,37,151,867904.8,10,107.0,102.0,91.0,82.0,101.75
SKU023,2025-08-18,95,134590.3,1416.74,0,Product 023,Kitchen,Cushion,2022-07-20,2484.54,1416.74,-1067.8,0,Monsoon,0,2025-08-01,228,286,13,37,151,867904.8,17,102.0,107.0,107.0,99.0,104.5
SKU023,2025-08-25,82,116172.68,1416.74,0,Product 023,Kitchen,Cushion,2022-07-20,2484.54,1416.74,-1067.8,0,Monsoon,0,2025-08-01,228,286,13,37,151,867904.8,24,95.0,102.0,102.0,85.0,101.5
SKU023,2025-09-01,76,107672.23999999999,1416.74,1,Product 023,Kitchen,Cushion,2022-07-20,2484.54,1416.74,-1067.8,0,Monsoon,1,2025-09-01,276,63,5,67,112,1050621.6,0,82.0,95.0,107.0,88.0,96.5
SKU023,2025-09-08,53,75087.22,1416.74,1,Product 023,Kitchen,Cushion,2022-07-20,2484.54,1416.74,-1067.8,0,Monsoon,1,2025-09-01,276,63,5,67,112,1050621.6,7,76.0,82.0,102.0,87.0,88.75
SKU023,2025-09-15,111,157258.14,1416.74,1,Product 023,Kitchen,Cushion,2022-07-20,2484.54,1416.74,-1067.8,0,Monsoon,1,2025-09-01,276,63,5,67,112,1050621.6,14,53.0,76.0,95.0,85.0,76.5
SKU023,2025-09-22,90,127506.6,1416.74,1,Product 023,Kitchen,Cushion,2022-07-20,2484.54,1416.74,-1067.8,0,Monsoon,1,2025-09-01,276,63,5,67,112,1050621.6,21,111.0,53.0,82.0,89.0,80.5
SKU023,2025-09-29,89,126089.86,1416.74,0,Product 023,Kitchen,Cushion,2022-07-20,2484.54,1416.74,-1067.8,0,Monsoon,0,2025-09-01,276,63,5,67,112,1050621.6,28,90.0,111.0,76.0,76.0,82.5
SKU023,2025-10-06,80,113339.2,1416.74,0,Product 023,Kitchen,Cushion,2022-07-20,2484.54,1416.74,-1067.8,0,Autumn,0,2025-10-01,221,176,12,52,155,841258.6,5,89.0,90.0,53.0,67.0,85.75
SKU023,2025-10-13,74,104838.76,1416.74,0,Product 023,Kitchen,Cushion,2022-07-20,2484.54,1416.74,-1067.8,0,Autumn,0,2025-10-01,221,176,12,52,155,841258.6,12,80.0,89.0,111.0,74.0,92.5
SKU023,2025-10-20,91,128923.34,1416.74,0,Product 023,Kitchen,Cushion,2022-07-20,2484.54,1416.74,-1067.8,1,Autumn,0,2025-10-01,221,176,12,52,155,841258.6,19,74.0,80.0,90.0,84.0,83.25
SKU023,2025-10-27,84,119006.16,1416.74,1,Product 023,Kitchen,Cushion,2022-07-20,2484.54,1416.74,-1067.8,0,Autumn,1,2025-10-01,221,176,12,52,155,841258.6,26,91.0,74.0,89.0,86.0,83.5
SKU023,2025-11-03,91,128923.34,1416.74,1,Product 023,Kitchen,Cushion,2022-07-20,2484.54,1416.74,-1067.8,0,Autumn,1,2025-11-01,247,201,8,42,101,940230.2,2,84.0,91.0,80.0,85.0,82.25
SKU023,2025-11-10,88,124673.12,1416.74,1,Product 023,Kitchen,Cushion,2022-07-20,2484.54,1416.74,-1067.8,0,Autumn,1,2025-11-01,247,201,8,42,101,940230.2,9,91.0,84.0,74.0,94.0,85.0
SKU023,2025-11-17,88,124673.12,1416.74,1,Product 023,Kitchen,Cushion,2022-07-20,2484.54,1416.74,-1067.8,0,Autumn,1,2025-11-01,247,201,8,42,101,940230.2,16,88.0,91.0,91.0,98.0,88.5
SKU023,2025-11-24,90,127506.6,1416.74,1,Product 023,Kitchen,Cushion,2022-07-20,2484.54,1416.74,-1067.8,0,Autumn,1,2025-11-01,247,201,8,42,101,940230.2,23,88.0,88.0,84.0,111.0,87.75
SKU023,2025-12-01,97,137423.78,1416.74,0,Product 023,Kitchen,Cushion,2022-07-20,2484.54,1416.74,-1067.8,0,Winter,0,2025-12-01,130,79,12,41,148,494858.0,0,90.0,88.0,91.0,104.0,89.25
SKU023,2025-12-08,98,138840.52,1416.74,0,Product 023,Kitchen,Cushion,2022-07-20,2484.54,1416.74,-1067.8,0,Winter,0,2025-12-01,130,79,12,41,148,494858.0,7,97.0,90.0,88.0,80.0,90.75
SKU023,2025-12-15,96,136007.04,1416.74,0,Product 023,Kitchen,Cushion,2022-07-20,2484.54,1416.74,-1067.8,0,Winter,0,2025-12-01,130,79,12,41,148,494858.0,14,98.0,97.0,88.0,90.0,93.25
SKU023,2025-12-22,99,140257.26,1416.74,0,Product 023,Kitchen,Cushion,2022-07-20,2484.54,1416.74,-1067.8,1,Winter,0,2025-12-01,130,79,12,41,148,494858.0,21,96.0,98.0,90.0,99.0,95.25
SKU024,2024-01-01,93,164504.91,1768.8700000000001,0,Product 024,Lighting,Cookware,2024-10-16,5539.34,1768.87,-3770.47,0,Winter,0,2024-01-01,10,12,12,7,19,13334.3,0,,,,,
SKU024,2024-01-08,81,143278.47,1768.8700000000001,0,Product 024,Lighting,Cookware,2024-10-16,5539.34,1768.87,-3770.47,0,Winter,0,2024-01-01,10,12,12,7,19,13334.3,7,93.0,,,,
SKU024,2024-01-15,95,168042.65,1768.8700000000001,0,Product 024,Lighting,Cookware,2024-10-16,5539.34,1768.87,-3770.47,0,Winter,0,2024-01-01,10,12,12,7,19,13334.3,14,81.0,93.0,,,
SKU024,2024-01-22,87,153891.69,1768.8700000000001,0,Product 024,Lighting,Cookware,2024-10-16,5539.34,1768.87,-3770.47,1,Winter,0,2024-01-01,10,12,12,7,19,13334.3,21,95.0,81.0,,,
SKU024,2024-01-29,100,176887.0,1768.8700000000001,0,Product 024,Lighting,Cookware,2024-10-16,5539.34,1768.87,-3770.47,0,Winter,0,2024-01-01,10,12,12,7,19,13334.3,28,87.0,95.0,93.0,,89.0
SKU024,2024-02-05,106,187500.22,1768.8700000000001,0,Product 024,Lighting,Cookware,2024-10-16,5539.34,1768.87,-3770.47,0,Winter,0,2024-02-01,165,251,7,67,172,220015.95,4,100.0,87.0,81.0,,90.75
SKU024,2024-02-12,84,148585.08,1768.8700000000001,0,Product 024,Lighting,Cookware,2024-10-16,5539.34,1768.87,-3770.47,0,Winter,0,2024-02-01,165,251,7,67,172,220015.95,11,106.0,100.0,95.0,,97.0
SKU024,2024-02-19,90,159198.3,1768.8700000000001,0,Product 024,Lighting,Cookware,2024-10-16,5539.34,1768.87,-3770.47,0,Winter,0,2024-02-01,165,251,7,67,172,220015.95,18,84.0,106.0,87.0,,94.25
SKU024,2024-02-26,114,201651.18,1768.8700000000001,1,Product 024,Lighting,Cookware,2024-10-16,5539.34,1768.87,-3770.47,0,Winter,1,2024-02-01,165,251,7,67,172,220015.95,25,90.0,84.0,100.0,,95.0
SKU024,2024-03-04,115,203420.05,1768.8700000000001,1,Product 024,Lighting,Cookware,2024-10-16,5539.34,1768.87,-3770.47,0,Spring,1,2024-03-01,436,379,8,66,195,581375.48,3,114.0,90.0,106.0,,98.5
SKU024,2024-03-11,118,208726.66,1768.8700000000001,1,Product 024,Lighting,Cookware,2024-10-16,5539.34,1768.87,-3770.47,0,Spring,1,2024-03-01,436,379,8,66,195,581375.48,10,115.0,114.0,84.0,,100.75
SKU024,2024-03-18,111,196344.57,1768.8700000000001,1,Product 024,Lighting,Cookware,2024-10-16,5539.34,1768.87,-3770.47,0,Spring,1,2024-03-01,436,379,8,66,195,581375.48,17,118.0,115.0,90.0,,109.25
SKU024,2024-03-25,117,206957.79,1768.8700000000001,1,Product 024,Lighting,Cookware,2024-10-16,5539.34,1768.87,-3770.47,0,Spring,1,2024-03-01,436,379,8,66,195,581375.48,24,111.0,118.0,114.0,,114.5
SKU024,2024-04-01,95,168042.65,1768.8700000000001,0,Product 024,Lighting,Cookware,2024-10-16,5539.34,1768.87,-3770.47,0,Spring,0,2024-04-01,167,338,9,119,294,222682.81,0,117.0,111.0,115.0,,115.25
SKU024,2024-04-08,103,182193.61,1768.8700000000001,0,Product 024,Lighting,Cookware,2024-10-16,5539.34,1768.87,-3770.47,0,Spring,0,2024-04-01,167,338,9,119,294,222682.81,7,95.0,117.0,118.0,,110.25
SKU024,2024-04-15,113,199882.31,1768.8700000000001,0,Product 024,Lighting,Cookware,2024-10-16,5539.34,1768.87,-3770.47,0,Spring,0,2024-04-01,167,338,9,119,294,222682.81,14,103.0,95.0,111.0,,106.5
SKU024,2024-04-22,106,187500.22,1768.8700000000001,0,Product 024,Lighting,Cookware,2024-10-16,5539.34,1768.87,-3770.47,0,Spring,0,2024-04-01,167,338,9,119,294,222682.81,21,113.0,103.0,117.0,,107.0
SKU024,2024-04-29,103,182193.61,1768.8700000000001,0,Product 024,Lighting,Cookware,2024-10-16,5539.34,1768.87,-3770.47,0,Spring,0,2024-04-01,167,338,9,119,294,222682.81,28,106.0,113.0,95.0,,104.25
SKU024,2024-05-06,108,191037.96,1768.8700000000001,0,Product 024,Lighting,Cookware,2024-10-16,5539.34,1768.87,-3770.47,0,Summer,0,2024-05-01,263,84,13,76,326,350692.09,5,103.0,106.0,103.0,,106.25
SKU024,2024-05-13,109,192806.83,1768.8700000000001,0,Product 024,Lighting,Cookware,2024-10-16,5539.34,1768.87,-3770.47,0,Summer,0,2024-05-01,263,84,13,76,326,350692.09,12,108.0,103.0,113.0,,107.5
SKU024,2024-05-20,104,183962.48,1768.8700000000001,0,Product 024,Lighting,Cookware,2024-10-16,5539.34,1768.87,-3770.47,0,Summer,0,2024-05-01,263,84,13,76,326,350692.09,19,109.0,108.0,106.0,,106.5
SKU024,2024-05-27,118,208726.66,1768.8700000000001,1,Product 024,Lighting,Cookware,2024-10-16,5539.34,1768.87,-3770.47,0,Summer,1,2024-05-01,263,84,13,76,326,350692.09,26,104.0,109.0,103.0,,106.0
SKU024,2024-06-03,97,171580.39,1768.8700000000001,1,Product 024,Lighting,Cookware,2024-10-16,5539.34,1768.87,-3770.47,0,Summer,1,2024-06-01,418,185,8,62,189,557373.74,2,118.0,104.0,108.0,,109.75
SKU024,2024-06-10,95,168042.65,1768.8700000000001,1,Product 024,Lighting,Cookware,2024-10-16,5539.34,1768.87,-3770.47,0,Summer,1,2024-06-01,418,185,8,62,189,557373.74,9,97.0,118.0,109.0,,107.0
SKU024,2024-06-17,114,201651.18,1768.8700000000001,1,Product 024,Lighting,Cookware,2024-10-16,5539.34,1768.87,-3770.47,0,Summer,1,2024-06-01,418,185,8,62,189,557373.74,16,95.0,97.0,104.0,,103.5
SKU024,2024-06-24,105,185731.35,1768.8700000000001,1,Product 024,Lighting,Cookware,2024-10-16,5539.34,1768.87,-3770.47,0,Summer,1,2024-06-01,418,185,8,62,189,557373.74,23,114.0,95.0,118.0,,106.0
SKU024,2024-07-01,100,176887.0,1768.8700000000001,0,Product 024,Lighting,Cookware,2024-10-16,5539.34,1768.87,-3770.47,0,Monsoon,0,2024-07-01,332,12,8,117,266,442698.76,0,105.0,114.0,97.0,,102.75
SKU024,2024-07-08,83,146816.21,1768.8700000000001,0,Product 024,Lighting,Cookware,2024-10-16,5539.34,1768.87,-3770.47,0,Monsoon,0,2024-07-01,332,12,8,117,266,442698.76,7,100.0,105.0,95.0,,103.5
SKU024,2024-07-15,92,162736.04,1768.8700000000001,0,Product 024,Lighting,Cookware,2024-10-16,5539.34,1768.87,-3770.47,0,Monsoon,0,2024-07-01,332,12,8,117,266,442698.76,14,83.0,100.0,114.0,,100.5
SKU024,2024-07-22,92,162736.04,1768.8700000000001,0,Product 024,Lighting,Cookware,2024-10-16,5539.34,1768.87,-3770.47,0,Monsoon,0,2024-07-01,332,12,8,117,266,442698.76,21,92.0,83.0,105.0,,95.0
SKU024,2024-07-29,88,155660.56,1768.8700000000001,0,Product 024,Lighting,Cookware,2024-10-16,5539.34,1768.87,-3770.47,0,Monsoon,0,2024-07-01,332,12,8,117,266,442698.76,28,92.0,92.0,100.0,,91.75
SKU024,2024-08-05,83,146816.21,1768.8700000000001,0,Product 024,Lighting,Cookware,2024-10-16,5539.34,1768.87,-3770.47,0,Monsoon,0,2024-08-01,253,350,14,77,282,337357.79,4,88.0,92.0,83.0,,88.75
SKU024,2024-08-12,86,152122.82,1768.8700000000001,0,Product 024,Lighting,Cookware,2024-10-16,5539.34,1768.87,-3770.47,1,Monsoon,0,2024-08-01,253,350,14,77,282,337357.79,11,83.0,88.0,92.0,,88.75
SKU024,2024-08-19,100,176887.0,1768.8700000000001,0,Product 024,Lighting,Cookware,2024-10-16,5539.34,1768.87,-3770.47,0,Monsoon,0,2024-08-01,253,350,14,77,282,337357.79,18,86.0,83.0,92.0,,87.25
SKU024,2024-08-26,88,155660.56,1768.8700000000001,1,Product 024,Lighting,Cookware,2024-10-16,5539.34,1768.87,-3770.47,0,Monsoon,1,2024-08-01,253,350,14,77,282,337357.79,25,100.0,86.0,88.0,,89.25
SKU024,2024-09-02,84,148585.08,1768.8700000000001,1,Product 024,Lighting,Cookware,2024-10-16,5539.34,1768.87,-3770.47,0,Monsoon,1,2024-09-01,152,125,12,72,237,202681.36,1,88.0,100.0,83.0,,89.25
SKU024,2024-09-09,83,146816.21,1768.8700000000001,1,Product 024,Lighting,Cookware,2024-10-16,5539.34,1768.87,-3770.47,0,Monsoon,1,2024-09-01,152,125,12,72,237,202681.36,8,84.0,88.0,86.0,,89.5
SKU024,2024-09-16,72,127358.64,1768.8700000000001,1,Product 024,Lighting,Cookware,2024-10-16,5539.34,1768.87,-3770.47,0,Monsoon,1,2024-09-01,152,125,12,72,237,202681.36,15,83.0,84.0,100.0,,88.75
SKU024,2024-09-23,85,150353.95,1768.8700000000001,1,Product 024,Lighting,Cookware,2024-10-16,5539.34,1768.87,-3770.47,0,Monsoon,1,2024-09-01,152,125,12,72,237,202681.36,22,72.0,83.0,88.0,,81.75
SKU024,2024-09-30,83,146816.21,1768.8700000000001,0,Product 024,Lighting,Cookware,2024-10-16,5539.34,1768.87,-3770.47,0,Monsoon,0,2024-09-01,152,125,12,72,237,202681.36,29,85.0,72.0,84.0,,81.0
SKU024,2024-10-07,66,116745.42,1768.8700000000001,0,Product 024,Lighting,Cookware,2024-10-16,5539.34,1768.87,-3770.47,0,Autumn,0,2024-10-01,141,317,14,65,244,188013.63,6,83.0,85.0,83.0,,80.75
SKU024,2024-10-14,72,127358.64,1768.8700000000001,0,Product 024,Lighting,Cookware,2024-10-16,5539.34,1768.87,-3770.47,0,Autumn,0,2024-10-01,141,317,14,65,244,188013.63,13,66.0,83.0,72.0,,76.5
SKU024,2024-10-21,62,109669.94,1768.8700000000001,0,Product 024,Lighting,Cookware,2024-10-16,5539.34,1768.87,-3770.47,0,Autumn,0,2024-10-01,141,317,14,65,244,188013.63,20,72.0,66.0,85.0,,76.5
SKU024,2024-10-28,86,152122.82,1768.8700000000001,1,Product 024,Lighting,Cookware,2024-10-16,5539.34,1768.87,-3770.47,1,Autumn,1,2024-10-01,141,317,14,65,244,188013.63,27,62.0,72.0,83.0,,70.75
SKU024,2024-11-04,78,137971.86,1768.8700000000001,1,Product 024,Lighting,Cookware,2024-10-16,5539.34,1768.87,-3770.47,0,Autumn,1,2024-11-01,298,208,8,69,174,397362.14,3,86.0,62.0,66.0,,71.5
SKU024,2024-11-11,72,127358.64,1768.8700000000001,1,Product 024,Lighting,Cookware,2024-10-16,5539.34,1768.87,-3770.47,0,Autumn,1,2024-11-01,298,208,8,69,174,397362.14,10,78.0,86.0,72.0,,74.5
SKU024,2024-11-18,74,130896.38,1768.8700000000001,1,Product 024,Lighting,Cookware,2024-10-16,5539.34,1768.87,-3770.47,0,Autumn,1,2024-11-01,298,208,8,69,174,397362.14,17,72.0,78.0,62.0,,74.5
SKU024,2024-11-25,65,114976.55,1768.8700000000001,1,Product 024,Lighting,Cookware,2024-10-16,5539.34,1768.87,-3770.47,0,Autumn,1,2024-11-01,298,208,8,69,174,397362.14,24,74.0,72.0,86.0,,77.5
SKU024,2024-12-02,76,134434.12,1768.8700000000001,0,Product 024,Lighting,Cookware,2024-10-16,5539.34,1768.87,-3770.47,0,Winter,0,2024-12-01,263,44,5,48,112,350692.09,1,65.0,74.0,78.0,,72.25
SKU024,2024-12-09,101,178655.87,1768.8700000000001,0,Product 024,Lighting,Cookware,2024-10-16,5539.34,1768.87,-3770.47,0,Winter,0,2024-12-01,263,44,5,48,112,350692.09,8,76.0,65.0,72.0,,71.75
SKU024,2024-12-16,75,132665.25,1768.8700000000001,0,Product 024,Lighting,Cookware,2024-10-16,5539.34,1768.87,-3770.47,0,Winter,0,2024-12-01,263,44,5,48,112,350692.09,15,101.0,76.0,74.0,,79.0
SKU024,2024-12-23,71,125589.77,1768.8700000000001,0,Product 024,Lighting,Cookware,2024-10-16,5539.34,1768.87,-3770.47,1,Winter,0,2024-12-01,263,44,5,48,112,350692.09,22,75.0,101.0,65.0,,79.25
SKU024,2024-12-30,101,178655.87,1768.8700000000001,0,Product 024,Lighting,Cookware,2024-10-16,5539.34,1768.87,-3770.47,0,Winter,0,2024-12-01,263,44,5,48,112,350692.09,29,71.0,75.0,76.0,93.0,80.75
SKU024,2025-01-06,77,136202.99,1768.8700000000001,0,Product 024,Lighting,Cookware,2024-10-16,5539.34,1768.87,-3770.47,0,Winter,0,2025-01-01,381,33,3,48,90,508036.83,5,101.0,71.0,101.0,81.0,87.0
SKU024,2025-01-13,73,129127.51000000001,1768.8700000000001,0,Product 024,Lighting,Cookware,2024-10-16,5539.34,1768.87,-3770.47,0,Winter,0,2025-01-01,381,33,3,48,90,508036.83,12,77.0,101.0,75.0,95.0,81.0
SKU024,2025-01-20,80,141509.6,1768.8700000000001,0,Product 024,Lighting,Cookware,2024-10-16,5539.34,1768.87,-3770.47,1,Winter,0,2025-01-01,381,33,3,48,90,508036.83,19,73.0,77.0,71.0,87.0,80.5
SKU024,2025-01-27,88,155660.56,1768.8700000000001,0,Product 024,Lighting,Cookware,2024-10-16,5539.34,1768.87,-3770.47,0,Winter,0,2025-01-01,381,33,3,48,90,508036.83,26,80.0,73.0,101.0,100.0,82.75
SKU024,2025-02-03,84,148585.08000000002,1768.8700000000001,0,Product 024,Lighting,Cookware,2024-10-16,5539.34,1768.87,-3770.47,0,Winter,0,2025-02-01,241,148,10,70,220,321356.63,2,88.0,80.0,77.0,106.0,79.5
SKU024,2025-02-10,95,168042.65,1768.8700000000001,0,Product 024,Lighting,Cookware,2024-10-16,5539.34,1768.87,-3770.47,0,Winter,0,2025-02-01,241,148,10,70,220,321356.63,9,84.0,88.0,73.0,84.0,81.25
SKU024,2025-02-17,91,160967.16999999998,1768.8700000000001,0,Product 024,Lighting,Cookware,2024-10-16,5539.34,1768.87,-3770.47,0,Winter,0,2025-02-01,241,148,10,70,220,321356.63,16,95.0,84.0,80.0,90.0,86.75
SKU024,2025-02-24,116,205188.91999999998,1768.8700000000001,1,Product 024,Lighting,Cookware,2024-10-16,5539.34,1768.87,-3770.47,0,Winter,1,2025-02-01,241,148,10,70,220,321356.63,23,91.0,95.0,88.0,114.0,89.5
SKU024,2025-03-03,104,183962.48,1768.8700000000001,1,Product 024,Lighting,Cookware,2024-10-16,5539.34,1768.87,-3770.47,0,Spring,1,2025-03-01,310,427,13,81,287,413363.3,2,116.0,91.0,84.0,115.0,96.5
SKU024,2025-03-10,117,206957.78999999998,1768.8700000000001,1,Product 024,Lighting,Cookware,2024-10-16,5539.34,1768.87,-3770.47,0,Spring,1,2025-03-01,310,427,13,81,287,413363.3,9,104.0,116.0,95.0,118.0,101.5
SKU024,2025-03-17,141,249410.66999999998,1768.8700000000001,1,Product 024,Lighting,Cookware,2024-10-16,5539.34,1768.87,-3770.47,0,Spring,1,2025-03-01,310,427,13,81,287,413363.3,16,117.0,104.0,91.0,111.0,107.0
SKU024,2025-03-24,119,210495.53,1768.8700000000001,1,Product 024,Lighting,Cookware,2024-10-16,5539.34,1768.87,-3770.47,0,Spring,1,2025-03-01,310,427,13,81,287,413363.3,23,141.0,117.0,116.0,117.0,119.5
SKU024,2025-03-31,116,205188.91999999998,1768.8700000000001,0,Product 024,Lighting,Cookware,2024-10-16,5539.34,1768.87,-3770.47,0,Spring,0,2025-03-01,310,427,13,81,287,413363.3,30,119.0,141.0,104.0,95.0,120.25
SKU024,2025-04-07,90,159198.30000000002,1768.8700000000001,0,Product 024,Lighting,Cookware,2024-10-16,5539.34,1768.87,-3770.47,0,Spring,0,2025-04-01,177,103,3,134,191,236017.11,6,116.0,119.0,117.0,103.0,123.25
SKU024,2025-04-14,110,194575.7,1768.8700000000001,0,Product 024,Lighting,Cookware,2024-10-16,5539.34,1768.87,-3770.47,0,Spring,0,2025-04-01,177,103,3,134,191,236017.11,13,90.0,116.0,141.0,113.0,116.5
SKU024,2025-04-21,105,185731.35,1768.8700000000001,0,Product 024,Lighting,Cookware,2024-10-16,5539.34,1768.87,-3770.47,0,Spring,0,2025-04-01,177,103,3,134,191,236017.11,20,110.0,90.0,119.0,106.0,108.75
SKU024,2025-04-28,108,191037.96000000002,1768.8700000000001,0,Product 024,Lighting,Cookware,2024-10-16,5539.34,1768.87,-3770.47,0,Spring,0,2025-04-01,177,103,3,134,191,236017.11,27,105.0,110.0,116.0,103.0,105.25
SKU024,2025-05-05,121,214033.27000000002,1768.8700000000001,0,Product 024,Lighting,Cookware,2024-10-16,5539.34,1768.87,-3770.47,0,Summer,0,2025-05-01,345,362,13,97,311,460033.35,4,108.0,105.0,90.0,108.0,103.25
SKU024,2025-05-12,88,155660.56,1768.8700000000001,0,Product 024,Lighting,Cookware,2024-10-16,5539.34,1768.87,-3770.47,0,Summer,0,2025-05-01,345,362,13,97,311,460033.35,11,121.0,108.0,110.0,109.0,111.0
SKU024,2025-05-19,91,160967.16999999998,1768.8700000000001,0,Product 024,Lighting,Cookware,2024-10-16,5539.34,1768.87,-3770.47,0,Summer,0,2025-05-01,345,362,13,97,311,460033.35,18,88.0,121.0,105.0,104.0,105.5
SKU024,2025-05-26,97,171580.39,1768.8700000000001,1,Product 024,Lighting,Cookware,2024-10-16,5539.34,1768.87,-3770.47,0,Summer,1,2025-05-01,345,362,13,97,311,460033.35,25,91.0,88.0,108.0,118.0,102.0
SKU024,2025-06-02,94,166273.78,1768.8700000000001,1,Product 024,Lighting,Cookware,2024-10-16,5539.34,1768.87,-3770.47,0,Summer,1,2025-06-01,536,132,6,137,240,714718.48,1,97.0,91.0,121.0,97.0,99.25
SKU024,2025-06-09,105,185731.35,1768.8700000000001,1,Product 024,Lighting,Cookware,2024-10-16,5539.34,1768.87,-3770.47,0,Summer,1,2025-06-01,536,132,6,137,240,714718.48,8,94.0,97.0,88.0,95.0,92.5
SKU024,2025-06-16,101,178655.87,1768.8700000000001,1,Product 024,Lighting,Cookware,2024-10-16,5539.34,1768.87,-3770.47,0,Summer,1,2025-06-01,536,132,6,137,240,714718.48,15,105.0,94.0,91.0,114.0,96.75
SKU024,2025-06-23,107,189269.09,1768.8700000000001,1,Product 024,Lighting,Cookware,2024-10-16,5539.34,1768.87,-3770.47,0,Summer,1,2025-06-01,536,132,6,137,240,714718.48,22,101.0,105.0,97.0,105.0,99.25
SKU024,2025-06-30,94,166273.78,1768.8700000000001,0,Product 024,Lighting,Cookware,2024-10-16,5539.34,1768.87,-3770.47,0,Summer,0,2025-06-01,536,132,6,137,240,714718.48,29,107.0,101.0,94.0,100.0,101.75
SKU024,2025-07-07,79,139740.73,1768.8700000000001,0,Product 024,Lighting,Cookware,2024-10-16,5539.34,1768.87,-3770.47,0,Monsoon,0,2025-07-01,429,261,12,125,340,572041.47,6,94.0,107.0,105.0,83.0,101.75
SKU024,2025-07-14,70,123820.9,1768.8700000000001,0,Product 024,Lighting,Cookware,2024-10-16,5539.34,1768.87,-3770.47,0,Monsoon,0,2025-07-01,429,261,12,125,340,572041.47,13,79.0,94.0,101.0,92.0,95.25
SKU024,2025-07-21,73,129127.51,1768.8700000000001,0,Product 024,Lighting,Cookware,2024-10-16,5539.34,1768.87,-3770.47,0,Monsoon,0,2025-07-01,429,261,12,125,340,572041.47,20,70.0,79.0,107.0,92.0,87.5
SKU024,2025-07-28,104,183962.48,1768.8700000000001,0,Product 024,Lighting,Cookware,2024-10-16,5539.34,1768.87,-3770.47,0,Monsoon,0,2025-07-01,429,261,12,125,340,572041.47,27,73.0,70.0,94.0,88.0,79.0
SKU024,2025-08-04,84,148585.08,1768.8700000000001,0,Product 024,Lighting,Cookware,2024-10-16,5539.34,1768.87,-3770.47,0,Monsoon,0,2025-08-01,182,318,5,91,162,242684.26,3,104.0,73.0,79.0,83.0,81.5
SKU024,2025-08-11,83,146816.21,1768.8700000000001,0,Product 024,Lighting,Cookware,2024-10-16,5539.34,1768.87,-3770.47,1,Monsoon,0,2025-08-01,182,318,5,91,162,242684.26,10,84.0,104.0,70.0,86.0,82.75
SKU024,2025-08-18,69,122052.03,1768.8700000000001,0,Product 024,Lighting,Cookware,2024-10-16,5539.34,1768.87,-3770.47,0,Monsoon,0,2025-08-01,182,318,5,91,162,242684.26,17,83.0,84.0,73.0,100.0,86.0
SKU024,2025-08-25,93,164504.91,1768.8700000000001,0,Product 024,Lighting,Cookware,2024-10-16,5539.34,1768.87,-3770.47,0,Monsoon,0,2025-08-01,182,318,5,91,162,242684.26,24,69.0,83.0,104.0,88.0,85.0
SKU024,2025-09-01,104,183962.48,1768.8700000000001,1,Product 024,Lighting,Cookware,2024-10-16,5539.34,1768.87,-3770.47,0,Monsoon,1,2025-09-01,75,99,3,46,87,100007.25,0,93.0,69.0,84.0,84.0,82.25
SKU024,2025-09-08,79,139740.72999999998,1768.8700000000001,1,Product 024,Lighting,Cookware,2024-10-16,5539.34,1768.87,-3770.47,0,Monsoon,1,2025-09-01,75,99,3,46,87,100007.25,7,104.0,93.0,83.0,83.0,87.25
SKU024,2025-09-15,84,148585.08000000002,1768.8700000000001,1,Product 024,Lighting,Cookware,2024-10-16,5539.34,1768.87,-3770.47,0,Monsoon,1,2025-09-01,75,99,3,46,87,100007.25,14,79.0,104.0,69.0,72.0,86.25
SKU024,2025-09-22,80,141509.6,1768.8700000000001,1,Product 024,Lighting,Cookware,2024-10-16,5539.34,1768.87,-3770.47,0,Monsoon,1,2025-09-01,75,99,3,46,87,100007.25,21,84.0,79.0,93.0,85.0,90.0
SKU024,2025-09-29,69,122052.03,1768.8700000000001,0,Product 024,Lighting,Cookware,2024-10-16,5539.34,1768.87,-3770.47,0,Monsoon,0,2025-09-01,75,99,3,46,87,100007.25,28,80.0,84.0,104.0,83.0,86.75
SKU024,2025-10-06,65,114976.55,1768.8700000000001,0,Product 024,Lighting,Cookware,2024-10-16,5539.34,1768.87,-3770.47,0,Autumn,0,2025-10-01,119,126,14,84,267,158678.17,5,69.0,80.0,79.0,66.0,78.0
SKU024,2025-10-13,75,132665.25,1768.8700000000001,0,Product 024,Lighting,Cookware,2024-10-16,5539.34,1768.87,-3770.47,0,Autumn,0,2025-10-01,119,126,14,84,267,158678.17,12,65.0,69.0,84.0,72.0,74.5
SKU024,2025-10-20,82,145047.34,1768.8700000000001,0,Product 024,Lighting,Cookware,2024-10-16,5539.34,1768.87,-3770.47,1,Autumn,0,2025-10-01,119,126,14,84,267,158678.17,19,75.0,65.0,80.0,62.0,72.25
SKU024,2025-10-27,83,146816.21,1768.8700000000001,1,Product 024,Lighting,Cookware,2024-10-16,5539.34,1768.87,-3770.47,0,Autumn,1,2025-10-01,119,126,14,84,267,158678.17,26,82.0,75.0,69.0,86.0,72.75
SKU024,2025-11-03,82,145047.34,1768.8700000000001,1,Product 024,Lighting,Cookware,2024-10-16,5539.34,1768.87,-3770.47,0,Autumn,1,2025-11-01,337,112,3,89,126,449365.91,2,83.0,82.0,65.0,78.0,76.25
SKU024,2025-11-10,82,145047.34,1768.8700000000001,1,Product 024,Lighting,Cookware,2024-10-16,5539.34,1768.87,-3770.47,0,Autumn,1,2025-11-01,337,112,3,89,126,449365.91,9,82.0,83.0,75.0,72.0,80.5
SKU024,2025-11-17,80,141509.6,1768.8700000000001,1,Product 024,Lighting,Cookware,2024-10-16,5539.34,1768.87,-3770.47,0,Autumn,1,2025-11-01,337,112,3,89,126,449365.91,16,82.0,82.0,82.0,74.0,82.25
SKU024,2025-11-24,76,134434.12,1768.8700000000001,1,Product 024,Lighting,Cookware,2024-10-16,5539.34,1768.87,-3770.47,0,Autumn,1,2025-11-01,337,112,3,89,126,449365.91,23,80.0,82.0,83.0,65.0,81.75
SKU024,2025-12-01,93,164504.91,1768.8700000000001,0,Product 024,Lighting,Cookware,2024-10-16,5539.34,1768.87,-3770.47,0,Winter,0,2025-12-01,341,18,14,60,259,454699.63,0,76.0,80.0,82.0,76.0,80.0
SKU024,2025-12-08,72,127358.64,1768.8700000000001,0,Product 024,Lighting,Cookware,2024-10-16,5539.34,1768.87,-3770.47,0,Winter,0,2025-12-01,341,18,14,60,259,454699.63,7,93.0,76.0,82.0,101.0,82.75
SKU024,2025-12-15,85,150353.95,1768.8700000000001,0,Product 024,Lighting,Cookware,2024-10-16,5539.34,1768.87,-3770.47,0,Winter,0,2025-12-01,341,18,14,60,259,454699.63,14,72.0,93.0,80.0,75.0,80.25
SKU024,2025-12-22,71,125589.77,1768.8700000000001,0,Product 024,Lighting,Cookware,2024-10-16,5539.34,1768.87,-3770.47,1,Winter,0,2025-12-01,341,18,14,60,259,454699.63,21,85.0,72.0,76.0,71.0,81.5
SKU025,2024-01-01,14,161812.14,11558.01,0,Product 025,Storage,Lamp,2024-05-09,1333.08,11558.01,10224.93,0,Winter,0,2024-01-01,34,10,12,7,19,132634.0,0,,,,,
SKU025,2024-01-08,21,242718.21000000002,11558.01,0,Product 025,Storage,Lamp,2024-05-09,1333.08,11558.01,10224.93,0,Winter,0,2024-01-01,34,10,12,7,19,132634.0,7,14.0,,,,
SKU025,2024-01-15,16,184928.16,11558.01,0,Product 025,Storage,Lamp,2024-05-09,1333.08,11558.01,10224.93,0,Winter,0,2024-01-01,34,10,12,7,19,132634.0,14,21.0,14.0,,,
SKU025,2024-01-22,24,277392.24,11558.01,0,Product 025,Storage,Lamp,2024-05-09,1333.08,11558.01,10224.93,1,Winter,0,2024-01-01,34,10,12,7,19,132634.0,21,16.0,21.0,,,
SKU025,2024-01-29,18,208044.18,11558.01,0,Product 025,Storage,Lamp,2024-05-09,1333.08,11558.01,10224.93,0,Winter,0,2024-01-01,34,10,12,7,19,132634.0,28,24.0,16.0,14.0,,18.75
SKU025,2024-02-05,19,219602.19,11558.01,0,Product 025,Storage,Lamp,2024-05-09,1333.08,11558.01,10224.93,0,Winter,0,2024-02-01,532,517,8,211,489,2075332.0,4,18.0,24.0,21.0,,19.75
SKU025,2024-02-12,18,208044.18,11558.01,0,Product 025,Storage,Lamp,2024-05-09,1333.08,11558.01,10224.93,0,Winter,0,2024-02-01,532,517,8,211,489,2075332.0,11,19.0,18.0,16.0,,19.25
SKU025,2024-02-19,23,265834.23,11558.01,0,Product 025,Storage,Lamp,2024-05-09,1333.08,11558.01,10224.93,0,Winter,0,2024-02-01,532,517,8,211,489,2075332.0,18,18.0,19.0,24.0,,19.75
SKU025,2024-02-26,25,288950.25,11558.01,1,Product 025,Storage,Lamp,2024-05-09,1333.08,11558.01,10224.93,0,Winter,1,2024-02-01,532,517,8,211,489,2075332.0,25,23.0,18.0,18.0,,19.5
SKU025,2024-03-04,22,254276.22,11558.01,1,Product 025,Storage,Lamp,2024-05-09,1333.08,11558.01,10224.93,0,Spring,1,2024-03-01,585,659,6,137,372,2282085.0,3,25.0,23.0,19.0,,21.25
SKU025,2024-03-11,21,242718.21000000002,11558.01,1,Product 025,Storage,Lamp,2024-05-09,1333.08,11558.01,10224.93,0,Spring,1,2024-03-01,585,659,6,137,372,2282085.0,10,22.0,25.0,18.0,,22.0
SKU025,2024-03-18,27,312066.27,11558.01,1,Product 025,Storage,Lamp,2024-05-09,1333.08,11558.01,10224.93,0,Spring,1,2024-03-01,585,659,6,137,372,2282085.0,17,21.0,22.0,23.0,,22.75
SKU025,2024-03-25,31,358298.31,11558.01,1,Product 025,Storage,Lamp,2024-05-09,1333.08,11558.01,10224.93,0,Spring,1,2024-03-01,585,659,6,137,372,2282085.0,24,27.0,21.0,25.0,,23.75
SKU025,2024-04-01,24,277392.24,11558.01,0,Product 025,Storage,Lamp,2024-05-09,1333.08,11558.01,10224.93,0,Spring,0,2024-04-01,1263,1100,10,350,810,4926963.0,0,31.0,27.0,22.0,,25.25
SKU025,2024-04-08,19,219602.19,11558.01,0,Product 025,Storage,Lamp,2024-05-09,1333.08,11558.01,10224.93,0,Spring,0,2024-04-01,1263,1100,10,350,810,4926963.0,7,24.0,31.0,21.0,,25.75
SKU025,2024-04-15,17,196486.17,11558.01,0,Product 025,Storage,Lamp,2024-05-09,1333.08,11558.01,10224.93,0,Spring,0,2024-04-01,1263,1100,10,350,810,4926963.0,14,19.0,24.0,27.0,,25.25
SKU025,2024-04-22,28,323624.28,11558.01,0,Product 025,Storage,Lamp,2024-05-09,1333.08,11558.01,10224.93,0,Spring,0,2024-04-01,1263,1100,10,350,810,4926963.0,21,17.0,19.0,31.0,,22.75
SKU025,2024-04-29,19,219602.19,11558.01,0,Product 025,Storage,Lamp,2024-05-09,1333.08,11558.01,10224.93,0,Spring,0,2024-04-01,1263,1100,10,350,810,4926963.0,28,28.0,17.0,24.0,,22.0
SKU025,2024-05-06,20,231160.2,11558.01,0,Product 025,Storage,Lamp,2024-05-09,1333.08,11558.01,10224.93,0,Summer,0,2024-05-01,1015,185,6,307,565,3959515.0,5,19.0,28.0,19.0,,20.75
SKU025,2024-05-13,21,242718.21,11558.01,0,Product 025,Storage,Lamp,2024-05-09,1333.08,11558.01,10224.93,0,Summer,0,2024-05-01,1015,185,6,307,565,3959515.0,12,20.0,19.0,17.0,,21.0
SKU025,2024-05-20,15,173370.15,11558.01,0,Product 025,Storage,Lamp,2024-05-09,1333.08,11558.01,10224.93,0,Summer,0,2024-05-01,1015,185,6,307,565,3959515.0,19,21.0,20.0,28.0,,22.0
SKU025,2024-05-27,16,184928.16,11558.01,1,Product 025,Storage,Lamp,2024-05-09,1333.08,11558.01,10224.93,0,Summer,1,2024-05-01,1015,185,6,307,565,3959515.0,26,15.0,21.0,19.0,,18.75
SKU025,2024-06-03,21,242718.21000000002,11558.01,1,Product 025,Storage,Lamp,2024-05-09,1333.08,11558.01,10224.93,0,Summer,1,2024-06-01,1407,841,9,255,626,5488707.0,2,16.0,15.0,20.0,,18.0
SKU025,2024-06-10,16,184928.16,11558.01,1,Product 025,Storage,Lamp,2024-05-09,1333.08,11558.01,10224.93,0,Summer,1,2024-06-01,1407,841,9,255,626,5488707.0,9,21.0,16.0,21.0,,18.25
SKU025,2024-06-17,18,208044.18,11558.01,1,Product 025,Storage,Lamp,2024-05-09,1333.08,11558.01,10224.93,0,Summer,1,2024-06-01,1407,841,9,255,626,5488707.0,16,16.0,21.0,15.0,,17.0
SKU025,2024-06-24,25,288950.25,11558.01,1,Product 025,Storage,Lamp,2024-05-09,1333.08,11558.01,10224.93,0,Summer,1,2024-06-01,1407,841,9,255,626,5488707.0,23,18.0,16.0,16.0,,17.75
SKU025,2024-07-01,24,277392.24,11558.01,0,Product 025,Storage,Lamp,2024-05-09,1333.08,11558.01,10224.93,0,Monsoon,0,2024-07-01,1339,717,9,199,571,5223439.0,0,25.0,18.0,21.0,,20.0
SKU025,2024-07-08,23,265834.23,11558.01,0,Product 025,Storage,Lamp,2024-05-09,1333.08,11558.01,10224.93,0,Monsoon,0,2024-07-01,1339,717,9,199,571,5223439.0,7,24.0,25.0,16.0,,20.75
SKU025,2024-07-15,16,184928.16,11558.01,0,Product 025,Storage,Lamp,2024-05-09,1333.08,11558.01,10224.93,0,Monsoon,0,2024-07-01,1339,717,9,199,571,5223439.0,14,23.0,24.0,18.0,,22.5
SKU025,2024-07-22,14,161812.14,11558.01,0,Product 025,Storage,Lamp,2024-05-09,1333.08,11558.01,10224.93,0,Monsoon,0,2024-07-01,1339,717,9,199,571,5223439.0,21,16.0,23.0,25.0,,22.0
SKU025,2024-07-29,18,208044.18,11558.01,0,Product 025,Storage,Lamp,2024-05-09,1333.08,11558.01,10224.93,0,Monsoon,0,2024-07-01,1339,717,9,199,571,5223439.0,28,14.0,16.0,24.0,,19.25
SKU025,2024-08-05,17,196486.17,11558.01,0,Product 025,Storage,Lamp,2024-05-09,1333.08,11558.01,10224.93,0,Monsoon,0,2024-08-01,483,277,11,227,624,1884183.0,4,18.0,14.0,23.0,,17.75
SKU025,2024-08-12,17,196486.17,11558.01,0,Product 025,Storage,Lamp,2024-05-09,1333.08,11558.01,10224.93,1,Monsoon,0,2024-08-01,483,277,11,227,624,1884183.0,11,17.0,18.0,16.0,,16.25
SKU025,2024-08-19,19,219602.19,11558.01,0,Product 025,Storage,Lamp,2024-05-09,1333.08,11558.01,10224.93,0,Monsoon,0,2024-08-01,483,277,11,227,624,1884183.0,18,17.0,17.0,14.0,,16.5
SKU025,2024-08-26,26,300508.26,11558.01,1,Product 025,Storage,Lamp,2024-05-09,1333.08,11558.01,10224.93,0,Monsoon,1,2024-08-01,483,277,11,227,624,1884183.0,25,19.0,17.0,18.0,,17.75
SKU025,2024-09-02,16,184928.16,11558.01,1,Product 025,Storage,Lamp,2024-05-09,1333.08,11558.01,10224.93,0,Monsoon,1,2024-09-01,606,242,9,240,537,2364006.0,1,26.0,19.0,17.0,,19.75
SKU025,2024-09-09,17,196486.17,11558.01,1,Product 025,Storage,Lamp,2024-05-09,1333.08,11558.01,10224.93,0,Monsoon,1,2024-09-01,606,242,9,240,537,2364006.0,8,16.0,26.0,17.0,,19.5
SKU025,2024-09-16,15,173370.15000000002,11558.01,1,Product 025,Storage,Lamp,2024-05-09,1333.08,11558.01,10224.93,0,Monsoon,1,2024-09-01,606,242,9,240,537,2364006.0,15,17.0,16.0,19.0,,19.5
SKU025,2024-09-23,12,138696.12,11558.01,1,Product 025,Storage,Lamp,2024-05-09,1333.08,11558.01,10224.93,0,Monsoon,1,2024-09-01,606,242,9,240,537,2364006.0,22,15.0,17.0,26.0,,18.5
SKU025,2024-09-30,14,161812.14,11558.01,0,Product 025,Storage,Lamp,2024-05-09,1333.08,11558.01,10224.93,0,Monsoon,0,2024-09-01,606,242,9,240,537,2364006.0,29,12.0,15.0,16.0,,15.0
SKU025,2024-10-07,20,231160.2,11558.01,0,Product 025,Storage,Lamp,2024-05-09,1333.08,11558.01,10224.93,0,Autumn,0,2024-10-01,916,356,11,183,527,3573316.0,6,14.0,12.0,17.0,,14.5
SKU025,2024-10-14,26,300508.26,11558.01,0,Product 025,Storage,Lamp,2024-05-09,1333.08,11558.01,10224.93,0,Autumn,0,2024-10-01,916,356,11,183,527,3573316.0,13,20.0,14.0,15.0,,15.25
SKU025,2024-10-21,16,184928.16,11558.01,0,Product 025,Storage,Lamp,2024-05-09,1333.08,11558.01,10224.93,0,Autumn,0,2024-10-01,916,356,11,183,527,3573316.0,20,26.0,20.0,12.0,,18.0
SKU025,2024-10-28,21,242718.21000000002,11558.01,1,Product 025,Storage,Lamp,2024-05-09,1333.08,11558.01,10224.93,1,Autumn,1,2024-10-01,916,356,11,183,527,3573316.0,27,16.0,26.0,14.0,,19.0
SKU025,2024-11-04,18,208044.18,11558.01,1,Product 025,Storage,Lamp,2024-05-09,1333.08,11558.01,10224.93,0,Autumn,1,2024-11-01,306,647,5,203,338,1193706.0,3,21.0,16.0,20.0,,20.75
SKU025,2024-11-11,17,196486.17,11558.01,1,Product 025,Storage,Lamp,2024-05-09,1333.08,11558.01,10224.93,0,Autumn,1,2024-11-01,306,647,5,203,338,1193706.0,10,18.0,21.0,26.0,,20.25
SKU025,2024-11-18,26,300508.26,11558.01,1,Product 025,Storage,Lamp,2024-05-09,1333.08,11558.01,10224.93,0,Autumn,1,2024-11-01,306,647,5,203,338,1193706.0,17,17.0,18.0,16.0,,18.0
SKU025,2024-11-25,5,57790.05,11558.01,1,Product 025,Storage,Lamp,2024-05-09,1333.08,11558.01,10224.93,0,Autumn,1,2024-11-01,306,647,5,203,338,1193706.0,24,26.0,17.0,21.0,,20.5
SKU025,2024-12-02,22,254276.22,11558.01,0,Product 025,Storage,Lamp,2024-05-09,1333.08,11558.01,10224.93,0,Winter,0,2024-12-01,317,628,3,235,329,1236617.0,1,5.0,26.0,18.0,,16.5
SKU025,2024-12-09,24,277392.24,11558.01,0,Product 025,Storage,Lamp,2024-05-09,1333.08,11558.01,10224.93,0,Winter,0,2024-12-01,317,628,3,235,329,1236617.0,8,22.0,5.0,17.0,,17.5
SKU025,2024-12-16,22,254276.22,11558.01,0,Product 025,Storage,Lamp,2024-05-09,1333.08,11558.01,10224.93,0,Winter,0,2024-12-01,317,628,3,235,329,1236617.0,15,24.0,22.0,26.0,,19.25
SKU025,2024-12-23,16,184928.16,11558.01,0,Product 025,Storage,Lamp,2024-05-09,1333.08,11558.01,10224.93,1,Winter,0,2024-12-01,317,628,3,235,329,1236617.0,22,22.0,24.0,5.0,,18.25
SKU025,2024-12-30,15,173370.15,11558.01,0,Product 025,Storage,Lamp,2024-05-09,1333.08,11558.01,10224.93,0,Winter,0,2024-12-01,317,628,3,235,329,1236617.0,29,16.0,22.0,22.0,14.0,21.0
SKU025,2025-01-06,21,242718.21,11558.01,0,Product 025,Storage,Lamp,2024-05-09,1333.08,11558.01,10224.93,0,Winter,0,2025-01-01,968,203,4,162,295,3776168.0,5,15.0,16.0,24.0,21.0,19.25
SKU025,2025-01-13,12,138696.12,11558.01,0,Product 025,Storage,Lamp,2024-05-09,1333.08,11558.01,10224.93,0,Winter,0,2025-01-01,968,203,4,162,295,3776168.0,12,21.0,15.0,22.0,16.0,18.5
SKU025,2025-01-20,21,242718.21000000002,11558.01,0,Product 025,Storage,Lamp,2024-05-09,1333.08,11558.01,10224.93,1,Winter,0,2025-01-01,968,203,4,162,295,3776168.0,19,12.0,21.0,16.0,24.0,16.0
SKU025,2025-01-27,17,196486.16999999998,11558.01,0,Product 025,Storage,Lamp,2024-05-09,1333.08,11558.01,10224.93,0,Winter,0,2025-01-01,968,203,4,162,295,3776168.0,26,21.0,12.0,15.0,18.0,17.25
SKU025,2025-02-03,28,323624.28,11558.01,0,Product 025,Storage,Lamp,2024-05-09,1333.08,11558.01,10224.93,0,Winter,0,2025-02-01,448,67,3,196,303,1747648.0,2,17.0,21.0,21.0,19.0,17.75
SKU025,2025-02-10,16,184928.16,11558.01,0,Product 025,Storage,Lamp,2024-05-09,1333.08,11558.01,10224.93,0,Winter,0,2025-02-01,448,67,3,196,303,1747648.0,9,28.0,17.0,12.0,18.0,19.5
SKU025,2025-02-17,17,196486.16999999998,11558.01,0,Product 025,Storage,Lamp,2024-05-09,1333.08,11558.01,10224.93,0,Winter,0,2025-02-01,448,67,3,196,303,1747648.0,16,16.0,28.0,21.0,23.0,20.5
SKU025,2025-02-24,27,312066.27,11558.01,1,Product 025,Storage,Lamp,2024-05-09,1333.08,11558.01,10224.93,0,Winter,1,2025-02-01,448,67,3,196,303,1747648.0,23,17.0,16.0,17.0,25.0,19.5
SKU025,2025-03-03,20,231160.2,11558.01,1,Product 025,Storage,Lamp,2024-05-09,1333.08,11558.01,10224.93,0,Spring,1,2025-03-01,298,870,6,225,463,1162498.0,2,27.0,17.0,28.0,22.0,22.0
SKU025,2025-03-10,16,184928.16,11558.01,1,Product 025,Storage,Lamp,2024-05-09,1333.08,11558.01,10224.93,0,Spring,1,2025-03-01,298,870,6,225,463,1162498.0,9,20.0,27.0,16.0,21.0,20.0
SKU025,2025-03-17,28,323624.28,11558.01,1,Product 025,Storage,Lamp,2024-05-09,1333.08,11558.01,10224.93,0,Spring,1,2025-03-01,298,870,6,225,463,1162498.0,16,16.0,20.0,17.0,27.0,20.0
SKU025,2025-03-24,27,312066.27,11558.01,1,Product 025,Storage,Lamp,2024-05-09,1333.08,11558.01,10224.93,0,Spring,1,2025-03-01,298,870,6,225,463,1162498.0,23,28.0,16.0,27.0,31.0,22.75
SKU025,2025-03-31,10,115580.1,11558.01,0,Product 025,Storage,Lamp,2024-05-09,1333.08,11558.01,10224.93,0,Spring,0,2025-03-01,298,870,6,225,463,1162498.0,30,27.0,28.0,20.0,24.0,22.75
SKU025,2025-04-07,26,300508.26,11558.01,0,Product 025,Storage,Lamp,2024-05-09,1333.08,11558.01,10224.93,0,Spring,0,2025-04-01,292,677,11,166,641,1139092.0,6,10.0,27.0,16.0,19.0,20.25
SKU025,2025-04-14,14,161812.14,11558.01,0,Product 025,Storage,Lamp,2024-05-09,1333.08,11558.01,10224.93,0,Spring,0,2025-04-01,292,677,11,166,641,1139092.0,13,26.0,10.0,28.0,17.0,22.75
SKU025,2025-04-21,16,184928.16,11558.01,0,Product 025,Storage,Lamp,2024-05-09,1333.08,11558.01,10224.93,0,Spring,0,2025-04-01,292,677,11,166,641,1139092.0,20,14.0,26.0,27.0,28.0,19.25
SKU025,2025-04-28,13,150254.13,11558.01,0,Product 025,Storage,Lamp,2024-05-09,1333.08,11558.01,10224.93,0,Spring,0,2025-04-01,292,677,11,166,641,1139092.0,27,16.0,14.0,10.0,19.0,16.5
SKU025,2025-05-05,16,184928.16,11558.01,0,Product 025,Storage,Lamp,2024-05-09,1333.08,11558.01,10224.93,0,Summer,0,2025-05-01,847,772,4,303,477,3304147.0,4,13.0,16.0,26.0,20.0,17.25
SKU025,2025-05-12,21,242718.21,11558.01,0,Product 025,Storage,Lamp,2024-05-09,1333.08,11558.01,10224.93,0,Summer,0,2025-05-01,847,772,4,303,477,3304147.0,11,16.0,13.0,14.0,21.0,14.75
SKU025,2025-05-19,19,219602.19,11558.01,0,Product 025,Storage,Lamp,2024-05-09,1333.08,11558.01,10224.93,0,Summer,0,2025-05-01,847,772,4,303,477,3304147.0,18,21.0,16.0,16.0,15.0,16.5
SKU025,2025-05-26,30,346740.3,11558.01,1,Product 025,Storage,Lamp,2024-05-09,1333.08,11558.01,10224.93,0,Summer,1,2025-05-01,847,772,4,303,477,3304147.0,25,19.0,21.0,13.0,16.0,17.25
SKU025,2025-06-02,19,219602.19,11558.01,1,Product 025,Storage,Lamp,2024-05-09,1333.08,11558.01,10224.93,0,Summer,1,2025-06-01,1181,324,6,170,407,4607081.0,1,30.0,19.0,16.0,21.0,21.5
SKU025,2025-06-09,23,265834.23,11558.01,1,Product 025,Storage,Lamp,2024-05-09,1333.08,11558.01,10224.93,0,Summer,1,2025-06-01,1181,324,6,170,407,4607081.0,8,19.0,30.0,21.0,16.0,22.25
SKU025,2025-06-16,16,184928.16,11558.01,1,Product 025,Storage,Lamp,2024-05-09,1333.08,11558.01,10224.93,0,Summer,1,2025-06-01,1181,324,6,170,407,4607081.0,15,23.0,19.0,19.0,18.0,22.75
SKU025,2025-06-23,25,288950.25,11558.01,1,Product 025,Storage,Lamp,2024-05-09,1333.08,11558.01,10224.93,0,Summer,1,2025-06-01,1181,324,6,170,407,4607081.0,22,16.0,23.0,30.0,25.0,22.0
SKU025,2025-06-30,18,208044.18,11558.01,0,Product 025,Storage,Lamp,2024-05-09,1333.08,11558.01,10224.93,0,Summer,0,2025-06-01,1181,324,6,170,407,4607081.0,29,25.0,16.0,19.0,24.0,20.75
SKU025,2025-07-07,15,173370.15,11558.01,0,Product 025,Storage,Lamp,2024-05-09,1333.08,11558.01,10224.93,0,Monsoon,0,2025-07-01,365,573,7,171,461,1423865.0,6,18.0,25.0,23.0,23.0,20.5
SKU025,2025-07-14,24,277392.24,11558.01,0,Product 025,Storage,Lamp,2024-05-09,1333.08,11558.01,10224.93,0,Monsoon,0,2025-07-01,365,573,7,171,461,1423865.0,13,15.0,18.0,16.0,16.0,18.5
SKU025,2025-07-21,23,265834.23,11558.01,0,Product 025,Storage,Lamp,2024-05-09,1333.08,11558.01,10224.93,0,Monsoon,0,2025-07-01,365,573,7,171,461,1423865.0,20,24.0,15.0,25.0,14.0,20.5
SKU025,2025-07-28,20,231160.2,11558.01,0,Product 025,Storage,Lamp,2024-05-09,1333.08,11558.01,10224.93,0,Monsoon,0,2025-07-01,365,573,7,171,461,1423865.0,27,23.0,24.0,18.0,18.0,20.0
SKU025,2025-08-04,17,196486.16999999998,11558.01,0,Product 025,Storage,Lamp,2024-05-09,1333.08,11558.01,10224.93,0,Monsoon,0,2025-08-01,594,562,8,227,507,2317194.0,3,20.0,23.0,15.0,17.0,20.5
SKU025,2025-08-11,13,150254.13,11558.01,0,Product 025,Storage,Lamp,2024-05-09,1333.08,11558.01,10224.93,1,Monsoon,0,2025-08-01,594,562,8,227,507,2317194.0,10,17.0,20.0,24.0,17.0,21.0
SKU025,2025-08-18,18,208044.18,11558.01,0,Product 025,Storage,Lamp,2024-05-09,1333.08,11558.01,10224.93,0,Monsoon,0,2025-08-01,594,562,8,227,507,2317194.0,17,13.0,17.0,23.0,19.0,18.25
SKU025,2025-08-25,22,254276.22,11558.01,0,Product 025,Storage,Lamp,2024-05-09,1333.08,11558.01,10224.93,0,Monsoon,0,2025-08-01,594,562,8,227,507,2317194.0,24,18.0,13.0,20.0,26.0,17.0
SKU025,2025-09-01,17,196486.17,11558.01,1,Product 025,Storage,Lamp,2024-05-09,1333.08,11558.01,10224.93,0,Monsoon,1,2025-09-01,322,488,4,160,296,1256122.0,0,22.0,18.0,17.0,16.0,17.5
SKU025,2025-09-08,16,184928.16,11558.01,1,Product 025,Storage,Lamp,2024-05-09,1333.08,11558.01,10224.93,0,Monsoon,1,2025-09-01,322,488,4,160,296,1256122.0,7,17.0,22.0,13.0,17.0,17.5
SKU025,2025-09-15,16,184928.16,11558.01,1,Product 025,Storage,Lamp,2024-05-09,1333.08,11558.01,10224.93,0,Monsoon,1,2025-09-01,322,488,4,160,296,1256122.0,14,16.0,17.0,18.0,15.0,18.25
SKU025,2025-09-22,21,242718.21,11558.01,1,Product 025,Storage,Lamp,2024-05-09,1333.08,11558.01,10224.93,0,Monsoon,1,2025-09-01,322,488,4,160,296,1256122.0,21,16.0,16.0,22.0,12.0,17.75
SKU025,2025-09-29,12,138696.12,11558.01,0,Product 025,Storage,Lamp,2024-05-09,1333.08,11558.01,10224.93,0,Monsoon,0,2025-09-01,322,488,4,160,296,1256122.0,28,21.0,16.0,17.0,14.0,17.5
SKU025,2025-10-06,13,150254.13,11558.01,0,Product 025,Storage,Lamp,2024-05-09,1333.08,11558.01,10224.93,0,Autumn,0,2025-10-01,330,150,4,174,302,1287330.0,5,12.0,21.0,16.0,20.0,16.25
SKU025,2025-10-13,17,196486.17,11558.01,0,Product 025,Storage,Lamp,2024-05-09,1333.08,11558.01,10224.93,0,Autumn,0,2025-10-01,330,150,4,174,302,1287330.0,12,13.0,12.0,16.0,26.0,15.5
SKU025,2025-10-20,17,196486.17,11558.01,0,Product 025,Storage,Lamp,2024-05-09,1333.08,11558.01,10224.93,1,Autumn,0,2025-10-01,330,150,4,174,302,1287330.0,19,17.0,13.0,21.0,16.0,15.75
SKU025,2025-10-27,20,231160.2,11558.01,1,Product 025,Storage,Lamp,2024-05-09,1333.08,11558.01,10224.93,0,Autumn,1,2025-10-01,330,150,4,174,302,1287330.0,26,17.0,17.0,12.0,21.0,14.75
SKU025,2025-11-03,18,208044.18,11558.01,1,Product 025,Storage,Lamp,2024-05-09,1333.08,11558.01,10224.93,0,Autumn,1,2025-11-01,295,53,3,194,278,1150795.0,2,20.0,17.0,13.0,18.0,16.75
SKU025,2025-11-10,18,208044.18,11558.01,1,Product 025,Storage,Lamp,2024-05-09,1333.08,11558.01,10224.93,0,Autumn,1,2025-11-01,295,53,3,194,278,1150795.0,9,18.0,20.0,17.0,17.0,18.0
SKU025,2025-11-17,12,138696.12,11558.01,1,Product 025,Storage,Lamp,2024-05-09,1333.08,11558.01,10224.93,0,Autumn,1,2025-11-01,295,53,3,194,278,1150795.0,16,18.0,18.0,17.0,26.0,18.25
SKU025,2025-11-24,9,104022.09,11558.01,1,Product 025,Storage,Lamp,2024-05-09,1333.08,11558.01,10224.93,0,Autumn,1,2025-11-01,295,53,3,194,278,1150795.0,23,12.0,18.0,20.0,5.0,17.0
SKU025,2025-12-01,18,208044.18,11558.01,0,Product 025,Storage,Lamp,2024-05-09,1333.08,11558.01,10224.93,0,Winter,0,2025-12-01,1124,61,14,121,582,4384724.0,0,9.0,12.0,18.0,22.0,14.25
SKU025,2025-12-08,13,150254.13,11558.01,0,Product 025,Storage,Lamp,2024-05-09,1333.08,11558.01,10224.93,0,Winter,0,2025-12-01,1124,61,14,121,582,4384724.0,7,18.0,9.0,18.0,24.0,14.25
SKU025,2025-12-15,14,161812.13999999998,11558.01,0,Product 025,Storage,Lamp,2024-05-09,1333.08,11558.01,10224.93,0,Winter,0,2025-12-01,1124,61,14,121,582,4384724.0,14,13.0,18.0,12.0,22.0,13.0
SKU025,2025-12-22,16,184928.16,11558.01,0,Product 025,Storage,Lamp,2024-05-09,1333.08,11558.01,10224.93,1,Winter,0,2025-12-01,1124,61,14,121,582,4384724.0,21,14.0,13.0,9.0,16.0,13.5
SKU026,2024-01-01,166,1815963.64,10939.539999999999,0,Product 026,Furniture,Shelf,2023-12-10,1799.29,10939.54,9140.25,0,Winter,0,2024-01-01,14,33,11,7,18,86502.36,0,,,,,
SKU026,2024-01-08,156,1706568.24,10939.539999999999,0,Product 026,Furniture,Shelf,2023-12-10,1799.29,10939.54,9140.25,0,Winter,0,2024-01-01,14,33,11,7,18,86502.36,7,166.0,,,,
SKU026,2024-01-15,152,1662810.08,10939.539999999999,0,Product 026,Furniture,Shelf,2023-12-10,1799.29,10939.54,9140.25,0,Winter,0,2024-01-01,14,33,11,7,18,86502.36,14,156.0,166.0,,,
SKU026,2024-01-22,150,1640931.0,10939.539999999999,0,Product 026,Furniture,Shelf,2023-12-10,1799.29,10939.54,9140.25,1,Winter,0,2024-01-01,14,33,11,7,18,86502.36,21,152.0,156.0,,,
SKU026,2024-01-29,158,1728447.32,10939.539999999999,0,Product 026,Furniture,Shelf,2023-12-10,1799.29,10939.54,9140.25,0,Winter,0,2024-01-01,14,33,11,7,18,86502.36,28,150.0,152.0,166.0,,156.0
SKU026,2024-02-05,195,2133210.3,10939.539999999999,0,Product 026,Furniture,Shelf,2023-12-10,1799.29,10939.54,9140.25,0,Winter,0,2024-02-01,146,65,11,31,101,902096.04,4,158.0,150.0,156.0,,154.0
SKU026,2024-02-12,169,1848782.26,10939.539999999999,0,Product 026,Furniture,Shelf,2023-12-10,1799.29,10939.54,9140.25,0,Winter,0,2024-02-01,146,65,11,31,101,902096.04,11,195.0,158.0,152.0,,163.75
SKU026,2024-02-19,171,1870661.34,10939.539999999999,0,Product 026,Furniture,Shelf,2023-12-10,1799.29,10939.54,9140.25,0,Winter,0,2024-02-01,146,65,11,31,101,902096.04,18,169.0,195.0,150.0,,168.0
SKU026,2024-02-26,161,1761265.94,10939.539999999999,1,Product 026,Furniture,Shelf,2023-12-10,1799.29,10939.54,9140.25,0,Winter,1,2024-02-01,146,65,11,31,101,902096.04,25,171.0,169.0,158.0,,173.25
SKU026,2024-03-04,189,2067573.06,10939.539999999999,1,Product 026,Furniture,Shelf,2023-12-10,1799.29,10939.54,9140.25,0,Spring,1,2024-03-01,140,20,9,35,98,865023.6,3,161.0,171.0,195.0,,174.0
SKU026,2024-03-11,222,2428577.88,10939.539999999999,1,Product 026,Furniture,Shelf,2023-12-10,1799.29,10939.54,9140.25,0,Spring,1,2024-03-01,140,20,9,35,98,865023.6,10,189.0,161.0,169.0,,172.5
SKU026,2024-03-18,202,2209787.08,10939.539999999999,1,Product 026,Furniture,Shelf,2023-12-10,1799.29,10939.54,9140.25,0,Spring,1,2024-03-01,140,20,9,35,98,865023.6,17,222.0,189.0,171.0,,185.75
SKU026,2024-03-25,179,1958177.6600000001,10939.539999999999,1,Product 026,Furniture,Shelf,2023-12-10,1799.29,10939.54,9140.25,0,Spring,1,2024-03-01,140,20,9,35,98,865023.6,24,202.0,222.0,161.0,,193.5
SKU026,2024-04-01,159,1739386.8599999999,10939.539999999999,0,Product 026,Furniture,Shelf,2023-12-10,1799.29,10939.54,9140.25,0,Spring,0,2024-04-01,85,5,9,43,110,525192.9,0,179.0,202.0,189.0,,198.0
SKU026,2024-04-08,196,2144149.84,10939.539999999999,0,Product 026,Furniture,Shelf,2023-12-10,1799.29,10939.54,9140.25,0,Spring,0,2024-04-01,85,5,9,43,110,525192.9,7,159.0,179.0,222.0,,190.5
SKU026,2024-04-15,181,1980056.74,10939.539999999999,0,Product 026,Furniture,Shelf,2023-12-10,1799.29,10939.54,9140.25,0,Spring,0,2024-04-01,85,5,9,43,110,525192.9,14,196.0,159.0,202.0,,184.0
SKU026,2024-04-22,186,2034754.44,10939.539999999999,0,Product 026,Furniture,Shelf,2023-12-10,1799.29,10939.54,9140.25,0,Spring,0,2024-04-01,85,5,9,43,110,525192.9,21,181.0,196.0,179.0,,178.75
SKU026,2024-04-29,174,1903479.96,10939.539999999999,0,Product 026,Furniture,Shelf,2023-12-10,1799.29,10939.54,9140.25,0,Spring,0,2024-04-01,85,5,9,43,110,525192.9,28,186.0,181.0,159.0,,180.5
SKU026,2024-05-06,190,2078512.6,10939.539999999999,0,Product 026,Furniture,Shelf,2023-12-10,1799.29,10939.54,9140.25,0,Summer,0,2024-05-01,198,53,13,53,142,1223390.52,5,174.0,186.0,196.0,,184.25
SKU026,2024-05-13,162,1772205.48,10939.539999999999,0,Product 026,Furniture,Shelf,2023-12-10,1799.29,10939.54,9140.25,0,Summer,0,2024-05-01,198,53,13,53,142,1223390.52,12,190.0,174.0,181.0,,182.75
SKU026,2024-05-20,180,1969117.2,10939.539999999999,0,Product 026,Furniture,Shelf,2023-12-10,1799.29,10939.54,9140.25,0,Summer,0,2024-05-01,198,53,13,53,142,1223390.52,19,162.0,190.0,186.0,,178.0
SKU026,2024-05-27,201,2198847.54,10939.539999999999,1,Product 026,Furniture,Shelf,2023-12-10,1799.29,10939.54,9140.25,0,Summer,1,2024-05-01,198,53,13,53,142,1223390.52,26,180.0,162.0,174.0,,176.5
SKU026,2024-06-03,183,2001935.82,10939.539999999999,1,Product 026,Furniture,Shelf,2023-12-10,1799.29,10939.54,9140.25,0,Summer,1,2024-06-01,223,283,13,48,149,1377859.02,2,201.0,180.0,190.0,,183.25
SKU026,2024-06-10,175,1914419.5,10939.539999999999,1,Product 026,Furniture,Shelf,2023-12-10,1799.29,10939.54,9140.25,0,Summer,1,2024-06-01,223,283,13,48,149,1377859.02,9,183.0,201.0,162.0,,181.5
SKU026,2024-06-17,211,2308242.94,10939.539999999999,1,Product 026,Furniture,Shelf,2023-12-10,1799.29,10939.54,9140.25,0,Summer,1,2024-06-01,223,283,13,48,149,1377859.02,16,175.0,183.0,180.0,,184.75
SKU026,2024-06-24,182,1990996.28,10939.539999999999,1,Product 026,Furniture,Shelf,2023-12-10,1799.29,10939.54,9140.25,0,Summer,1,2024-06-01,223,283,13,48,149,1377859.02,23,211.0,175.0,201.0,,192.5
SKU026,2024-07-01,163,1783145.02,10939.539999999999,0,Product 026,Furniture,Shelf,2023-12-10,1799.29,10939.54,9140.25,0,Monsoon,0,2024-07-01,220,75,8,41,101,1359322.8,0,182.0,211.0,183.0,,187.75
SKU026,2024-07-08,138,1509656.52,10939.539999999999,0,Product 026,Furniture,Shelf,2023-12-10,1799.29,10939.54,9140.25,0,Monsoon,0,2024-07-01,220,75,8,41,101,1359322.8,7,163.0,182.0,175.0,,182.75
SKU026,2024-07-15,157,1717507.78,10939.539999999999,0,Product 026,Furniture,Shelf,2023-12-10,1799.29,10939.54,9140.25,0,Monsoon,0,2024-07-01,220,75,8,41,101,1359322.8,14,138.0,163.0,211.0,,173.5
SKU026,2024-07-22,137,1498716.98,10939.539999999999,0,Product 026,Furniture,Shelf,2023-12-10,1799.29,10939.54,9140.25,0,Monsoon,0,2024-07-01,220,75,8,41,101,1359322.8,21,157.0,138.0,182.0,,160.0
SKU026,2024-07-29,144,1575293.76,10939.539999999999,0,Product 026,Furniture,Shelf,2023-12-10,1799.29,10939.54,9140.25,0,Monsoon,0,2024-07-01,220,75,8,41,101,1359322.8,28,137.0,157.0,163.0,,148.75
SKU026,2024-08-05,138,1509656.52,10939.539999999999,0,Product 026,Furniture,Shelf,2023-12-10,1799.29,10939.54,9140.25,0,Monsoon,0,2024-08-01,164,72,10,30,84,1013313.36,4,144.0,137.0,138.0,,144.0
SKU026,2024-08-12,138,1509656.52,10939.539999999999,0,Product 026,Furniture,Shelf,2023-12-10,1799.29,10939.54,9140.25,1,Monsoon,0,2024-08-01,164,72,10,30,84,1013313.36,11,138.0,144.0,157.0,,144.0
SKU026,2024-08-19,144,1575293.76,10939.539999999999,0,Product 026,Furniture,Shelf,2023-12-10,1799.29,10939.54,9140.25,0,Monsoon,0,2024-08-01,164,72,10,30,84,1013313.36,18,138.0,138.0,137.0,,139.25
SKU026,2024-08-26,129,1411200.6600000001,10939.539999999999,1,Product 026,Furniture,Shelf,2023-12-10,1799.29,10939.54,9140.25,0,Monsoon,1,2024-08-01,164,72,10,30,84,1013313.36,25,144.0,138.0,144.0,,141.0
SKU026,2024-09-02,146,1597172.8399999999,10939.539999999999,1,Product 026,Furniture,Shelf,2023-12-10,1799.29,10939.54,9140.25,0,Monsoon,1,2024-09-01,160,96,7,19,57,988598.4,1,129.0,144.0,138.0,,137.25
SKU026,2024-09-09,143,1564354.22,10939.539999999999,1,Product 026,Furniture,Shelf,2023-12-10,1799.29,10939.54,9140.25,0,Monsoon,1,2024-09-01,160,96,7,19,57,988598.4,8,146.0,129.0,138.0,,139.25
SKU026,2024-09-16,120,1312744.8,10939.539999999999,1,Product 026,Furniture,Shelf,2023-12-10,1799.29,10939.54,9140.25,0,Monsoon,1,2024-09-01,160,96,7,19,57,988598.4,15,143.0,146.0,144.0,,140.5
SKU026,2024-09-23,129,1411200.6600000001,10939.539999999999,1,Product 026,Furniture,Shelf,2023-12-10,1799.29,10939.54,9140.25,0,Monsoon,1,2024-09-01,160,96,7,19,57,988598.4,22,120.0,143.0,129.0,,134.5
SKU026,2024-09-30,131,1433079.74,10939.539999999999,0,Product 026,Furniture,Shelf,2023-12-10,1799.29,10939.54,9140.25,0,Monsoon,0,2024-09-01,160,96,7,19,57,988598.4,29,129.0,120.0,146.0,,134.5
SKU026,2024-10-07,145,1586233.3,10939.539999999999,0,Product 026,Furniture,Shelf,2023-12-10,1799.29,10939.54,9140.25,0,Autumn,0,2024-10-01,144,7,9,52,111,889738.56,6,131.0,129.0,143.0,,130.75
SKU026,2024-10-14,141,1542475.1400000001,10939.539999999999,0,Product 026,Furniture,Shelf,2023-12-10,1799.29,10939.54,9140.25,0,Autumn,0,2024-10-01,144,7,9,52,111,889738.56,13,145.0,131.0,120.0,,131.25
SKU026,2024-10-21,137,1498716.98,10939.539999999999,0,Product 026,Furniture,Shelf,2023-12-10,1799.29,10939.54,9140.25,0,Autumn,0,2024-10-01,144,7,9,52,111,889738.56,20,141.0,145.0,129.0,,136.5
SKU026,2024-10-28,130,1422140.2,10939.539999999999,1,Product 026,Furniture,Shelf,2023-12-10,1799.29,10939.54,9140.25,1,Autumn,1,2024-10-01,144,7,9,52,111,889738.56,27,137.0,141.0,131.0,,138.5
SKU026,2024-11-04,127,1389321.58,10939.539999999999,1,Product 026,Furniture,Shelf,2023-12-10,1799.29,10939.54,9140.25,0,Autumn,1,2024-11-01,108,3,6,15,43,667303.92,3,130.0,137.0,145.0,,138.25
SKU026,2024-11-11,156,1706568.24,10939.539999999999,1,Product 026,Furniture,Shelf,2023-12-10,1799.29,10939.54,9140.25,0,Autumn,1,2024-11-01,108,3,6,15,43,667303.92,10,127.0,130.0,141.0,,133.75
SKU026,2024-11-18,124,1356502.96,10939.539999999999,1,Product 026,Furniture,Shelf,2023-12-10,1799.29,10939.54,9140.25,0,Autumn,1,2024-11-01,108,3,6,15,43,667303.92,17,156.0,127.0,137.0,,137.5
SKU026,2024-11-25,116,1268986.6400000001,10939.539999999999,1,Product 026,Furniture,Shelf,2023-12-10,1799.29,10939.54,9140.25,0,Autumn,1,2024-11-01,108,3,6,15,43,667303.92,24,124.0,156.0,130.0,,134.25
SKU026,2024-12-02,162,1772205.48,10939.539999999999,0,Product 026,Furniture,Shelf,2023-12-10,1799.29,10939.54,9140.25,0,Winter,0,2024-12-01,126,100,14,33,109,778521.24,1,116.0,124.0,127.0,,130.75
SKU026,2024-12-09,148,1619051.92,10939.539999999999,0,Product 026,Furniture,Shelf,2023-12-10,1799.29,10939.54,9140.25,0,Winter,0,2024-12-01,126,100,14,33,109,778521.24,8,162.0,116.0,156.0,,139.5
SKU026,2024-12-16,131,1433079.74,10939.539999999999,0,Product 026,Furniture,Shelf,2023-12-10,1799.29,10939.54,9140.25,0,Winter,0,2024-12-01,126,100,14,33,109,778521.24,15,148.0,162.0,124.0,,137.5
SKU026,2024-12-23,145,1586233.3,10939.539999999999,0,Product 026,Furniture,Shelf,2023-12-10,1799.29,10939.54,9140.25,1,Winter,0,2024-12-01,126,100,14,33,109,778521.24,22,131.0,148.0,116.0,,139.25
SKU026,2024-12-30,147,1608112.38,10939.539999999999,0,Product 026,Furniture,Shelf,2023-12-10,1799.29,10939.54,9140.25,0,Winter,0,2024-12-01,126,100,14,33,109,778521.24,29,145.0,131.0,162.0,166.0,146.5
SKU026,2025-01-06,165,1805024.1,10939.539999999999,0,Product 026,Furniture,Shelf,2023-12-10,1799.29,10939.54,9140.25,0,Winter,0,2025-01-01,201,108,14,42,128,1241926.74,5,147.0,145.0,148.0,156.0,142.75
SKU026,2025-01-13,136,1487777.44,10939.539999999999,0,Product 026,Furniture,Shelf,2023-12-10,1799.29,10939.54,9140.25,0,Winter,0,2025-01-01,201,108,14,42,128,1241926.74,12,165.0,147.0,131.0,152.0,147.0
SKU026,2025-01-20,165,1805024.0999999999,10939.539999999999,0,Product 026,Furniture,Shelf,2023-12-10,1799.29,10939.54,9140.25,1,Winter,0,2025-01-01,201,108,14,42,128,1241926.74,19,136.0,165.0,145.0,150.0,148.25
SKU026,2025-01-27,161,1761265.94,10939.539999999999,0,Product 026,Furniture,Shelf,2023-12-10,1799.29,10939.54,9140.25,0,Winter,0,2025-01-01,201,108,14,42,128,1241926.74,26,165.0,136.0,147.0,158.0,153.25
SKU026,2025-02-03,170,1859721.8,10939.539999999999,0,Product 026,Furniture,Shelf,2023-12-10,1799.29,10939.54,9140.25,0,Winter,0,2025-02-01,29,162,11,42,104,179183.46,2,161.0,165.0,165.0,195.0,156.75
SKU026,2025-02-10,166,1815963.6400000001,10939.539999999999,0,Product 026,Furniture,Shelf,2023-12-10,1799.29,10939.54,9140.25,0,Winter,0,2025-02-01,29,162,11,42,104,179183.46,9,170.0,161.0,136.0,169.0,158.0
SKU026,2025-02-17,177,1936298.58,10939.539999999999,0,Product 026,Furniture,Shelf,2023-12-10,1799.29,10939.54,9140.25,0,Winter,0,2025-02-01,29,162,11,42,104,179183.46,16,166.0,170.0,165.0,171.0,165.5
SKU026,2025-02-24,169,1848782.26,10939.539999999999,1,Product 026,Furniture,Shelf,2023-12-10,1799.29,10939.54,9140.25,0,Winter,1,2025-02-01,29,162,11,42,104,179183.46,23,177.0,166.0,161.0,161.0,168.5
SKU026,2025-03-03,173,1892540.42,10939.539999999999,1,Product 026,Furniture,Shelf,2023-12-10,1799.29,10939.54,9140.25,0,Spring,1,2025-03-01,40,20,10,38,101,247149.6,2,169.0,177.0,170.0,189.0,170.5
SKU026,2025-03-10,197,2155089.38,10939.539999999999,1,Product 026,Furniture,Shelf,2023-12-10,1799.29,10939.54,9140.25,0,Spring,1,2025-03-01,40,20,10,38,101,247149.6,9,173.0,169.0,166.0,222.0,171.25
SKU026,2025-03-17,207,2264484.78,10939.539999999999,1,Product 026,Furniture,Shelf,2023-12-10,1799.29,10939.54,9140.25,0,Spring,1,2025-03-01,40,20,10,38,101,247149.6,16,197.0,173.0,177.0,202.0,179.0
SKU026,2025-03-24,202,2209787.08,10939.539999999999,1,Product 026,Furniture,Shelf,2023-12-10,1799.29,10939.54,9140.25,0,Spring,1,2025-03-01,40,20,10,38,101,247149.6,23,207.0,197.0,169.0,179.0,186.5
SKU026,2025-03-31,174,1903479.96,10939.539999999999,0,Product 026,Furniture,Shelf,2023-12-10,1799.29,10939.54,9140.25,0,Spring,0,2025-03-01,40,20,10,38,101,247149.6,30,202.0,207.0,173.0,159.0,194.75
SKU026,2025-04-07,195,2133210.3,10939.539999999999,0,Product 026,Furniture,Shelf,2023-12-10,1799.29,10939.54,9140.25,0,Spring,0,2025-04-01,65,33,8,25,80,401618.1,6,174.0,202.0,197.0,196.0,195.0
SKU026,2025-04-14,160,1750326.4,10939.539999999999,0,Product 026,Furniture,Shelf,2023-12-10,1799.29,10939.54,9140.25,0,Spring,0,2025-04-01,65,33,8,25,80,401618.1,13,195.0,174.0,207.0,181.0,194.5
SKU026,2025-04-21,189,2067573.06,10939.539999999999,0,Product 026,Furniture,Shelf,2023-12-10,1799.29,10939.54,9140.25,0,Spring,0,2025-04-01,65,33,8,25,80,401618.1,20,160.0,195.0,202.0,186.0,182.75
SKU026,2025-04-28,179,1958177.6600000001,10939.539999999999,0,Product 026,Furniture,Shelf,2023-12-10,1799.29,10939.54,9140.25,0,Spring,0,2025-04-01,65,33,8,25,80,401618.1,27,189.0,160.0,174.0,174.0,179.5
SKU026,2025-05-05,177,1936298.58,10939.539999999999,0,Product 026,Furniture,Shelf,2023-12-10,1799.29,10939.54,9140.25,0,Summer,0,2025-05-01,136,42,6,40,85,840308.64,4,179.0,189.0,195.0,190.0,180.75
SKU026,2025-05-12,184,2012875.36,10939.539999999999,0,Product 026,Furniture,Shelf,2023-12-10,1799.29,10939.54,9140.25,0,Summer,0,2025-05-01,136,42,6,40,85,840308.64,11,177.0,179.0,160.0,162.0,176.25
SKU026,2025-05-19,177,1936298.58,10939.539999999999,0,Product 026,Furniture,Shelf,2023-12-10,1799.29,10939.54,9140.25,0,Summer,0,2025-05-01,136,42,6,40,85,840308.64,18,184.0,177.0,189.0,180.0,182.25
SKU026,2025-05-26,206,2253545.2399999998,10939.539999999999,1,Product 026,Furniture,Shelf,2023-12-10,1799.29,10939.54,9140.25,0,Summer,1,2025-05-01,136,42,6,40,85,840308.64,25,177.0,184.0,179.0,201.0,179.25
SKU026,2025-06-02,199,2176968.46,10939.539999999999,1,Product 026,Furniture,Shelf,2023-12-10,1799.29,10939.54,9140.25,0,Summer,1,2025-06-01,75,119,10,41,112,463405.5,1,206.0,177.0,177.0,183.0,186.0
SKU026,2025-06-09,201,2198847.54,10939.539999999999,1,Product 026,Furniture,Shelf,2023-12-10,1799.29,10939.54,9140.25,0,Summer,1,2025-06-01,75,119,10,41,112,463405.5,8,199.0,206.0,184.0,175.0,191.5
SKU026,2025-06-16,171,1870661.34,10939.539999999999,1,Product 026,Furniture,Shelf,2023-12-10,1799.29,10939.54,9140.25,0,Summer,1,2025-06-01,75,119,10,41,112,463405.5,15,201.0,199.0,177.0,211.0,195.75
SKU026,2025-06-23,161,1761265.94,10939.539999999999,1,Product 026,Furniture,Shelf,2023-12-10,1799.29,10939.54,9140.25,0,Summer,1,2025-06-01,75,119,10,41,112,463405.5,22,171.0,201.0,206.0,182.0,194.25
SKU026,2025-06-30,150,1640931.0,10939.539999999999,0,Product 026,Furniture,Shelf,2023-12-10,1799.29,10939.54,9140.25,0,Summer,0,2025-06-01,75,119,10,41,112,463405.5,29,161.0,171.0,199.0,163.0,183.0
SKU026,2025-07-07,153,1673749.6199999999,10939.539999999999,0,Product 026,Furniture,Shelf,2023-12-10,1799.29,10939.54,9140.25,0,Monsoon,0,2025-07-01,172,248,13,52,138,1062743.28,6,150.0,161.0,201.0,138.0,170.75
SKU026,2025-07-14,155,1695628.7,10939.539999999999,0,Product 026,Furniture,Shelf,2023-12-10,1799.29,10939.54,9140.25,0,Monsoon,0,2025-07-01,172,248,13,52,138,1062743.28,13,153.0,150.0,171.0,157.0,158.75
SKU026,2025-07-21,173,1892540.42,10939.539999999999,0,Product 026,Furniture,Shelf,2023-12-10,1799.29,10939.54,9140.25,0,Monsoon,0,2025-07-01,172,248,13,52,138,1062743.28,20,155.0,153.0,161.0,137.0,154.75
SKU026,2025-07-28,156,1706568.24,10939.539999999999,0,Product 026,Furniture,Shelf,2023-12-10,1799.29,10939.54,9140.25,0,Monsoon,0,2025-07-01,172,248,13,52,138,1062743.28,27,173.0,155.0,150.0,144.0,157.75
SKU026,2025-08-04,150,1640931.0,10939.539999999999,0,Product 026,Furniture,Shelf,2023-12-10,1799.29,10939.54,9140.25,0,Monsoon,0,2025-08-01,96,90,12,20,97,593159.04,3,156.0,173.0,153.0,138.0,159.25
SKU026,2025-08-11,128,1400261.12,10939.539999999999,0,Product 026,Furniture,Shelf,2023-12-10,1799.29,10939.54,9140.25,1,Monsoon,0,2025-08-01,96,90,12,20,97,593159.04,10,150.0,156.0,155.0,138.0,158.5
SKU026,2025-08-18,123,1345563.42,10939.539999999999,0,Product 026,Furniture,Shelf,2023-12-10,1799.29,10939.54,9140.25,0,Monsoon,0,2025-08-01,96,90,12,20,97,593159.04,17,128.0,150.0,173.0,144.0,151.75
SKU026,2025-08-25,129,1411200.6600000001,10939.539999999999,0,Product 026,Furniture,Shelf,2023-12-10,1799.29,10939.54,9140.25,0,Monsoon,0,2025-08-01,96,90,12,20,97,593159.04,24,123.0,128.0,156.0,129.0,139.25
SKU026,2025-09-01,153,1673749.62,10939.539999999999,1,Product 026,Furniture,Shelf,2023-12-10,1799.29,10939.54,9140.25,0,Monsoon,1,2025-09-01,110,18,3,25,41,679661.4,0,129.0,123.0,150.0,146.0,132.5
SKU026,2025-09-08,124,1356502.96,10939.539999999999,1,Product 026,Furniture,Shelf,2023-12-10,1799.29,10939.54,9140.25,0,Monsoon,1,2025-09-01,110,18,3,25,41,679661.4,7,153.0,129.0,128.0,143.0,133.25
SKU026,2025-09-15,138,1509656.52,10939.539999999999,1,Product 026,Furniture,Shelf,2023-12-10,1799.29,10939.54,9140.25,0,Monsoon,1,2025-09-01,110,18,3,25,41,679661.4,14,124.0,153.0,123.0,120.0,132.25
SKU026,2025-09-22,132,1444019.28,10939.539999999999,1,Product 026,Furniture,Shelf,2023-12-10,1799.29,10939.54,9140.25,0,Monsoon,1,2025-09-01,110,18,3,25,41,679661.4,21,138.0,124.0,129.0,129.0,136.0
SKU026,2025-09-29,114,1247107.56,10939.539999999999,0,Product 026,Furniture,Shelf,2023-12-10,1799.29,10939.54,9140.25,0,Monsoon,0,2025-09-01,110,18,3,25,41,679661.4,28,132.0,138.0,153.0,131.0,136.75
SKU026,2025-10-06,135,1476837.9,10939.539999999999,0,Product 026,Furniture,Shelf,2023-12-10,1799.29,10939.54,9140.25,0,Autumn,0,2025-10-01,56,39,13,42,115,346009.44,5,114.0,132.0,124.0,145.0,127.0
SKU026,2025-10-13,138,1509656.52,10939.539999999999,0,Product 026,Furniture,Shelf,2023-12-10,1799.29,10939.54,9140.25,0,Autumn,0,2025-10-01,56,39,13,42,115,346009.44,12,135.0,114.0,138.0,141.0,129.75
SKU026,2025-10-20,124,1356502.96,10939.539999999999,0,Product 026,Furniture,Shelf,2023-12-10,1799.29,10939.54,9140.25,1,Autumn,0,2025-10-01,56,39,13,42,115,346009.44,19,138.0,135.0,132.0,137.0,129.75
SKU026,2025-10-27,141,1542475.1400000001,10939.539999999999,1,Product 026,Furniture,Shelf,2023-12-10,1799.29,10939.54,9140.25,0,Autumn,1,2025-10-01,56,39,13,42,115,346009.44,26,124.0,138.0,114.0,130.0,127.75
SKU026,2025-11-03,127,1389321.58,10939.539999999999,1,Product 026,Furniture,Shelf,2023-12-10,1799.29,10939.54,9140.25,0,Autumn,1,2025-11-01,47,59,12,20,77,290400.78,2,141.0,124.0,135.0,127.0,134.5
SKU026,2025-11-10,130,1422140.2,10939.539999999999,1,Product 026,Furniture,Shelf,2023-12-10,1799.29,10939.54,9140.25,0,Autumn,1,2025-11-01,47,59,12,20,77,290400.78,9,127.0,141.0,138.0,156.0,132.5
SKU026,2025-11-17,128,1400261.12,10939.539999999999,1,Product 026,Furniture,Shelf,2023-12-10,1799.29,10939.54,9140.25,0,Autumn,1,2025-11-01,47,59,12,20,77,290400.78,16,130.0,127.0,124.0,124.0,130.5
SKU026,2025-11-24,126,1378382.04,10939.539999999999,1,Product 026,Furniture,Shelf,2023-12-10,1799.29,10939.54,9140.25,0,Autumn,1,2025-11-01,47,59,12,20,77,290400.78,23,128.0,130.0,141.0,116.0,131.5
SKU026,2025-12-01,157,1717507.78,10939.539999999999,0,Product 026,Furniture,Shelf,2023-12-10,1799.29,10939.54,9140.25,0,Winter,0,2025-12-01,160,70,5,31,59,988598.4,0,126.0,128.0,127.0,162.0,127.75
SKU026,2025-12-08,128,1400261.12,10939.539999999999,0,Product 026,Furniture,Shelf,2023-12-10,1799.29,10939.54,9140.25,0,Winter,0,2025-12-01,160,70,5,31,59,988598.4,7,157.0,126.0,130.0,148.0,135.25
SKU026,2025-12-15,156,1706568.24,10939.539999999999,0,Product 026,Furniture,Shelf,2023-12-10,1799.29,10939.54,9140.25,0,Winter,0,2025-12-01,160,70,5,31,59,988598.4,14,128.0,157.0,128.0,131.0,134.75
SKU026,2025-12-22,135,1476837.9,10939.539999999999,0,Product 026,Furniture,Shelf,2023-12-10,1799.29,10939.54,9140.25,1,Winter,0,2025-12-01,160,70,5,31,59,988598.4,21,156.0,128.0,126.0,145.0,141.75
SKU027,2024-01-01,162,1379689.2,8516.6,0,Product 027,Home Decor,Cabinet,2023-03-19,307.06,8516.6,8209.54,0,Winter,0,2024-01-01,25,1,11,5,16,114596.5,0,,,,,
SKU027,2024-01-08,170,1447822.0,8516.6,0,Product 027,Home Decor,Cabinet,2023-03-19,307.06,8516.6,8209.54,0,Winter,0,2024-01-01,25,1,11,5,16,114596.5,7,162.0,,,,
SKU027,2024-01-15,170,1447822.0,8516.6,0,Product 027,Home Decor,Cabinet,2023-03-19,307.06,8516.6,8209.54,0,Winter,0,2024-01-01,25,1,11,5,16,114596.5,14,170.0,162.0,,,
SKU027,2024-01-22,145,1234907.0,8516.6,0,Product 027,Home Decor,Cabinet,2023-03-19,307.06,8516.6,8209.54,1,Winter,0,2024-01-01,25,1,11,5,16,114596.5,21,170.0,170.0,,,
SKU027,2024-01-29,182,1550021.2,8516.6,0,Product 027,Home Decor,Cabinet,2023-03-19,307.06,8516.6,8209.54,0,Winter,0,2024-01-01,25,1,11,5,16,114596.5,28,145.0,170.0,162.0,,161.75
SKU027,2024-02-05,188,1601120.8,8516.6,0,Product 027,Home Decor,Cabinet,2023-03-19,307.06,8516.6,8209.54,0,Winter,0,2024-02-01,568,306,7,69,198,2603632.48,4,182.0,145.0,170.0,,166.75
SKU027,2024-02-12,177,1507438.2,8516.6,0,Product 027,Home Decor,Cabinet,2023-03-19,307.06,8516.6,8209.54,0,Winter,0,2024-02-01,568,306,7,69,198,2603632.48,11,188.0,182.0,170.0,,171.25
SKU027,2024-02-19,158,1345622.8,8516.6,0,Product 027,Home Decor,Cabinet,2023-03-19,307.06,8516.6,8209.54,0,Winter,0,2024-02-01,568,306,7,69,198,2603632.48,18,177.0,188.0,145.0,,173.0
SKU027,2024-02-26,188,1601120.8,8516.6,1,Product 027,Home Decor,Cabinet,2023-03-19,307.06,8516.6,8209.54,0,Winter,1,2024-02-01,568,306,7,69,198,2603632.48,25,158.0,177.0,182.0,,176.25
SKU027,2024-03-04,212,1805519.2,8516.6,1,Product 027,Home Decor,Cabinet,2023-03-19,307.06,8516.6,8209.54,0,Spring,1,2024-03-01,536,487,11,76,313,2456948.96,3,188.0,158.0,188.0,,177.75
SKU027,2024-03-11,214,1822552.4000000001,8516.6,1,Product 027,Home Decor,Cabinet,2023-03-19,307.06,8516.6,8209.54,0,Spring,1,2024-03-01,536,487,11,76,313,2456948.96,10,212.0,188.0,177.0,,183.75
SKU027,2024-03-18,195,1660737.0,8516.6,1,Product 027,Home Decor,Cabinet,2023-03-19,307.06,8516.6,8209.54,0,Spring,1,2024-03-01,536,487,11,76,313,2456948.96,17,214.0,212.0,158.0,,193.0
SKU027,2024-03-25,195,1660737.0,8516.6,1,Product 027,Home Decor,Cabinet,2023-03-19,307.06,8516.6,8209.54,0,Spring,1,2024-03-01,536,487,11,76,313,2456948.96,24,195.0,214.0,188.0,,202.25
SKU027,2024-04-01,200,1703320.0,8516.6,0,Product 027,Home Decor,Cabinet,2023-03-19,307.06,8516.6,8209.54,0,Spring,0,2024-04-01,177,97,13,160,462,811343.22,0,195.0,195.0,212.0,,204.0
SKU027,2024-04-08,181,1541504.6,8516.6,0,Product 027,Home Decor,Cabinet,2023-03-19,307.06,8516.6,8209.54,0,Spring,0,2024-04-01,177,97,13,160,462,811343.22,7,200.0,195.0,214.0,,201.0
SKU027,2024-04-15,185,1575571.0,8516.6,0,Product 027,Home Decor,Cabinet,2023-03-19,307.06,8516.6,8209.54,0,Spring,0,2024-04-01,177,97,13,160,462,811343.22,14,181.0,200.0,195.0,,192.75
SKU027,2024-04-22,205,1745903.0,8516.6,0,Product 027,Home Decor,Cabinet,2023-03-19,307.06,8516.6,8209.54,0,Spring,0,2024-04-01,177,97,13,160,462,811343.22,21,185.0,181.0,195.0,,190.25
SKU027,2024-04-29,188,1601120.8,8516.6,0,Product 027,Home Decor,Cabinet,2023-03-19,307.06,8516.6,8209.54,0,Spring,0,2024-04-01,177,97,13,160,462,811343.22,28,205.0,185.0,200.0,,192.75
SKU027,2024-05-06,194,1652220.4,8516.6,0,Product 027,Home Decor,Cabinet,2023-03-19,307.06,8516.6,8209.54,0,Summer,0,2024-05-01,562,459,10,160,388,2576129.32,5,188.0,205.0,181.0,,189.75
SKU027,2024-05-13,196,1669253.6,8516.6,0,Product 027,Home Decor,Cabinet,2023-03-19,307.06,8516.6,8209.54,0,Summer,0,2024-05-01,562,459,10,160,388,2576129.32,12,194.0,188.0,185.0,,193.0
SKU027,2024-05-20,193,1643703.8,8516.6,0,Product 027,Home Decor,Cabinet,2023-03-19,307.06,8516.6,8209.54,0,Summer,0,2024-05-01,562,459,10,160,388,2576129.32,19,196.0,194.0,205.0,,195.75
SKU027,2024-05-27,210,1788486.0,8516.6,1,Product 027,Home Decor,Cabinet,2023-03-19,307.06,8516.6,8209.54,0,Summer,1,2024-05-01,562,459,10,160,388,2576129.32,26,193.0,196.0,188.0,,192.75
SKU027,2024-06-03,179,1524471.4,8516.6,1,Product 027,Home Decor,Cabinet,2023-03-19,307.06,8516.6,8209.54,0,Summer,1,2024-06-01,712,434,13,142,412,3263708.32,2,210.0,193.0,194.0,,198.25
SKU027,2024-06-10,219,1865135.4,8516.6,1,Product 027,Home Decor,Cabinet,2023-03-19,307.06,8516.6,8209.54,0,Summer,1,2024-06-01,712,434,13,142,412,3263708.32,9,179.0,210.0,196.0,,194.5
SKU027,2024-06-17,200,1703320.0,8516.6,1,Product 027,Home Decor,Cabinet,2023-03-19,307.06,8516.6,8209.54,0,Summer,1,2024-06-01,712,434,13,142,412,3263708.32,16,219.0,179.0,193.0,,200.25
SKU027,2024-06-24,178,1515954.8,8516.6,1,Product 027,Home Decor,Cabinet,2023-03-19,307.06,8516.6,8209.54,0,Summer,1,2024-06-01,712,434,13,142,412,3263708.32,23,200.0,219.0,210.0,,202.0
SKU027,2024-07-01,149,1268973.4,8516.6,0,Product 027,Home Decor,Cabinet,2023-03-19,307.06,8516.6,8209.54,0,Monsoon,0,2024-07-01,519,230,5,153,259,2379023.34,0,178.0,200.0,179.0,,194.0
SKU027,2024-07-08,168,1430788.8,8516.6,0,Product 027,Home Decor,Cabinet,2023-03-19,307.06,8516.6,8209.54,0,Monsoon,0,2024-07-01,519,230,5,153,259,2379023.34,7,149.0,178.0,219.0,,186.5
SKU027,2024-07-15,167,1422272.2,8516.6,0,Product 027,Home Decor,Cabinet,2023-03-19,307.06,8516.6,8209.54,0,Monsoon,0,2024-07-01,519,230,5,153,259,2379023.34,14,168.0,149.0,200.0,,173.75
SKU027,2024-07-22,154,1311556.4,8516.6,0,Product 027,Home Decor,Cabinet,2023-03-19,307.06,8516.6,8209.54,0,Monsoon,0,2024-07-01,519,230,5,153,259,2379023.34,21,167.0,168.0,178.0,,165.5
SKU027,2024-07-29,151,1286006.6,8516.6,0,Product 027,Home Decor,Cabinet,2023-03-19,307.06,8516.6,8209.54,0,Monsoon,0,2024-07-01,519,230,5,153,259,2379023.34,28,154.0,167.0,149.0,,159.5
SKU027,2024-08-05,149,1268973.4,8516.6,0,Product 027,Home Decor,Cabinet,2023-03-19,307.06,8516.6,8209.54,0,Monsoon,0,2024-08-01,579,183,5,127,213,2654054.94,4,151.0,154.0,168.0,,160.0
SKU027,2024-08-12,158,1345622.8,8516.6,0,Product 027,Home Decor,Cabinet,2023-03-19,307.06,8516.6,8209.54,1,Monsoon,0,2024-08-01,579,183,5,127,213,2654054.94,11,149.0,151.0,167.0,,155.25
SKU027,2024-08-19,165,1405239.0,8516.6,0,Product 027,Home Decor,Cabinet,2023-03-19,307.06,8516.6,8209.54,0,Monsoon,0,2024-08-01,579,183,5,127,213,2654054.94,18,158.0,149.0,154.0,,153.0
SKU027,2024-08-26,154,1311556.4,8516.6,1,Product 027,Home Decor,Cabinet,2023-03-19,307.06,8516.6,8209.54,0,Monsoon,1,2024-08-01,579,183,5,127,213,2654054.94,25,165.0,158.0,151.0,,155.75
SKU027,2024-09-02,127,1081608.2,8516.6,1,Product 027,Home Decor,Cabinet,2023-03-19,307.06,8516.6,8209.54,0,Monsoon,1,2024-09-01,350,44,13,82,296,1604351.0,1,154.0,165.0,149.0,,156.5
SKU027,2024-09-09,134,1141224.4,8516.6,1,Product 027,Home Decor,Cabinet,2023-03-19,307.06,8516.6,8209.54,0,Monsoon,1,2024-09-01,350,44,13,82,296,1604351.0,8,127.0,154.0,158.0,,151.0
SKU027,2024-09-16,143,1217873.8,8516.6,1,Product 027,Home Decor,Cabinet,2023-03-19,307.06,8516.6,8209.54,0,Monsoon,1,2024-09-01,350,44,13,82,296,1604351.0,15,134.0,127.0,165.0,,145.0
SKU027,2024-09-23,156,1328589.6,8516.6,1,Product 027,Home Decor,Cabinet,2023-03-19,307.06,8516.6,8209.54,0,Monsoon,1,2024-09-01,350,44,13,82,296,1604351.0,22,143.0,134.0,154.0,,139.5
SKU027,2024-09-30,126,1073091.6,8516.6,0,Product 027,Home Decor,Cabinet,2023-03-19,307.06,8516.6,8209.54,0,Monsoon,0,2024-09-01,350,44,13,82,296,1604351.0,29,156.0,143.0,127.0,,140.0
SKU027,2024-10-07,126,1073091.6,8516.6,0,Product 027,Home Decor,Cabinet,2023-03-19,307.06,8516.6,8209.54,0,Autumn,0,2024-10-01,501,40,9,128,278,2296513.86,6,126.0,156.0,134.0,,139.75
SKU027,2024-10-14,121,1030508.6,8516.6,0,Product 027,Home Decor,Cabinet,2023-03-19,307.06,8516.6,8209.54,0,Autumn,0,2024-10-01,501,40,9,128,278,2296513.86,13,126.0,126.0,143.0,,137.75
SKU027,2024-10-21,151,1286006.6,8516.6,0,Product 027,Home Decor,Cabinet,2023-03-19,307.06,8516.6,8209.54,0,Autumn,0,2024-10-01,501,40,9,128,278,2296513.86,20,121.0,126.0,156.0,,132.25
SKU027,2024-10-28,138,1175290.8,8516.6,1,Product 027,Home Decor,Cabinet,2023-03-19,307.06,8516.6,8209.54,1,Autumn,1,2024-10-01,501,40,9,128,278,2296513.86,27,151.0,121.0,126.0,,131.0
SKU027,2024-11-04,143,1217873.8,8516.6,1,Product 027,Home Decor,Cabinet,2023-03-19,307.06,8516.6,8209.54,0,Autumn,1,2024-11-01,439,385,14,108,333,2012314.54,3,138.0,151.0,126.0,,134.0
SKU027,2024-11-11,153,1303039.8,8516.6,1,Product 027,Home Decor,Cabinet,2023-03-19,307.06,8516.6,8209.54,0,Autumn,1,2024-11-01,439,385,14,108,333,2012314.54,10,143.0,138.0,121.0,,138.25
SKU027,2024-11-18,163,1388205.8,8516.6,1,Product 027,Home Decor,Cabinet,2023-03-19,307.06,8516.6,8209.54,0,Autumn,1,2024-11-01,439,385,14,108,333,2012314.54,17,153.0,143.0,151.0,,146.25
SKU027,2024-11-25,152,1294523.2,8516.6,1,Product 027,Home Decor,Cabinet,2023-03-19,307.06,8516.6,8209.54,0,Autumn,1,2024-11-01,439,385,14,108,333,2012314.54,24,163.0,153.0,138.0,,149.25
SKU027,2024-12-02,153,1303039.8,8516.6,0,Product 027,Home Decor,Cabinet,2023-03-19,307.06,8516.6,8209.54,0,Winter,0,2024-12-01,460,43,3,61,111,2108575.6,1,152.0,163.0,143.0,,152.75
SKU027,2024-12-09,154,1311556.4,8516.6,0,Product 027,Home Decor,Cabinet,2023-03-19,307.06,8516.6,8209.54,0,Winter,0,2024-12-01,460,43,3,61,111,2108575.6,8,153.0,152.0,153.0,,155.25
SKU027,2024-12-16,133,1132707.8,8516.6,0,Product 027,Home Decor,Cabinet,2023-03-19,307.06,8516.6,8209.54,0,Winter,0,2024-12-01,460,43,3,61,111,2108575.6,15,154.0,153.0,163.0,,155.5
SKU027,2024-12-23,172,1464855.2,8516.6,0,Product 027,Home Decor,Cabinet,2023-03-19,307.06,8516.6,8209.54,1,Winter,0,2024-12-01,460,43,3,61,111,2108575.6,22,133.0,154.0,152.0,,148.0
SKU027,2024-12-30,185,1575571.0,8516.6,0,Product 027,Home Decor,Cabinet,2023-03-19,307.06,8516.6,8209.54,0,Winter,0,2024-12-01,460,43,3,61,111,2108575.6,29,172.0,133.0,153.0,162.0,153.0
SKU027,2025-01-06,167,1422272.2,8516.6,0,Product 027,Home Decor,Cabinet,2023-03-19,307.06,8516.6,8209.54,0,Winter,0,2025-01-01,99,310,13,54,272,453802.14,5,185.0,172.0,154.0,170.0,161.0
SKU027,2025-01-13,190,1618154.0,8516.6,0,Product 027,Home Decor,Cabinet,2023-03-19,307.06,8516.6,8209.54,0,Winter,0,2025-01-01,99,310,13,54,272,453802.14,12,167.0,185.0,133.0,170.0,164.25
SKU027,2025-01-20,179,1524471.4,8516.6,0,Product 027,Home Decor,Cabinet,2023-03-19,307.06,8516.6,8209.54,1,Winter,0,2025-01-01,99,310,13,54,272,453802.14,19,190.0,167.0,172.0,145.0,178.5
SKU027,2025-01-27,160,1362656.0,8516.6,0,Product 027,Home Decor,Cabinet,2023-03-19,307.06,8516.6,8209.54,0,Winter,0,2025-01-01,99,310,13,54,272,453802.14,26,179.0,190.0,185.0,182.0,180.25
SKU027,2025-02-03,197,1677770.2,8516.6,0,Product 027,Home Decor,Cabinet,2023-03-19,307.06,8516.6,8209.54,0,Winter,0,2025-02-01,205,215,6,104,211,939691.3,2,160.0,179.0,167.0,188.0,174.0
SKU027,2025-02-10,187,1592604.2,8516.6,0,Product 027,Home Decor,Cabinet,2023-03-19,307.06,8516.6,8209.54,0,Winter,0,2025-02-01,205,215,6,104,211,939691.3,9,197.0,160.0,190.0,177.0,181.5
SKU027,2025-02-17,156,1328589.5999999999,8516.6,0,Product 027,Home Decor,Cabinet,2023-03-19,307.06,8516.6,8209.54,0,Winter,0,2025-02-01,205,215,6,104,211,939691.3,16,187.0,197.0,179.0,158.0,180.75
SKU027,2025-02-24,204,1737386.4,8516.6,1,Product 027,Home Decor,Cabinet,2023-03-19,307.06,8516.6,8209.54,0,Winter,1,2025-02-01,205,215,6,104,211,939691.3,23,156.0,187.0,160.0,188.0,175.0
SKU027,2025-03-03,206,1754419.6,8516.6,1,Product 027,Home Decor,Cabinet,2023-03-19,307.06,8516.6,8209.54,0,Spring,1,2025-03-01,232,96,7,79,220,1063455.52,2,204.0,156.0,197.0,212.0,186.0
SKU027,2025-03-10,219,1865135.4,8516.6,1,Product 027,Home Decor,Cabinet,2023-03-19,307.06,8516.6,8209.54,0,Spring,1,2025-03-01,232,96,7,79,220,1063455.52,9,206.0,204.0,187.0,214.0,188.25
SKU027,2025-03-17,216,1839585.6,8516.6,1,Product 027,Home Decor,Cabinet,2023-03-19,307.06,8516.6,8209.54,0,Spring,1,2025-03-01,232,96,7,79,220,1063455.52,16,219.0,206.0,156.0,195.0,196.25
SKU027,2025-03-24,206,1754419.6,8516.6,1,Product 027,Home Decor,Cabinet,2023-03-19,307.06,8516.6,8209.54,0,Spring,1,2025-03-01,232,96,7,79,220,1063455.52,23,216.0,219.0,204.0,195.0,211.25
SKU027,2025-03-31,188,1601120.7999999998,8516.6,0,Product 027,Home Decor,Cabinet,2023-03-19,307.06,8516.6,8209.54,0,Spring,0,2025-03-01,232,96,7,79,220,1063455.52,30,206.0,216.0,206.0,200.0,211.75
SKU027,2025-04-07,195,1660737.0,8516.6,0,Product 027,Home Decor,Cabinet,2023-03-19,307.06,8516.6,8209.54,0,Spring,0,2025-04-01,775,125,11,108,380,3552491.5,6,188.0,206.0,219.0,181.0,207.25
SKU027,2025-04-14,228,1941784.8,8516.6,0,Product 027,Home Decor,Cabinet,2023-03-19,307.06,8516.6,8209.54,0,Spring,0,2025-04-01,775,125,11,108,380,3552491.5,13,195.0,188.0,216.0,185.0,201.25
SKU027,2025-04-21,180,1532988.0,8516.6,0,Product 027,Home Decor,Cabinet,2023-03-19,307.06,8516.6,8209.54,0,Spring,0,2025-04-01,775,125,11,108,380,3552491.5,20,228.0,195.0,206.0,205.0,204.25
SKU027,2025-04-28,188,1601120.8,8516.6,0,Product 027,Home Decor,Cabinet,2023-03-19,307.06,8516.6,8209.54,0,Spring,0,2025-04-01,775,125,11,108,380,3552491.5,27,180.0,228.0,188.0,188.0,197.75
SKU027,2025-05-05,180,1532988.0,8516.6,0,Product 027,Home Decor,Cabinet,2023-03-19,307.06,8516.6,8209.54,0,Summer,0,2025-05-01,614,389,12,68,332,2814490.04,4,188.0,180.0,195.0,194.0,197.75
SKU027,2025-05-12,209,1779969.4,8516.6,0,Product 027,Home Decor,Cabinet,2023-03-19,307.06,8516.6,8209.54,0,Summer,0,2025-05-01,614,389,12,68,332,2814490.04,11,180.0,188.0,228.0,196.0,194.0
SKU027,2025-05-19,204,1737386.4,8516.6,0,Product 027,Home Decor,Cabinet,2023-03-19,307.06,8516.6,8209.54,0,Summer,0,2025-05-01,614,389,12,68,332,2814490.04,18,209.0,180.0,180.0,193.0,189.25
SKU027,2025-05-26,195,1660737.0,8516.6,1,Product 027,Home Decor,Cabinet,2023-03-19,307.06,8516.6,8209.54,0,Summer,1,2025-05-01,614,389,12,68,332,2814490.04,25,204.0,209.0,188.0,210.0,195.25
SKU027,2025-06-02,181,1541504.5999999999,8516.6,1,Product 027,Home Decor,Cabinet,2023-03-19,307.06,8516.6,8209.54,0,Summer,1,2025-06-01,534,9,6,144,268,2447781.24,1,195.0,204.0,180.0,179.0,197.0
SKU027,2025-06-09,165,1405239.0,8516.6,1,Product 027,Home Decor,Cabinet,2023-03-19,307.06,8516.6,8209.54,0,Summer,1,2025-06-01,534,9,6,144,268,2447781.24,8,181.0,195.0,209.0,219.0,197.25
SKU027,2025-06-16,193,1643703.8,8516.6,1,Product 027,Home Decor,Cabinet,2023-03-19,307.06,8516.6,8209.54,0,Summer,1,2025-06-01,534,9,6,144,268,2447781.24,15,165.0,181.0,204.0,200.0,186.25
SKU027,2025-06-23,183,1558537.7999999998,8516.6,1,Product 027,Home Decor,Cabinet,2023-03-19,307.06,8516.6,8209.54,0,Summer,1,2025-06-01,534,9,6,144,268,2447781.24,22,193.0,165.0,195.0,178.0,183.5
SKU027,2025-06-30,165,1405239.0,8516.6,0,Product 027,Home Decor,Cabinet,2023-03-19,307.06,8516.6,8209.54,0,Summer,0,2025-06-01,534,9,6,144,268,2447781.24,29,183.0,193.0,181.0,149.0,180.5
SKU027,2025-07-07,185,1575571.0,8516.6,0,Product 027,Home Decor,Cabinet,2023-03-19,307.06,8516.6,8209.54,0,Monsoon,0,2025-07-01,281,658,11,117,351,1288064.66,6,165.0,183.0,165.0,168.0,176.5
SKU027,2025-07-14,163,1388205.8,8516.6,0,Product 027,Home Decor,Cabinet,2023-03-19,307.06,8516.6,8209.54,0,Monsoon,0,2025-07-01,281,658,11,117,351,1288064.66,13,185.0,165.0,193.0,167.0,181.5
SKU027,2025-07-21,155,1320073.0,8516.6,0,Product 027,Home Decor,Cabinet,2023-03-19,307.06,8516.6,8209.54,0,Monsoon,0,2025-07-01,281,658,11,117,351,1288064.66,20,163.0,185.0,183.0,154.0,174.0
SKU027,2025-07-28,156,1328589.6,8516.6,0,Product 027,Home Decor,Cabinet,2023-03-19,307.06,8516.6,8209.54,0,Monsoon,0,2025-07-01,281,658,11,117,351,1288064.66,27,155.0,163.0,165.0,151.0,167.0
SKU027,2025-08-04,120,1021992.0,8516.6,0,Product 027,Home Decor,Cabinet,2023-03-19,307.06,8516.6,8209.54,0,Monsoon,0,2025-08-01,263,604,11,127,340,1205555.18,3,156.0,155.0,185.0,149.0,164.75
SKU027,2025-08-11,146,1243423.6,8516.6,0,Product 027,Home Decor,Cabinet,2023-03-19,307.06,8516.6,8209.54,1,Monsoon,0,2025-08-01,263,604,11,127,340,1205555.18,10,120.0,156.0,163.0,158.0,148.5
SKU027,2025-08-18,145,1234907.0,8516.6,0,Product 027,Home Decor,Cabinet,2023-03-19,307.06,8516.6,8209.54,0,Monsoon,0,2025-08-01,263,604,11,127,340,1205555.18,17,146.0,120.0,155.0,165.0,144.25
SKU027,2025-08-25,138,1175290.8,8516.6,0,Product 027,Home Decor,Cabinet,2023-03-19,307.06,8516.6,8209.54,0,Monsoon,0,2025-08-01,263,604,11,127,340,1205555.18,24,145.0,146.0,156.0,154.0,141.75
SKU027,2025-09-01,167,1422272.2,8516.6,1,Product 027,Home Decor,Cabinet,2023-03-19,307.06,8516.6,8209.54,0,Monsoon,1,2025-09-01,368,36,6,102,206,1686860.48,0,138.0,145.0,120.0,127.0,137.25
SKU027,2025-09-08,143,1217873.8,8516.6,1,Product 027,Home Decor,Cabinet,2023-03-19,307.06,8516.6,8209.54,0,Monsoon,1,2025-09-01,368,36,6,102,206,1686860.48,7,167.0,138.0,146.0,134.0,149.0
SKU027,2025-09-15,158,1345622.8,8516.6,1,Product 027,Home Decor,Cabinet,2023-03-19,307.06,8516.6,8209.54,0,Monsoon,1,2025-09-01,368,36,6,102,206,1686860.48,14,143.0,167.0,145.0,143.0,148.25
SKU027,2025-09-22,150,1277490.0,8516.6,1,Product 027,Home Decor,Cabinet,2023-03-19,307.06,8516.6,8209.54,0,Monsoon,1,2025-09-01,368,36,6,102,206,1686860.48,21,158.0,143.0,138.0,156.0,151.5
SKU027,2025-09-29,151,1286006.6,8516.6,0,Product 027,Home Decor,Cabinet,2023-03-19,307.06,8516.6,8209.54,0,Monsoon,0,2025-09-01,368,36,6,102,206,1686860.48,28,150.0,158.0,167.0,126.0,154.5
SKU027,2025-10-06,149,1268973.4,8516.6,0,Product 027,Home Decor,Cabinet,2023-03-19,307.06,8516.6,8209.54,0,Autumn,0,2025-10-01,133,79,3,76,123,609653.38,5,151.0,150.0,143.0,126.0,150.5
SKU027,2025-10-13,127,1081608.2,8516.6,0,Product 027,Home Decor,Cabinet,2023-03-19,307.06,8516.6,8209.54,0,Autumn,0,2025-10-01,133,79,3,76,123,609653.38,12,149.0,151.0,158.0,121.0,152.0
SKU027,2025-10-20,130,1107158.0,8516.6,0,Product 027,Home Decor,Cabinet,2023-03-19,307.06,8516.6,8209.54,1,Autumn,0,2025-10-01,133,79,3,76,123,609653.38,19,127.0,149.0,150.0,151.0,144.25
SKU027,2025-10-27,136,1158257.6,8516.6,1,Product 027,Home Decor,Cabinet,2023-03-19,307.06,8516.6,8209.54,0,Autumn,1,2025-10-01,133,79,3,76,123,609653.38,26,130.0,127.0,151.0,138.0,139.25
SKU027,2025-11-03,147,1251940.2,8516.6,1,Product 027,Home Decor,Cabinet,2023-03-19,307.06,8516.6,8209.54,0,Autumn,1,2025-11-01,540,365,9,90,230,2475284.4,2,136.0,130.0,149.0,143.0,135.5
SKU027,2025-11-10,149,1268973.4,8516.6,1,Product 027,Home Decor,Cabinet,2023-03-19,307.06,8516.6,8209.54,0,Autumn,1,2025-11-01,540,365,9,90,230,2475284.4,9,147.0,136.0,127.0,153.0,135.0
SKU027,2025-11-17,163,1388205.8,8516.6,1,Product 027,Home Decor,Cabinet,2023-03-19,307.06,8516.6,8209.54,0,Autumn,1,2025-11-01,540,365,9,90,230,2475284.4,16,149.0,147.0,130.0,163.0,140.5
SKU027,2025-11-24,162,1379689.2,8516.6,1,Product 027,Home Decor,Cabinet,2023-03-19,307.06,8516.6,8209.54,0,Autumn,1,2025-11-01,540,365,9,90,230,2475284.4,23,163.0,149.0,136.0,152.0,148.75
SKU027,2025-12-01,153,1303039.8,8516.6,0,Product 027,Home Decor,Cabinet,2023-03-19,307.06,8516.6,8209.54,0,Winter,0,2025-12-01,567,103,3,83,133,2599048.62,0,162.0,163.0,147.0,153.0,155.25
SKU027,2025-12-08,161,1371172.6,8516.6,0,Product 027,Home Decor,Cabinet,2023-03-19,307.06,8516.6,8209.54,0,Winter,0,2025-12-01,567,103,3,83,133,2599048.62,7,153.0,162.0,149.0,154.0,156.75
SKU027,2025-12-15,182,1550021.2,8516.6,0,Product 027,Home Decor,Cabinet,2023-03-19,307.06,8516.6,8209.54,0,Winter,0,2025-12-01,567,103,3,83,133,2599048.62,14,161.0,153.0,163.0,133.0,159.75
SKU027,2025-12-22,144,1226390.4,8516.6,0,Product 027,Home Decor,Cabinet,2023-03-19,307.06,8516.6,8209.54,1,Winter,0,2025-12-01,567,103,3,83,133,2599048.62,21,182.0,161.0,162.0,172.0,164.5
SKU028,2024-01-01,32,111490.88,3484.09,0,Product 028,Kitchen,Rug,2024-06-24,6348.66,3484.09,-2864.57,0,Winter,0,2024-01-01,5,3,9,7,16,2444.2,0,,,,,
SKU028,2024-01-08,35,121943.15000000001,3484.09,0,Product 028,Kitchen,Rug,2024-06-24,6348.66,3484.09,-2864.57,0,Winter,0,2024-01-01,5,3,9,7,16,2444.2,7,32.0,,,,
SKU028,2024-01-15,39,135879.51,3484.09,0,Product 028,Kitchen,Rug,2024-06-24,6348.66,3484.09,-2864.57,0,Winter,0,2024-01-01,5,3,9,7,16,2444.2,14,35.0,32.0,,,
SKU028,2024-01-22,34,118459.06,3484.09,0,Product 028,Kitchen,Rug,2024-06-24,6348.66,3484.09,-2864.57,1,Winter,0,2024-01-01,5,3,9,7,16,2444.2,21,39.0,35.0,,,
SKU028,2024-01-29,40,139363.6,3484.09,0,Product 028,Kitchen,Rug,2024-06-24,6348.66,3484.09,-2864.57,0,Winter,0,2024-01-01,5,3,9,7,16,2444.2,28,34.0,39.0,32.0,,35.0
SKU028,2024-02-05,37,128911.33,3484.09,0,Product 028,Kitchen,Rug,2024-06-24,6348.66,3484.09,-2864.57,0,Winter,0,2024-02-01,711,290,8,104,272,347565.24,4,40.0,34.0,35.0,,37.0
SKU028,2024-02-12,43,149815.87,3484.09,0,Product 028,Kitchen,Rug,2024-06-24,6348.66,3484.09,-2864.57,0,Winter,0,2024-02-01,711,290,8,104,272,347565.24,11,37.0,40.0,39.0,,37.5
SKU028,2024-02-19,34,118459.06,3484.09,0,Product 028,Kitchen,Rug,2024-06-24,6348.66,3484.09,-2864.57,0,Winter,0,2024-02-01,711,290,8,104,272,347565.24,18,43.0,37.0,34.0,,38.5
SKU028,2024-02-26,44,153299.96000000002,3484.09,1,Product 028,Kitchen,Rug,2024-06-24,6348.66,3484.09,-2864.57,0,Winter,1,2024-02-01,711,290,8,104,272,347565.24,25,34.0,43.0,40.0,,38.5
SKU028,2024-03-04,54,188140.86000000002,3484.09,1,Product 028,Kitchen,Rug,2024-06-24,6348.66,3484.09,-2864.57,0,Spring,1,2024-03-01,292,420,8,152,323,142741.28,3,44.0,34.0,37.0,,39.5
SKU028,2024-03-11,43,149815.87,3484.09,1,Product 028,Kitchen,Rug,2024-06-24,6348.66,3484.09,-2864.57,0,Spring,1,2024-03-01,292,420,8,152,323,142741.28,10,54.0,44.0,43.0,,43.75
SKU028,2024-03-18,47,163752.23,3484.09,1,Product 028,Kitchen,Rug,2024-06-24,6348.66,3484.09,-2864.57,0,Spring,1,2024-03-01,292,420,8,152,323,142741.28,17,43.0,54.0,34.0,,43.75
SKU028,2024-03-25,56,195109.04,3484.09,1,Product 028,Kitchen,Rug,2024-06-24,6348.66,3484.09,-2864.57,0,Spring,1,2024-03-01,292,420,8,152,323,142741.28,24,47.0,43.0,44.0,,47.0
SKU028,2024-04-01,47,163752.23,3484.09,0,Product 028,Kitchen,Rug,2024-06-24,6348.66,3484.09,-2864.57,0,Spring,0,2024-04-01,841,202,6,142,306,411114.44,0,56.0,47.0,54.0,,50.0
SKU028,2024-04-08,50,174204.5,3484.09,0,Product 028,Kitchen,Rug,2024-06-24,6348.66,3484.09,-2864.57,0,Spring,0,2024-04-01,841,202,6,142,306,411114.44,7,47.0,56.0,43.0,,48.25
SKU028,2024-04-15,56,195109.04,3484.09,0,Product 028,Kitchen,Rug,2024-06-24,6348.66,3484.09,-2864.57,0,Spring,0,2024-04-01,841,202,6,142,306,411114.44,14,50.0,47.0,47.0,,50.0
SKU028,2024-04-22,44,153299.96,3484.09,0,Product 028,Kitchen,Rug,2024-06-24,6348.66,3484.09,-2864.57,0,Spring,0,2024-04-01,841,202,6,142,306,411114.44,21,56.0,50.0,56.0,,52.25
SKU028,2024-04-29,40,139363.6,3484.09,0,Product 028,Kitchen,Rug,2024-06-24,6348.66,3484.09,-2864.57,0,Spring,0,2024-04-01,841,202,6,142,306,411114.44,28,44.0,56.0,47.0,,49.25
SKU028,2024-05-06,45,156784.05000000002,3484.09,0,Product 028,Kitchen,Rug,2024-06-24,6348.66,3484.09,-2864.57,0,Summer,0,2024-05-01,184,578,10,124,367,89946.56,5,40.0,44.0,50.0,,47.5
SKU028,2024-05-13,53,184656.77,3484.09,0,Product 028,Kitchen,Rug,2024-06-24,6348.66,3484.09,-2864.57,0,Summer,0,2024-05-01,184,578,10,124,367,89946.56,12,45.0,40.0,56.0,,46.25
SKU028,2024-05-20,40,139363.6,3484.09,0,Product 028,Kitchen,Rug,2024-06-24,6348.66,3484.09,-2864.57,0,Summer,0,2024-05-01,184,578,10,124,367,89946.56,19,53.0,45.0,44.0,,45.5
SKU028,2024-05-27,52,181172.68,3484.09,1,Product 028,Kitchen,Rug,2024-06-24,6348.66,3484.09,-2864.57,0,Summer,1,2024-05-01,184,578,10,124,367,89946.56,26,40.0,53.0,40.0,,44.5
SKU028,2024-06-03,32,111490.88,3484.09,1,Product 028,Kitchen,Rug,2024-06-24,6348.66,3484.09,-2864.57,0,Summer,1,2024-06-01,405,318,11,118,377,197980.2,2,52.0,40.0,45.0,,47.5
SKU028,2024-06-10,48,167236.32,3484.09,1,Product 028,Kitchen,Rug,2024-06-24,6348.66,3484.09,-2864.57,0,Summer,1,2024-06-01,405,318,11,118,377,197980.2,9,32.0,52.0,53.0,,44.25
SKU028,2024-06-17,52,181172.68,3484.09,1,Product 028,Kitchen,Rug,2024-06-24,6348.66,3484.09,-2864.57,0,Summer,1,2024-06-01,405,318,11,118,377,197980.2,16,48.0,32.0,40.0,,43.0
SKU028,2024-06-24,52,181172.68,3484.09,1,Product 028,Kitchen,Rug,2024-06-24,6348.66,3484.09,-2864.57,0,Summer,1,2024-06-01,405,318,11,118,377,197980.2,23,52.0,48.0,52.0,,46.0
SKU028,2024-07-01,42,146331.78,3484.09,0,Product 028,Kitchen,Rug,2024-06-24,6348.66,3484.09,-2864.57,0,Monsoon,0,2024-07-01,248,741,13,153,484,121232.32,0,52.0,52.0,32.0,,46.0
SKU028,2024-07-08,37,128911.33,3484.09,0,Product 028,Kitchen,Rug,2024-06-24,6348.66,3484.09,-2864.57,0,Monsoon,0,2024-07-01,248,741,13,153,484,121232.32,7,42.0,52.0,48.0,,48.5
SKU028,2024-07-15,39,135879.51,3484.09,0,Product 028,Kitchen,Rug,2024-06-24,6348.66,3484.09,-2864.57,0,Monsoon,0,2024-07-01,248,741,13,153,484,121232.32,14,37.0,42.0,52.0,,45.75
SKU028,2024-07-22,46,160268.14,3484.09,0,Product 028,Kitchen,Rug,2024-06-24,6348.66,3484.09,-2864.57,0,Monsoon,0,2024-07-01,248,741,13,153,484,121232.32,21,39.0,37.0,52.0,,42.5
SKU028,2024-07-29,30,104522.70000000001,3484.09,0,Product 028,Kitchen,Rug,2024-06-24,6348.66,3484.09,-2864.57,0,Monsoon,0,2024-07-01,248,741,13,153,484,121232.32,28,46.0,39.0,42.0,,41.0
SKU028,2024-08-05,28,97554.52,3484.09,0,Product 028,Kitchen,Rug,2024-06-24,6348.66,3484.09,-2864.57,0,Monsoon,0,2024-08-01,361,54,3,110,172,176471.24,4,30.0,46.0,37.0,,38.0
SKU028,2024-08-12,31,108006.79000000001,3484.09,0,Product 028,Kitchen,Rug,2024-06-24,6348.66,3484.09,-2864.57,1,Monsoon,0,2024-08-01,361,54,3,110,172,176471.24,11,28.0,30.0,39.0,,35.75
SKU028,2024-08-19,37,128911.33,3484.09,0,Product 028,Kitchen,Rug,2024-06-24,6348.66,3484.09,-2864.57,0,Monsoon,0,2024-08-01,361,54,3,110,172,176471.24,18,31.0,28.0,46.0,,33.75
SKU028,2024-08-26,31,108006.79000000001,3484.09,1,Product 028,Kitchen,Rug,2024-06-24,6348.66,3484.09,-2864.57,0,Monsoon,1,2024-08-01,361,54,3,110,172,176471.24,25,37.0,31.0,30.0,,31.5
SKU028,2024-09-02,41,142847.69,3484.09,1,Product 028,Kitchen,Rug,2024-06-24,6348.66,3484.09,-2864.57,0,Monsoon,1,2024-09-01,315,95,6,71,176,153984.6,1,31.0,37.0,28.0,,31.75
SKU028,2024-09-09,26,90586.34,3484.09,1,Product 028,Kitchen,Rug,2024-06-24,6348.66,3484.09,-2864.57,0,Monsoon,1,2024-09-01,315,95,6,71,176,153984.6,8,41.0,31.0,31.0,,35.0
SKU028,2024-09-16,44,153299.96000000002,3484.09,1,Product 028,Kitchen,Rug,2024-06-24,6348.66,3484.09,-2864.57,0,Monsoon,1,2024-09-01,315,95,6,71,176,153984.6,15,26.0,41.0,37.0,,33.75
SKU028,2024-09-23,25,87102.25,3484.09,1,Product 028,Kitchen,Rug,2024-06-24,6348.66,3484.09,-2864.57,0,Monsoon,1,2024-09-01,315,95,6,71,176,153984.6,22,44.0,26.0,31.0,,35.5
SKU028,2024-09-30,36,125427.24,3484.09,0,Product 028,Kitchen,Rug,2024-06-24,6348.66,3484.09,-2864.57,0,Monsoon,0,2024-09-01,315,95,6,71,176,153984.6,29,25.0,44.0,41.0,,34.0
SKU028,2024-10-07,29,101038.61,3484.09,0,Product 028,Kitchen,Rug,2024-06-24,6348.66,3484.09,-2864.57,0,Autumn,0,2024-10-01,345,118,3,69,127,168649.8,6,36.0,25.0,26.0,,32.75
SKU028,2024-10-14,34,118459.06,3484.09,0,Product 028,Kitchen,Rug,2024-06-24,6348.66,3484.09,-2864.57,0,Autumn,0,2024-10-01,345,118,3,69,127,168649.8,13,29.0,36.0,44.0,,33.5
SKU028,2024-10-21,26,90586.34,3484.09,0,Product 028,Kitchen,Rug,2024-06-24,6348.66,3484.09,-2864.57,0,Autumn,0,2024-10-01,345,118,3,69,127,168649.8,20,34.0,29.0,25.0,,31.0
SKU028,2024-10-28,40,139363.6,3484.09,1,Product 028,Kitchen,Rug,2024-06-24,6348.66,3484.09,-2864.57,1,Autumn,1,2024-10-01,345,118,3,69,127,168649.8,27,26.0,34.0,36.0,,31.25
SKU028,2024-11-04,32,111490.88,3484.09,1,Product 028,Kitchen,Rug,2024-06-24,6348.66,3484.09,-2864.57,0,Autumn,1,2024-11-01,541,280,12,70,292,264462.44,3,40.0,26.0,29.0,,32.25
SKU028,2024-11-11,33,114974.97,3484.09,1,Product 028,Kitchen,Rug,2024-06-24,6348.66,3484.09,-2864.57,0,Autumn,1,2024-11-01,541,280,12,70,292,264462.44,10,32.0,40.0,34.0,,33.0
SKU028,2024-11-18,30,104522.70000000001,3484.09,1,Product 028,Kitchen,Rug,2024-06-24,6348.66,3484.09,-2864.57,0,Autumn,1,2024-11-01,541,280,12,70,292,264462.44,17,33.0,32.0,26.0,,32.75
SKU028,2024-11-25,41,142847.69,3484.09,1,Product 028,Kitchen,Rug,2024-06-24,6348.66,3484.09,-2864.57,0,Autumn,1,2024-11-01,541,280,12,70,292,264462.44,24,30.0,33.0,40.0,,33.75
SKU028,2024-12-02,36,125427.23999999999,3484.09,0,Product 028,Kitchen,Rug,2024-06-24,6348.66,3484.09,-2864.57,0,Winter,0,2024-12-01,390,122,6,61,177,190647.6,1,41.0,30.0,32.0,,34.0
SKU028,2024-12-09,48,167236.32,3484.09,0,Product 028,Kitchen,Rug,2024-06-24,6348.66,3484.09,-2864.57,0,Winter,0,2024-12-01,390,122,6,61,177,190647.6,8,36.0,41.0,33.0,,35.0
SKU028,2024-12-16,45,156784.05,3484.09,0,Product 028,Kitchen,Rug,2024-06-24,6348.66,3484.09,-2864.57,0,Winter,0,2024-12-01,390,122,6,61,177,190647.6,15,48.0,36.0,30.0,,38.75
SKU028,2024-12-23,37,128911.33,3484.09,0,Product 028,Kitchen,Rug,2024-06-24,6348.66,3484.09,-2864.57,1,Winter,0,2024-12-01,390,122,6,61,177,190647.6,22,45.0,48.0,41.0,,42.5
SKU028,2024-12-30,47,163752.23,3484.09,0,Product 028,Kitchen,Rug,2024-06-24,6348.66,3484.09,-2864.57,0,Winter,0,2024-12-01,390,122,6,61,177,190647.6,29,37.0,45.0,36.0,32.0,41.5
SKU028,2025-01-06,41,142847.69,3484.09,0,Product 028,Kitchen,Rug,2024-06-24,6348.66,3484.09,-2864.57,0,Winter,0,2025-01-01,323,232,10,128,313,157895.32,5,47.0,37.0,48.0,35.0,44.25
SKU028,2025-01-13,43,149815.87,3484.09,0,Product 028,Kitchen,Rug,2024-06-24,6348.66,3484.09,-2864.57,0,Winter,0,2025-01-01,323,232,10,128,313,157895.32,12,41.0,47.0,45.0,39.0,42.5
SKU028,2025-01-20,42,146331.78,3484.09,0,Product 028,Kitchen,Rug,2024-06-24,6348.66,3484.09,-2864.57,1,Winter,0,2025-01-01,323,232,10,128,313,157895.32,19,43.0,41.0,37.0,34.0,42.0
SKU028,2025-01-27,38,132395.42,3484.09,0,Product 028,Kitchen,Rug,2024-06-24,6348.66,3484.09,-2864.57,0,Winter,0,2025-01-01,323,232,10,128,313,157895.32,26,42.0,43.0,47.0,40.0,43.25
SKU028,2025-02-03,44,153299.96000000002,3484.09,0,Product 028,Kitchen,Rug,2024-06-24,6348.66,3484.09,-2864.57,0,Winter,0,2025-02-01,583,312,11,146,372,284993.72,2,38.0,42.0,41.0,37.0,41.0
SKU028,2025-02-10,37,128911.33,3484.09,0,Product 028,Kitchen,Rug,2024-06-24,6348.66,3484.09,-2864.57,0,Winter,0,2025-02-01,583,312,11,146,372,284993.72,9,44.0,38.0,43.0,43.0,41.75
SKU028,2025-02-17,32,111490.88,3484.09,0,Product 028,Kitchen,Rug,2024-06-24,6348.66,3484.09,-2864.57,0,Winter,0,2025-02-01,583,312,11,146,372,284993.72,16,37.0,44.0,42.0,34.0,40.25
SKU028,2025-02-24,41,142847.69,3484.09,1,Product 028,Kitchen,Rug,2024-06-24,6348.66,3484.09,-2864.57,0,Winter,1,2025-02-01,583,312,11,146,372,284993.72,23,32.0,37.0,38.0,44.0,37.75
SKU028,2025-03-03,52,181172.68,3484.09,1,Product 028,Kitchen,Rug,2024-06-24,6348.66,3484.09,-2864.57,0,Spring,1,2025-03-01,162,596,10,167,407,79192.08,2,41.0,32.0,44.0,54.0,38.5
SKU028,2025-03-10,43,149815.87,3484.09,1,Product 028,Kitchen,Rug,2024-06-24,6348.66,3484.09,-2864.57,0,Spring,1,2025-03-01,162,596,10,167,407,79192.08,9,52.0,41.0,37.0,43.0,40.5
SKU028,2025-03-17,50,174204.5,3484.09,1,Product 028,Kitchen,Rug,2024-06-24,6348.66,3484.09,-2864.57,0,Spring,1,2025-03-01,162,596,10,167,407,79192.08,16,43.0,52.0,32.0,47.0,42.0
SKU028,2025-03-24,54,188140.86000000002,3484.09,1,Product 028,Kitchen,Rug,2024-06-24,6348.66,3484.09,-2864.57,0,Spring,1,2025-03-01,162,596,10,167,407,79192.08,23,50.0,43.0,41.0,56.0,46.5
SKU028,2025-03-31,36,125427.24,3484.09,0,Product 028,Kitchen,Rug,2024-06-24,6348.66,3484.09,-2864.57,0,Spring,0,2025-03-01,162,596,10,167,407,79192.08,30,54.0,50.0,52.0,47.0,49.75
SKU028,2025-04-07,42,146331.78,3484.09,0,Product 028,Kitchen,Rug,2024-06-24,6348.66,3484.09,-2864.57,0,Spring,0,2025-04-01,243,4,3,139,212,118788.12,6,36.0,54.0,43.0,50.0,45.75
SKU028,2025-04-14,44,153299.96000000002,3484.09,0,Product 028,Kitchen,Rug,2024-06-24,6348.66,3484.09,-2864.57,0,Spring,0,2025-04-01,243,4,3,139,212,118788.12,13,42.0,36.0,50.0,56.0,45.5
SKU028,2025-04-21,49,170720.41,3484.09,0,Product 028,Kitchen,Rug,2024-06-24,6348.66,3484.09,-2864.57,0,Spring,0,2025-04-01,243,4,3,139,212,118788.12,20,44.0,42.0,54.0,44.0,44.0
SKU028,2025-04-28,44,153299.96000000002,3484.09,0,Product 028,Kitchen,Rug,2024-06-24,6348.66,3484.09,-2864.57,0,Spring,0,2025-04-01,243,4,3,139,212,118788.12,27,49.0,44.0,36.0,40.0,42.75
SKU028,2025-05-05,49,170720.41,3484.09,0,Product 028,Kitchen,Rug,2024-06-24,6348.66,3484.09,-2864.57,0,Summer,0,2025-05-01,455,166,10,101,358,222422.2,4,44.0,49.0,42.0,45.0,44.75
SKU028,2025-05-12,48,167236.32,3484.09,0,Product 028,Kitchen,Rug,2024-06-24,6348.66,3484.09,-2864.57,0,Summer,0,2025-05-01,455,166,10,101,358,222422.2,11,49.0,44.0,44.0,53.0,46.5
SKU028,2025-05-19,52,181172.68,3484.09,0,Product 028,Kitchen,Rug,2024-06-24,6348.66,3484.09,-2864.57,0,Summer,0,2025-05-01,455,166,10,101,358,222422.2,18,48.0,49.0,49.0,40.0,47.5
SKU028,2025-05-26,40,139363.6,3484.09,1,Product 028,Kitchen,Rug,2024-06-24,6348.66,3484.09,-2864.57,0,Summer,1,2025-05-01,455,166,10,101,358,222422.2,25,52.0,48.0,44.0,52.0,48.25
SKU028,2025-06-02,49,170720.41,3484.09,1,Product 028,Kitchen,Rug,2024-06-24,6348.66,3484.09,-2864.57,0,Summer,1,2025-06-01,435,276,12,103,399,212645.4,1,40.0,52.0,49.0,32.0,47.25
SKU028,2025-06-09,41,142847.69,3484.09,1,Product 028,Kitchen,Rug,2024-06-24,6348.66,3484.09,-2864.57,0,Summer,1,2025-06-01,435,276,12,103,399,212645.4,8,49.0,40.0,48.0,48.0,47.25
SKU028,2025-06-16,41,142847.69,3484.09,1,Product 028,Kitchen,Rug,2024-06-24,6348.66,3484.09,-2864.57,0,Summer,1,2025-06-01,435,276,12,103,399,212645.4,15,41.0,49.0,52.0,52.0,45.5
SKU028,2025-06-23,43,149815.87,3484.09,1,Product 028,Kitchen,Rug,2024-06-24,6348.66,3484.09,-2864.57,0,Summer,1,2025-06-01,435,276,12,103,399,212645.4,22,41.0,41.0,40.0,52.0,42.75
SKU028,2025-06-30,32,111490.88,3484.09,0,Product 028,Kitchen,Rug,2024-06-24,6348.66,3484.09,-2864.57,0,Summer,0,2025-06-01,435,276,12,103,399,212645.4,29,43.0,41.0,49.0,42.0,43.5
SKU028,2025-07-07,46,160268.14,3484.09,0,Product 028,Kitchen,Rug,2024-06-24,6348.66,3484.09,-2864.57,0,Monsoon,0,2025-07-01,823,18,6,125,268,402315.32,6,32.0,43.0,41.0,37.0,39.25
SKU028,2025-07-14,42,146331.78,3484.09,0,Product 028,Kitchen,Rug,2024-06-24,6348.66,3484.09,-2864.57,0,Monsoon,0,2025-07-01,823,18,6,125,268,402315.32,13,46.0,32.0,41.0,39.0,40.5
SKU028,2025-07-21,36,125427.24,3484.09,0,Product 028,Kitchen,Rug,2024-06-24,6348.66,3484.09,-2864.57,0,Monsoon,0,2025-07-01,823,18,6,125,268,402315.32,20,42.0,46.0,43.0,46.0,40.75
SKU028,2025-07-28,35,121943.15000000001,3484.09,0,Product 028,Kitchen,Rug,2024-06-24,6348.66,3484.09,-2864.57,0,Monsoon,0,2025-07-01,823,18,6,125,268,402315.32,27,36.0,42.0,32.0,30.0,39.0
SKU028,2025-08-04,40,139363.6,3484.09,0,Product 028,Kitchen,Rug,2024-06-24,6348.66,3484.09,-2864.57,0,Monsoon,0,2025-08-01,584,303,6,72,193,285482.56,3,35.0,36.0,46.0,28.0,39.75
SKU028,2025-08-11,31,108006.79000000001,3484.09,0,Product 028,Kitchen,Rug,2024-06-24,6348.66,3484.09,-2864.57,1,Monsoon,0,2025-08-01,584,303,6,72,193,285482.56,10,40.0,35.0,42.0,31.0,38.25
SKU028,2025-08-18,27,94070.43000000001,3484.09,0,Product 028,Kitchen,Rug,2024-06-24,6348.66,3484.09,-2864.57,0,Monsoon,0,2025-08-01,584,303,6,72,193,285482.56,17,31.0,40.0,36.0,37.0,35.5
SKU028,2025-08-25,45,156784.05000000002,3484.09,0,Product 028,Kitchen,Rug,2024-06-24,6348.66,3484.09,-2864.57,0,Monsoon,0,2025-08-01,584,303,6,72,193,285482.56,24,27.0,31.0,35.0,31.0,33.25
SKU028,2025-09-01,35,121943.15000000001,3484.09,1,Product 028,Kitchen,Rug,2024-06-24,6348.66,3484.09,-2864.57,0,Monsoon,1,2025-09-01,149,313,3,103,159,72837.16,0,45.0,27.0,40.0,41.0,35.75
SKU028,2025-09-08,36,125427.24,3484.09,1,Product 028,Kitchen,Rug,2024-06-24,6348.66,3484.09,-2864.57,0,Monsoon,1,2025-09-01,149,313,3,103,159,72837.16,7,35.0,45.0,31.0,26.0,34.5
SKU028,2025-09-15,34,118459.06,3484.09,1,Product 028,Kitchen,Rug,2024-06-24,6348.66,3484.09,-2864.57,0,Monsoon,1,2025-09-01,149,313,3,103,159,72837.16,14,36.0,35.0,27.0,44.0,35.75
SKU028,2025-09-22,30,104522.70000000001,3484.09,1,Product 028,Kitchen,Rug,2024-06-24,6348.66,3484.09,-2864.57,0,Monsoon,1,2025-09-01,149,313,3,103,159,72837.16,21,34.0,36.0,45.0,25.0,37.5
SKU028,2025-09-29,18,62713.62,3484.09,0,Product 028,Kitchen,Rug,2024-06-24,6348.66,3484.09,-2864.57,0,Monsoon,0,2025-09-01,149,313,3,103,159,72837.16,28,30.0,34.0,35.0,36.0,33.75
SKU028,2025-10-06,31,108006.79000000001,3484.09,0,Product 028,Kitchen,Rug,2024-06-24,6348.66,3484.09,-2864.57,0,Autumn,0,2025-10-01,269,142,7,136,258,131497.96,5,18.0,30.0,36.0,29.0,29.5
SKU028,2025-10-13,32,111490.88,3484.09,0,Product 028,Kitchen,Rug,2024-06-24,6348.66,3484.09,-2864.57,0,Autumn,0,2025-10-01,269,142,7,136,258,131497.96,12,31.0,18.0,34.0,34.0,28.25
SKU028,2025-10-20,30,104522.70000000001,3484.09,0,Product 028,Kitchen,Rug,2024-06-24,6348.66,3484.09,-2864.57,1,Autumn,0,2025-10-01,269,142,7,136,258,131497.96,19,32.0,31.0,30.0,26.0,27.75
SKU028,2025-10-27,31,108006.79000000001,3484.09,1,Product 028,Kitchen,Rug,2024-06-24,6348.66,3484.09,-2864.57,0,Autumn,1,2025-10-01,269,142,7,136,258,131497.96,26,30.0,32.0,18.0,40.0,27.75
SKU028,2025-11-03,30,104522.70000000001,3484.09,1,Product 028,Kitchen,Rug,2024-06-24,6348.66,3484.09,-2864.57,0,Autumn,1,2025-11-01,491,548,14,61,317,240020.44,2,31.0,30.0,31.0,32.0,31.0
SKU028,2025-11-10,40,139363.6,3484.09,1,Product 028,Kitchen,Rug,2024-06-24,6348.66,3484.09,-2864.57,0,Autumn,1,2025-11-01,491,548,14,61,317,240020.44,9,30.0,31.0,32.0,33.0,30.75
SKU028,2025-11-17,39,135879.51,3484.09,1,Product 028,Kitchen,Rug,2024-06-24,6348.66,3484.09,-2864.57,0,Autumn,1,2025-11-01,491,548,14,61,317,240020.44,16,40.0,30.0,30.0,30.0,32.75
SKU028,2025-11-24,34,118459.06,3484.09,1,Product 028,Kitchen,Rug,2024-06-24,6348.66,3484.09,-2864.57,0,Autumn,1,2025-11-01,491,548,14,61,317,240020.44,23,39.0,40.0,31.0,41.0,35.0
SKU028,2025-12-01,40,139363.6,3484.09,0,Product 028,Kitchen,Rug,2024-06-24,6348.66,3484.09,-2864.57,0,Winter,0,2025-12-01,174,55,11,114,337,85058.16,0,34.0,39.0,30.0,36.0,35.75
SKU028,2025-12-08,25,87102.25,3484.09,0,Product 028,Kitchen,Rug,2024-06-24,6348.66,3484.09,-2864.57,0,Winter,0,2025-12-01,174,55,11,114,337,85058.16,7,40.0,34.0,40.0,48.0,38.25
SKU028,2025-12-15,22,76649.98000000001,3484.09,0,Product 028,Kitchen,Rug,2024-06-24,6348.66,3484.09,-2864.57,0,Winter,0,2025-12-01,174,55,11,114,337,85058.16,14,25.0,40.0,39.0,45.0,34.5
SKU028,2025-12-22,31,108006.79000000001,3484.09,0,Product 028,Kitchen,Rug,2024-06-24,6348.66,3484.09,-2864.57,1,Winter,0,2025-12-01,174,55,11,114,337,85058.16,21,22.0,25.0,34.0,37.0,30.25
SKU029,2024-01-01,114,1327239.3,11642.45,0,Product 029,Lighting,Organizer,2023-08-23,5402.59,11642.45,6239.86,0,Winter,0,2024-01-01,5,17,13,5,18,17080.5,0,,,,,
SKU029,2024-01-08,120,1397094.0,11642.45,0,Product 029,Lighting,Organizer,2023-08-23,5402.59,11642.45,6239.86,0,Winter,0,2024-01-01,5,17,13,5,18,17080.5,7,114.0,,,,
SKU029,2024-01-15,93,1082747.8499999999,11642.45,0,Product 029,Lighting,Organizer,2023-08-23,5402.59,11642.45,6239.86,0,Winter,0,2024-01-01,5,17,13,5,18,17080.5,14,120.0,114.0,,,
SKU029,2024-01-22,94,1094390.3,11642.45,0,Product 029,Lighting,Organizer,2023-08-23,5402.59,11642.45,6239.86,1,Winter,0,2024-01-01,5,17,13,5,18,17080.5,21,93.0,120.0,,,
SKU029,2024-01-29,109,1269027.05,11642.45,0,Product 029,Lighting,Organizer,2023-08-23,5402.59,11642.45,6239.86,0,Winter,0,2024-01-01,5,17,13,5,18,17080.5,28,94.0,93.0,114.0,,105.25
SKU029,2024-02-05,102,1187529.9,11642.45,0,Product 029,Lighting,Organizer,2023-08-23,5402.59,11642.45,6239.86,0,Winter,0,2024-02-01,429,569,5,190,333,1465506.9,4,109.0,94.0,120.0,,104.0
SKU029,2024-02-12,114,1327239.3,11642.45,0,Product 029,Lighting,Organizer,2023-08-23,5402.59,11642.45,6239.86,0,Winter,0,2024-02-01,429,569,5,190,333,1465506.9,11,102.0,109.0,93.0,,99.5
SKU029,2024-02-19,112,1303954.4,11642.45,0,Product 029,Lighting,Organizer,2023-08-23,5402.59,11642.45,6239.86,0,Winter,0,2024-02-01,429,569,5,190,333,1465506.9,18,114.0,102.0,94.0,,104.75
SKU029,2024-02-26,115,1338881.75,11642.45,1,Product 029,Lighting,Organizer,2023-08-23,5402.59,11642.45,6239.86,0,Winter,1,2024-02-01,429,569,5,190,333,1465506.9,25,112.0,114.0,109.0,,109.25
SKU029,2024-03-04,131,1525160.95,11642.45,1,Product 029,Lighting,Organizer,2023-08-23,5402.59,11642.45,6239.86,0,Spring,1,2024-03-01,346,111,14,119,537,1181970.6,3,115.0,112.0,102.0,,110.75
SKU029,2024-03-11,133,1548445.85,11642.45,1,Product 029,Lighting,Organizer,2023-08-23,5402.59,11642.45,6239.86,0,Spring,1,2024-03-01,346,111,14,119,537,1181970.6,10,131.0,115.0,114.0,,118.0
SKU029,2024-03-18,142,1653227.9,11642.45,1,Product 029,Lighting,Organizer,2023-08-23,5402.59,11642.45,6239.86,0,Spring,1,2024-03-01,346,111,14,119,537,1181970.6,17,133.0,131.0,112.0,,122.75
SKU029,2024-03-25,125,1455306.25,11642.45,1,Product 029,Lighting,Organizer,2023-08-23,5402.59,11642.45,6239.86,0,Spring,1,2024-03-01,346,111,14,119,537,1181970.6,24,142.0,133.0,115.0,,130.25
SKU029,2024-04-01,117,1362166.65,11642.45,0,Product 029,Lighting,Organizer,2023-08-23,5402.59,11642.45,6239.86,0,Spring,0,2024-04-01,230,223,11,164,561,785703.0,0,125.0,142.0,131.0,,132.75
SKU029,2024-04-08,139,1618300.55,11642.45,0,Product 029,Lighting,Organizer,2023-08-23,5402.59,11642.45,6239.86,0,Spring,0,2024-04-01,230,223,11,164,561,785703.0,7,117.0,125.0,133.0,,129.25
SKU029,2024-04-15,126,1466948.7,11642.45,0,Product 029,Lighting,Organizer,2023-08-23,5402.59,11642.45,6239.86,0,Spring,0,2024-04-01,230,223,11,164,561,785703.0,14,139.0,117.0,142.0,,130.75
SKU029,2024-04-22,125,1455306.25,11642.45,0,Product 029,Lighting,Organizer,2023-08-23,5402.59,11642.45,6239.86,0,Spring,0,2024-04-01,230,223,11,164,561,785703.0,21,126.0,139.0,125.0,,126.75
SKU029,2024-04-29,117,1362166.65,11642.45,0,Product 029,Lighting,Organizer,2023-08-23,5402.59,11642.45,6239.86,0,Spring,0,2024-04-01,230,223,11,164,561,785703.0,28,125.0,126.0,117.0,,126.75
SKU029,2024-05-06,116,1350524.2,11642.45,0,Product 029,Lighting,Organizer,2023-08-23,5402.59,11642.45,6239.86,0,Summer,0,2024-05-01,176,580,13,162,612,601233.6,5,117.0,125.0,139.0,,126.75
SKU029,2024-05-13,117,1362166.65,11642.45,0,Product 029,Lighting,Organizer,2023-08-23,5402.59,11642.45,6239.86,0,Summer,0,2024-05-01,176,580,13,162,612,601233.6,12,116.0,117.0,126.0,,121.0
SKU029,2024-05-20,134,1560088.3,11642.45,0,Product 029,Lighting,Organizer,2023-08-23,5402.59,11642.45,6239.86,0,Summer,0,2024-05-01,176,580,13,162,612,601233.6,19,117.0,116.0,125.0,,118.75
SKU029,2024-05-27,132,1536803.4,11642.45,1,Product 029,Lighting,Organizer,2023-08-23,5402.59,11642.45,6239.86,0,Summer,1,2024-05-01,176,580,13,162,612,601233.6,26,134.0,117.0,117.0,,121.0
SKU029,2024-06-03,129,1501876.05,11642.45,1,Product 029,Lighting,Organizer,2023-08-23,5402.59,11642.45,6239.86,0,Summer,1,2024-06-01,207,198,13,212,624,707132.7,2,132.0,134.0,116.0,,124.75
SKU029,2024-06-10,142,1653227.9,11642.45,1,Product 029,Lighting,Organizer,2023-08-23,5402.59,11642.45,6239.86,0,Summer,1,2024-06-01,207,198,13,212,624,707132.7,9,129.0,132.0,117.0,,128.0
SKU029,2024-06-17,128,1490233.5999999999,11642.45,1,Product 029,Lighting,Organizer,2023-08-23,5402.59,11642.45,6239.86,0,Summer,1,2024-06-01,207,198,13,212,624,707132.7,16,142.0,129.0,134.0,,134.25
SKU029,2024-06-24,127,1478591.15,11642.45,1,Product 029,Lighting,Organizer,2023-08-23,5402.59,11642.45,6239.86,0,Summer,1,2024-06-01,207,198,13,212,624,707132.7,23,128.0,142.0,132.0,,132.75
SKU029,2024-07-01,118,1373809.0999999999,11642.45,0,Product 029,Lighting,Organizer,2023-08-23,5402.59,11642.45,6239.86,0,Monsoon,0,2024-07-01,1041,413,6,216,414,3556160.1,0,127.0,128.0,129.0,,131.5
SKU029,2024-07-08,101,1175887.45,11642.45,0,Product 029,Lighting,Organizer,2023-08-23,5402.59,11642.45,6239.86,0,Monsoon,0,2024-07-01,1041,413,6,216,414,3556160.1,7,118.0,127.0,142.0,,128.75
SKU029,2024-07-15,86,1001250.7,11642.45,0,Product 029,Lighting,Organizer,2023-08-23,5402.59,11642.45,6239.86,0,Monsoon,0,2024-07-01,1041,413,6,216,414,3556160.1,14,101.0,118.0,128.0,,118.5
SKU029,2024-07-22,134,1560088.3,11642.45,0,Product 029,Lighting,Organizer,2023-08-23,5402.59,11642.45,6239.86,0,Monsoon,0,2024-07-01,1041,413,6,216,414,3556160.1,21,86.0,101.0,127.0,,108.0
SKU029,2024-07-29,100,1164245.0,11642.45,0,Product 029,Lighting,Organizer,2023-08-23,5402.59,11642.45,6239.86,0,Monsoon,0,2024-07-01,1041,413,6,216,414,3556160.1,28,134.0,86.0,118.0,,109.75
SKU029,2024-08-05,98,1140960.0999999999,11642.45,0,Product 029,Lighting,Organizer,2023-08-23,5402.59,11642.45,6239.86,0,Monsoon,0,2024-08-01,631,27,12,159,507,2155559.1,4,100.0,134.0,101.0,,105.25
SKU029,2024-08-12,107,1245742.15,11642.45,0,Product 029,Lighting,Organizer,2023-08-23,5402.59,11642.45,6239.86,1,Monsoon,0,2024-08-01,631,27,12,159,507,2155559.1,11,98.0,100.0,86.0,,104.5
SKU029,2024-08-19,106,1234099.7,11642.45,0,Product 029,Lighting,Organizer,2023-08-23,5402.59,11642.45,6239.86,0,Monsoon,0,2024-08-01,631,27,12,159,507,2155559.1,18,107.0,98.0,134.0,,109.75
SKU029,2024-08-26,99,1152602.55,11642.45,1,Product 029,Lighting,Organizer,2023-08-23,5402.59,11642.45,6239.86,0,Monsoon,1,2024-08-01,631,27,12,159,507,2155559.1,25,106.0,107.0,100.0,,102.75
SKU029,2024-09-02,109,1269027.05,11642.45,1,Product 029,Lighting,Organizer,2023-08-23,5402.59,11642.45,6239.86,0,Monsoon,1,2024-09-01,378,423,11,177,469,1291285.8,1,99.0,106.0,98.0,,102.5
SKU029,2024-09-09,104,1210814.8,11642.45,1,Product 029,Lighting,Organizer,2023-08-23,5402.59,11642.45,6239.86,0,Monsoon,1,2024-09-01,378,423,11,177,469,1291285.8,8,109.0,99.0,107.0,,105.25
SKU029,2024-09-16,93,1082747.85,11642.45,1,Product 029,Lighting,Organizer,2023-08-23,5402.59,11642.45,6239.86,0,Monsoon,1,2024-09-01,378,423,11,177,469,1291285.8,15,104.0,109.0,106.0,,104.5
SKU029,2024-09-23,93,1082747.85,11642.45,1,Product 029,Lighting,Organizer,2023-08-23,5402.59,11642.45,6239.86,0,Monsoon,1,2024-09-01,378,423,11,177,469,1291285.8,22,93.0,104.0,99.0,,101.25
SKU029,2024-09-30,98,1140960.1,11642.45,0,Product 029,Lighting,Organizer,2023-08-23,5402.59,11642.45,6239.86,0,Monsoon,0,2024-09-01,378,423,11,177,469,1291285.8,29,93.0,93.0,109.0,,99.75
SKU029,2024-10-07,96,1117675.2,11642.45,0,Product 029,Lighting,Organizer,2023-08-23,5402.59,11642.45,6239.86,0,Autumn,0,2024-10-01,243,364,10,99,368,830112.3,6,98.0,93.0,104.0,,97.0
SKU029,2024-10-14,90,1047820.5,11642.45,0,Product 029,Lighting,Organizer,2023-08-23,5402.59,11642.45,6239.86,0,Autumn,0,2024-10-01,243,364,10,99,368,830112.3,13,96.0,98.0,93.0,,95.0
SKU029,2024-10-21,96,1117675.2,11642.45,0,Product 029,Lighting,Organizer,2023-08-23,5402.59,11642.45,6239.86,0,Autumn,0,2024-10-01,243,364,10,99,368,830112.3,20,90.0,96.0,93.0,,94.25
SKU029,2024-10-28,75,873183.75,11642.45,1,Product 029,Lighting,Organizer,2023-08-23,5402.59,11642.45,6239.86,1,Autumn,1,2024-10-01,243,364,10,99,368,830112.3,27,96.0,90.0,98.0,,95.0
SKU029,2024-11-04,95,1106032.75,11642.45,1,Product 029,Lighting,Organizer,2023-08-23,5402.59,11642.45,6239.86,0,Autumn,1,2024-11-01,493,262,4,87,187,1684137.3,3,75.0,96.0,96.0,,89.25
SKU029,2024-11-11,110,1280669.5,11642.45,1,Product 029,Lighting,Organizer,2023-08-23,5402.59,11642.45,6239.86,0,Autumn,1,2024-11-01,493,262,4,87,187,1684137.3,10,95.0,75.0,90.0,,89.0
SKU029,2024-11-18,114,1327239.3,11642.45,1,Product 029,Lighting,Organizer,2023-08-23,5402.59,11642.45,6239.86,0,Autumn,1,2024-11-01,493,262,4,87,187,1684137.3,17,110.0,95.0,96.0,,94.0
SKU029,2024-11-25,83,966323.35,11642.45,1,Product 029,Lighting,Organizer,2023-08-23,5402.59,11642.45,6239.86,0,Autumn,1,2024-11-01,493,262,4,87,187,1684137.3,24,114.0,110.0,75.0,,98.5
SKU029,2024-12-02,110,1280669.5,11642.45,0,Product 029,Lighting,Organizer,2023-08-23,5402.59,11642.45,6239.86,0,Winter,0,2024-12-01,516,565,7,113,296,1762707.6,1,83.0,114.0,95.0,,100.5
SKU029,2024-12-09,95,1106032.75,11642.45,0,Product 029,Lighting,Organizer,2023-08-23,5402.59,11642.45,6239.86,0,Winter,0,2024-12-01,516,565,7,113,296,1762707.6,8,110.0,83.0,110.0,,104.25
SKU029,2024-12-16,109,1269027.05,11642.45,0,Product 029,Lighting,Organizer,2023-08-23,5402.59,11642.45,6239.86,0,Winter,0,2024-12-01,516,565,7,113,296,1762707.6,15,95.0,110.0,114.0,,100.5
SKU029,2024-12-23,96,1117675.2,11642.45,0,Product 029,Lighting,Organizer,2023-08-23,5402.59,11642.45,6239.86,1,Winter,0,2024-12-01,516,565,7,113,296,1762707.6,22,109.0,95.0,83.0,,99.25
SKU029,2024-12-30,114,1327239.3,11642.45,0,Product 029,Lighting,Organizer,2023-08-23,5402.59,11642.45,6239.86,0,Winter,0,2024-12-01,516,565,7,113,296,1762707.6,29,96.0,109.0,110.0,114.0,102.5
SKU029,2025-01-06,110,1280669.5,11642.45,0,Product 029,Lighting,Organizer,2023-08-23,5402.59,11642.45,6239.86,0,Winter,0,2025-01-01,673,161,3,83,160,2299035.3,5,114.0,96.0,95.0,120.0,103.5
SKU029,2025-01-13,124,1443663.8,11642.45,0,Product 029,Lighting,Organizer,2023-08-23,5402.59,11642.45,6239.86,0,Winter,0,2025-01-01,673,161,3,83,160,2299035.3,12,110.0,114.0,109.0,93.0,107.25
SKU029,2025-01-20,91,1059462.95,11642.45,0,Product 029,Lighting,Organizer,2023-08-23,5402.59,11642.45,6239.86,1,Winter,0,2025-01-01,673,161,3,83,160,2299035.3,19,124.0,110.0,96.0,94.0,111.0
SKU029,2025-01-27,111,1292311.95,11642.45,0,Product 029,Lighting,Organizer,2023-08-23,5402.59,11642.45,6239.86,0,Winter,0,2025-01-01,673,161,3,83,160,2299035.3,26,91.0,124.0,114.0,109.0,109.75
SKU029,2025-02-03,105,1222457.25,11642.45,0,Product 029,Lighting,Organizer,2023-08-23,5402.59,11642.45,6239.86,0,Winter,0,2025-02-01,651,305,6,173,349,2223881.1,2,111.0,91.0,110.0,102.0,109.0
SKU029,2025-02-10,127,1478591.15,11642.45,0,Product 029,Lighting,Organizer,2023-08-23,5402.59,11642.45,6239.86,0,Winter,0,2025-02-01,651,305,6,173,349,2223881.1,9,105.0,111.0,124.0,114.0,107.75
SKU029,2025-02-17,118,1373809.1,11642.45,0,Product 029,Lighting,Organizer,2023-08-23,5402.59,11642.45,6239.86,0,Winter,0,2025-02-01,651,305,6,173,349,2223881.1,16,127.0,105.0,91.0,112.0,108.5
SKU029,2025-02-24,116,1350524.2,11642.45,1,Product 029,Lighting,Organizer,2023-08-23,5402.59,11642.45,6239.86,0,Winter,1,2025-02-01,651,305,6,173,349,2223881.1,23,118.0,127.0,111.0,115.0,115.25
SKU029,2025-03-03,127,1478591.15,11642.45,1,Product 029,Lighting,Organizer,2023-08-23,5402.59,11642.45,6239.86,0,Spring,1,2025-03-01,533,427,4,113,240,1820781.3,2,116.0,118.0,105.0,131.0,116.5
SKU029,2025-03-10,106,1234099.7,11642.45,1,Product 029,Lighting,Organizer,2023-08-23,5402.59,11642.45,6239.86,0,Spring,1,2025-03-01,533,427,4,113,240,1820781.3,9,127.0,116.0,127.0,133.0,122.0
SKU029,2025-03-17,147,1711440.15,11642.45,1,Product 029,Lighting,Organizer,2023-08-23,5402.59,11642.45,6239.86,0,Spring,1,2025-03-01,533,427,4,113,240,1820781.3,16,106.0,127.0,118.0,142.0,116.75
SKU029,2025-03-24,132,1536803.4,11642.45,1,Product 029,Lighting,Organizer,2023-08-23,5402.59,11642.45,6239.86,0,Spring,1,2025-03-01,533,427,4,113,240,1820781.3,23,147.0,106.0,116.0,125.0,124.0
SKU029,2025-03-31,136,1583373.2,11642.45,0,Product 029,Lighting,Organizer,2023-08-23,5402.59,11642.45,6239.86,0,Spring,0,2025-03-01,533,427,4,113,240,1820781.3,30,132.0,147.0,127.0,117.0,128.0
SKU029,2025-04-07,120,1397094.0,11642.45,0,Product 029,Lighting,Organizer,2023-08-23,5402.59,11642.45,6239.86,0,Spring,0,2025-04-01,544,266,11,107,488,1858358.4,6,136.0,132.0,106.0,139.0,130.25
SKU029,2025-04-14,131,1525160.95,11642.45,0,Product 029,Lighting,Organizer,2023-08-23,5402.59,11642.45,6239.86,0,Spring,0,2025-04-01,544,266,11,107,488,1858358.4,13,120.0,136.0,147.0,126.0,133.75
SKU029,2025-04-21,120,1397094.0,11642.45,0,Product 029,Lighting,Organizer,2023-08-23,5402.59,11642.45,6239.86,0,Spring,0,2025-04-01,544,266,11,107,488,1858358.4,20,131.0,120.0,132.0,125.0,129.75
SKU029,2025-04-28,116,1350524.2,11642.45,0,Product 029,Lighting,Organizer,2023-08-23,5402.59,11642.45,6239.86,0,Spring,0,2025-04-01,544,266,11,107,488,1858358.4,27,120.0,131.0,136.0,117.0,126.75
SKU029,2025-05-05,127,1478591.15,11642.45,0,Product 029,Lighting,Organizer,2023-08-23,5402.59,11642.45,6239.86,0,Summer,0,2025-05-01,516,644,10,195,518,1762707.6,4,116.0,120.0,120.0,116.0,121.75
SKU029,2025-05-12,142,1653227.9,11642.45,0,Product 029,Lighting,Organizer,2023-08-23,5402.59,11642.45,6239.86,0,Summer,0,2025-05-01,516,644,10,195,518,1762707.6,11,127.0,116.0,131.0,117.0,123.5
SKU029,2025-05-19,130,1513518.5,11642.45,0,Product 029,Lighting,Organizer,2023-08-23,5402.59,11642.45,6239.86,0,Summer,0,2025-05-01,516,644,10,195,518,1762707.6,18,142.0,127.0,120.0,134.0,126.25
SKU029,2025-05-26,133,1548445.8499999999,11642.45,1,Product 029,Lighting,Organizer,2023-08-23,5402.59,11642.45,6239.86,0,Summer,1,2025-05-01,516,644,10,195,518,1762707.6,25,130.0,142.0,116.0,132.0,128.75
SKU029,2025-06-02,117,1362166.65,11642.45,1,Product 029,Lighting,Organizer,2023-08-23,5402.59,11642.45,6239.86,0,Summer,1,2025-06-01,338,257,8,179,457,1154641.8,1,133.0,130.0,127.0,129.0,133.0
SKU029,2025-06-09,121,1408736.45,11642.45,1,Product 029,Lighting,Organizer,2023-08-23,5402.59,11642.45,6239.86,0,Summer,1,2025-06-01,338,257,8,179,457,1154641.8,8,117.0,133.0,142.0,142.0,130.5
SKU029,2025-06-16,122,1420378.9,11642.45,1,Product 029,Lighting,Organizer,2023-08-23,5402.59,11642.45,6239.86,0,Summer,1,2025-06-01,338,257,8,179,457,1154641.8,15,121.0,117.0,130.0,128.0,125.25
SKU029,2025-06-23,114,1327239.3,11642.45,1,Product 029,Lighting,Organizer,2023-08-23,5402.59,11642.45,6239.86,0,Summer,1,2025-06-01,338,257,8,179,457,1154641.8,22,122.0,121.0,133.0,127.0,123.25
SKU029,2025-06-30,102,1187529.9,11642.45,0,Product 029,Lighting,Organizer,2023-08-23,5402.59,11642.45,6239.86,0,Summer,0,2025-06-01,338,257,8,179,457,1154641.8,29,114.0,122.0,117.0,118.0,118.5
SKU029,2025-07-07,107,1245742.15,11642.45,0,Product 029,Lighting,Organizer,2023-08-23,5402.59,11642.45,6239.86,0,Monsoon,0,2025-07-01,242,99,7,147,378,826696.2,6,102.0,114.0,121.0,101.0,114.75
SKU029,2025-07-14,112,1303954.4,11642.45,0,Product 029,Lighting,Organizer,2023-08-23,5402.59,11642.45,6239.86,0,Monsoon,0,2025-07-01,242,99,7,147,378,826696.2,13,107.0,102.0,122.0,86.0,111.25
SKU029,2025-07-21,120,1397094.0,11642.45,0,Product 029,Lighting,Organizer,2023-08-23,5402.59,11642.45,6239.86,0,Monsoon,0,2025-07-01,242,99,7,147,378,826696.2,20,112.0,107.0,114.0,134.0,108.75
SKU029,2025-07-28,97,1129317.65,11642.45,0,Product 029,Lighting,Organizer,2023-08-23,5402.59,11642.45,6239.86,0,Monsoon,0,2025-07-01,242,99,7,147,378,826696.2,27,120.0,112.0,102.0,100.0,110.25
SKU029,2025-08-04,93,1082747.85,11642.45,0,Product 029,Lighting,Organizer,2023-08-23,5402.59,11642.45,6239.86,0,Monsoon,0,2025-08-01,773,394,6,169,338,2640645.3,3,97.0,120.0,107.0,98.0,109.0
SKU029,2025-08-11,113,1315596.85,11642.45,0,Product 029,Lighting,Organizer,2023-08-23,5402.59,11642.45,6239.86,1,Monsoon,0,2025-08-01,773,394,6,169,338,2640645.3,10,93.0,97.0,112.0,107.0,105.5
SKU029,2025-08-18,114,1327239.3,11642.45,0,Product 029,Lighting,Organizer,2023-08-23,5402.59,11642.45,6239.86,0,Monsoon,0,2025-08-01,773,394,6,169,338,2640645.3,17,113.0,93.0,120.0,106.0,105.75
SKU029,2025-08-25,103,1199172.35,11642.45,0,Product 029,Lighting,Organizer,2023-08-23,5402.59,11642.45,6239.86,0,Monsoon,0,2025-08-01,773,394,6,169,338,2640645.3,24,114.0,113.0,97.0,99.0,104.25
SKU029,2025-09-01,90,1047820.5,11642.45,1,Product 029,Lighting,Organizer,2023-08-23,5402.59,11642.45,6239.86,0,Monsoon,1,2025-09-01,664,989,14,102,501,2268290.4,0,103.0,114.0,93.0,109.0,105.75
SKU029,2025-09-08,89,1036178.0499999999,11642.45,1,Product 029,Lighting,Organizer,2023-08-23,5402.59,11642.45,6239.86,0,Monsoon,1,2025-09-01,664,989,14,102,501,2268290.4,7,90.0,103.0,113.0,104.0,105.0
SKU029,2025-09-15,105,1222457.25,11642.45,1,Product 029,Lighting,Organizer,2023-08-23,5402.59,11642.45,6239.86,0,Monsoon,1,2025-09-01,664,989,14,102,501,2268290.4,14,89.0,90.0,114.0,93.0,99.0
SKU029,2025-09-22,86,1001250.7,11642.45,1,Product 029,Lighting,Organizer,2023-08-23,5402.59,11642.45,6239.86,0,Monsoon,1,2025-09-01,664,989,14,102,501,2268290.4,21,105.0,89.0,103.0,93.0,96.75
SKU029,2025-09-29,78,908111.1,11642.45,0,Product 029,Lighting,Organizer,2023-08-23,5402.59,11642.45,6239.86,0,Monsoon,0,2025-09-01,664,989,14,102,501,2268290.4,28,86.0,105.0,90.0,98.0,92.5
SKU029,2025-10-06,92,1071105.4,11642.45,0,Product 029,Lighting,Organizer,2023-08-23,5402.59,11642.45,6239.86,0,Autumn,0,2025-10-01,684,138,9,164,381,2336612.4,5,78.0,86.0,89.0,96.0,89.5
SKU029,2025-10-13,85,989608.25,11642.45,0,Product 029,Lighting,Organizer,2023-08-23,5402.59,11642.45,6239.86,0,Autumn,0,2025-10-01,684,138,9,164,381,2336612.4,12,92.0,78.0,105.0,90.0,90.25
SKU029,2025-10-20,98,1140960.1,11642.45,0,Product 029,Lighting,Organizer,2023-08-23,5402.59,11642.45,6239.86,1,Autumn,0,2025-10-01,684,138,9,164,381,2336612.4,19,85.0,92.0,86.0,96.0,85.25
SKU029,2025-10-27,104,1210814.8,11642.45,1,Product 029,Lighting,Organizer,2023-08-23,5402.59,11642.45,6239.86,0,Autumn,1,2025-10-01,684,138,9,164,381,2336612.4,26,98.0,85.0,78.0,75.0,88.25
SKU029,2025-11-03,88,1024535.6000000001,11642.45,1,Product 029,Lighting,Organizer,2023-08-23,5402.59,11642.45,6239.86,0,Autumn,1,2025-11-01,317,287,4,95,194,1082903.7,2,104.0,98.0,92.0,95.0,94.75
SKU029,2025-11-10,98,1140960.1,11642.45,1,Product 029,Lighting,Organizer,2023-08-23,5402.59,11642.45,6239.86,0,Autumn,1,2025-11-01,317,287,4,95,194,1082903.7,9,88.0,104.0,85.0,110.0,93.75
SKU029,2025-11-17,97,1129317.65,11642.45,1,Product 029,Lighting,Organizer,2023-08-23,5402.59,11642.45,6239.86,0,Autumn,1,2025-11-01,317,287,4,95,194,1082903.7,16,98.0,88.0,98.0,114.0,97.0
SKU029,2025-11-24,96,1117675.2,11642.45,1,Product 029,Lighting,Organizer,2023-08-23,5402.59,11642.45,6239.86,0,Autumn,1,2025-11-01,317,287,4,95,194,1082903.7,23,97.0,98.0,104.0,83.0,96.75
SKU029,2025-12-01,87,1012893.15,11642.45,0,Product 029,Lighting,Organizer,2023-08-23,5402.59,11642.45,6239.86,0,Winter,0,2025-12-01,261,520,5,196,329,891602.1,0,96.0,97.0,88.0,110.0,94.75
SKU029,2025-12-08,115,1338881.75,11642.45,0,Product 029,Lighting,Organizer,2023-08-23,5402.59,11642.45,6239.86,0,Winter,0,2025-12-01,261,520,5,196,329,891602.1,7,87.0,96.0,98.0,95.0,94.5
SKU029,2025-12-15,104,1210814.8,11642.45,0,Product 029,Lighting,Organizer,2023-08-23,5402.59,11642.45,6239.86,0,Winter,0,2025-12-01,261,520,5,196,329,891602.1,14,115.0,87.0,97.0,109.0,98.75
SKU029,2025-12-22,97,1129317.65,11642.45,0,Product 029,Lighting,Organizer,2023-08-23,5402.59,11642.45,6239.86,1,Winter,0,2025-12-01,261,520,5,196,329,891602.1,21,104.0,115.0,96.0,96.0,100.5
SKU030,2024-01-01,39,367906.89,9433.51,0,Product 030,Storage,Sofa,2023-05-03,5715.03,9433.51,3718.48,0,Winter,0,2024-01-01,30,23,10,5,15,61890.9,0,,,,,
SKU030,2024-01-08,41,386773.91000000003,9433.51,0,Product 030,Storage,Sofa,2023-05-03,5715.03,9433.51,3718.48,0,Winter,0,2024-01-01,30,23,10,5,15,61890.9,7,39.0,,,,
SKU030,2024-01-15,23,216970.73,9433.51,0,Product 030,Storage,Sofa,2023-05-03,5715.03,9433.51,3718.48,0,Winter,0,2024-01-01,30,23,10,5,15,61890.9,14,41.0,39.0,,,
SKU030,2024-01-22,28,264138.28,9433.51,0,Product 030,Storage,Sofa,2023-05-03,5715.03,9433.51,3718.48,1,Winter,0,2024-01-01,30,23,10,5,15,61890.9,21,23.0,41.0,,,
SKU030,2024-01-29,29,273571.79,9433.51,0,Product 030,Storage,Sofa,2023-05-03,5715.03,9433.51,3718.48,0,Winter,0,2024-01-01,30,23,10,5,15,61890.9,28,28.0,23.0,39.0,,32.75
SKU030,2024-02-05,30,283005.3,9433.51,0,Product 030,Storage,Sofa,2023-05-03,5715.03,9433.51,3718.48,0,Winter,0,2024-02-01,68,61,9,52,115,140286.04,4,29.0,28.0,41.0,,30.25
SKU030,2024-02-12,36,339606.36,9433.51,0,Product 030,Storage,Sofa,2023-05-03,5715.03,9433.51,3718.48,0,Winter,0,2024-02-01,68,61,9,52,115,140286.04,11,30.0,29.0,23.0,,27.5
SKU030,2024-02-19,42,396207.42,9433.51,0,Product 030,Storage,Sofa,2023-05-03,5715.03,9433.51,3718.48,0,Winter,0,2024-02-01,68,61,9,52,115,140286.04,18,36.0,30.0,28.0,,30.75
SKU030,2024-02-26,43,405640.93,9433.51,1,Product 030,Storage,Sofa,2023-05-03,5715.03,9433.51,3718.48,0,Winter,1,2024-02-01,68,61,9,52,115,140286.04,25,42.0,36.0,29.0,,34.25
SKU030,2024-03-04,22,207537.22,9433.51,1,Product 030,Storage,Sofa,2023-05-03,5715.03,9433.51,3718.48,0,Spring,1,2024-03-01,115,22,4,48,76,237248.45,3,43.0,42.0,30.0,,37.75
SKU030,2024-03-11,38,358473.38,9433.51,1,Product 030,Storage,Sofa,2023-05-03,5715.03,9433.51,3718.48,0,Spring,1,2024-03-01,115,22,4,48,76,237248.45,10,22.0,43.0,36.0,,35.75
SKU030,2024-03-18,43,405640.93000000005,9433.51,1,Product 030,Storage,Sofa,2023-05-03,5715.03,9433.51,3718.48,0,Spring,1,2024-03-01,115,22,4,48,76,237248.45,17,38.0,22.0,42.0,,36.25
SKU030,2024-03-25,36,339606.36,9433.51,1,Product 030,Storage,Sofa,2023-05-03,5715.03,9433.51,3718.48,0,Spring,1,2024-03-01,115,22,4,48,76,237248.45,24,43.0,38.0,43.0,,36.5
SKU030,2024-04-01,45,424507.95,9433.51,0,Product 030,Storage,Sofa,2023-05-03,5715.03,9433.51,3718.48,0,Spring,0,2024-04-01,85,76,4,48,83,175357.55,0,36.0,43.0,22.0,,34.75
SKU030,2024-04-08,40,377340.4,9433.51,0,Product 030,Storage,Sofa,2023-05-03,5715.03,9433.51,3718.48,0,Spring,0,2024-04-01,85,76,4,48,83,175357.55,7,45.0,36.0,38.0,,40.5
SKU030,2024-04-15,38,358473.38,9433.51,0,Product 030,Storage,Sofa,2023-05-03,5715.03,9433.51,3718.48,0,Spring,0,2024-04-01,85,76,4,48,83,175357.55,14,40.0,45.0,43.0,,41.0
SKU030,2024-04-22,36,339606.36000000004,9433.51,0,Product 030,Storage,Sofa,2023-05-03,5715.03,9433.51,3718.48,0,Spring,0,2024-04-01,85,76,4,48,83,175357.55,21,38.0,40.0,36.0,,39.75
SKU030,2024-04-29,35,330172.85000000003,9433.51,0,Product 030,Storage,Sofa,2023-05-03,5715.03,9433.51,3718.48,0,Spring,0,2024-04-01,85,76,4,48,83,175357.55,28,36.0,38.0,45.0,,39.75
SKU030,2024-05-06,41,386773.91000000003,9433.51,0,Product 030,Storage,Sofa,2023-05-03,5715.03,9433.51,3718.48,0,Summer,0,2024-05-01,99,13,14,29,149,204239.97,5,35.0,36.0,40.0,,37.25
SKU030,2024-05-13,42,396207.42000000004,9433.51,0,Product 030,Storage,Sofa,2023-05-03,5715.03,9433.51,3718.48,0,Summer,0,2024-05-01,99,13,14,29,149,204239.97,12,41.0,35.0,38.0,,37.5
SKU030,2024-05-20,47,443374.97,9433.51,0,Product 030,Storage,Sofa,2023-05-03,5715.03,9433.51,3718.48,0,Summer,0,2024-05-01,99,13,14,29,149,204239.97,19,42.0,41.0,36.0,,38.5
SKU030,2024-05-27,40,377340.4,9433.51,1,Product 030,Storage,Sofa,2023-05-03,5715.03,9433.51,3718.48,0,Summer,1,2024-05-01,99,13,14,29,149,204239.97,26,47.0,42.0,35.0,,41.25
SKU030,2024-06-03,29,273571.79000000004,9433.51,1,Product 030,Storage,Sofa,2023-05-03,5715.03,9433.51,3718.48,0,Summer,1,2024-06-01,199,185,9,56,125,410542.97,2,40.0,47.0,41.0,,42.5
SKU030,2024-06-10,47,443374.97000000003,9433.51,1,Product 030,Storage,Sofa,2023-05-03,5715.03,9433.51,3718.48,0,Summer,1,2024-06-01,199,185,9,56,125,410542.97,9,29.0,40.0,42.0,,39.5
SKU030,2024-06-17,28,264138.28,9433.51,1,Product 030,Storage,Sofa,2023-05-03,5715.03,9433.51,3718.48,0,Summer,1,2024-06-01,199,185,9,56,125,410542.97,16,47.0,29.0,47.0,,40.75
SKU030,2024-06-24,30,283005.3,9433.51,1,Product 030,Storage,Sofa,2023-05-03,5715.03,9433.51,3718.48,0,Summer,1,2024-06-01,199,185,9,56,125,410542.97,23,28.0,47.0,40.0,,36.0
SKU030,2024-07-01,36,339606.36,9433.51,0,Product 030,Storage,Sofa,2023-05-03,5715.03,9433.51,3718.48,0,Monsoon,0,2024-07-01,292,138,6,63,120,602404.76,0,30.0,28.0,29.0,,33.5
SKU030,2024-07-08,27,254704.77000000002,9433.51,0,Product 030,Storage,Sofa,2023-05-03,5715.03,9433.51,3718.48,0,Monsoon,0,2024-07-01,292,138,6,63,120,602404.76,7,36.0,30.0,47.0,,35.25
SKU030,2024-07-15,27,254704.77000000002,9433.51,0,Product 030,Storage,Sofa,2023-05-03,5715.03,9433.51,3718.48,0,Monsoon,0,2024-07-01,292,138,6,63,120,602404.76,14,27.0,36.0,28.0,,30.25
SKU030,2024-07-22,32,301872.32,9433.51,0,Product 030,Storage,Sofa,2023-05-03,5715.03,9433.51,3718.48,0,Monsoon,0,2024-07-01,292,138,6,63,120,602404.76,21,27.0,27.0,30.0,,30.0
SKU030,2024-07-29,38,358473.38,9433.51,0,Product 030,Storage,Sofa,2023-05-03,5715.03,9433.51,3718.48,0,Monsoon,0,2024-07-01,292,138,6,63,120,602404.76,28,32.0,27.0,36.0,,30.5
SKU030,2024-08-05,45,424507.95,9433.51,0,Product 030,Storage,Sofa,2023-05-03,5715.03,9433.51,3718.48,0,Monsoon,0,2024-08-01,200,146,7,41,86,412606.0,4,38.0,32.0,27.0,,31.0
SKU030,2024-08-12,25,235837.75,9433.51,0,Product 030,Storage,Sofa,2023-05-03,5715.03,9433.51,3718.48,1,Monsoon,0,2024-08-01,200,146,7,41,86,412606.0,11,45.0,38.0,27.0,,35.5
SKU030,2024-08-19,30,283005.3,9433.51,0,Product 030,Storage,Sofa,2023-05-03,5715.03,9433.51,3718.48,0,Monsoon,0,2024-08-01,200,146,7,41,86,412606.0,18,25.0,45.0,32.0,,35.0
SKU030,2024-08-26,39,367906.89,9433.51,1,Product 030,Storage,Sofa,2023-05-03,5715.03,9433.51,3718.48,0,Monsoon,1,2024-08-01,200,146,7,41,86,412606.0,25,30.0,25.0,38.0,,34.5
SKU030,2024-09-02,26,245271.26,9433.51,1,Product 030,Storage,Sofa,2023-05-03,5715.03,9433.51,3718.48,0,Monsoon,1,2024-09-01,185,64,6,46,84,381660.55,1,39.0,30.0,45.0,,34.75
SKU030,2024-09-09,30,283005.3,9433.51,1,Product 030,Storage,Sofa,2023-05-03,5715.03,9433.51,3718.48,0,Monsoon,1,2024-09-01,185,64,6,46,84,381660.55,8,26.0,39.0,25.0,,30.0
SKU030,2024-09-16,32,301872.32,9433.51,1,Product 030,Storage,Sofa,2023-05-03,5715.03,9433.51,3718.48,0,Monsoon,1,2024-09-01,185,64,6,46,84,381660.55,15,30.0,26.0,30.0,,31.25
SKU030,2024-09-23,37,349039.87,9433.51,1,Product 030,Storage,Sofa,2023-05-03,5715.03,9433.51,3718.48,0,Monsoon,1,2024-09-01,185,64,6,46,84,381660.55,22,32.0,30.0,39.0,,31.75
SKU030,2024-09-30,22,207537.22,9433.51,0,Product 030,Storage,Sofa,2023-05-03,5715.03,9433.51,3718.48,0,Monsoon,0,2024-09-01,185,64,6,46,84,381660.55,29,37.0,32.0,26.0,,31.25
SKU030,2024-10-07,18,169803.18,9433.51,0,Product 030,Storage,Sofa,2023-05-03,5715.03,9433.51,3718.48,0,Autumn,0,2024-10-01,163,41,3,32,52,336273.89,6,22.0,37.0,30.0,,30.25
SKU030,2024-10-14,31,292438.81,9433.51,0,Product 030,Storage,Sofa,2023-05-03,5715.03,9433.51,3718.48,0,Autumn,0,2024-10-01,163,41,3,32,52,336273.89,13,18.0,22.0,32.0,,27.25
SKU030,2024-10-21,26,245271.26,9433.51,0,Product 030,Storage,Sofa,2023-05-03,5715.03,9433.51,3718.48,0,Autumn,0,2024-10-01,163,41,3,32,52,336273.89,20,31.0,18.0,37.0,,27.0
SKU030,2024-10-28,27,254704.77,9433.51,1,Product 030,Storage,Sofa,2023-05-03,5715.03,9433.51,3718.48,1,Autumn,1,2024-10-01,163,41,3,32,52,336273.89,27,26.0,31.0,22.0,,24.25
SKU030,2024-11-04,28,264138.28,9433.51,1,Product 030,Storage,Sofa,2023-05-03,5715.03,9433.51,3718.48,0,Autumn,1,2024-11-01,76,114,6,27,60,156790.28,3,27.0,26.0,18.0,,25.5
SKU030,2024-11-11,30,283005.3,9433.51,1,Product 030,Storage,Sofa,2023-05-03,5715.03,9433.51,3718.48,0,Autumn,1,2024-11-01,76,114,6,27,60,156790.28,10,28.0,27.0,31.0,,28.0
SKU030,2024-11-18,30,283005.3,9433.51,1,Product 030,Storage,Sofa,2023-05-03,5715.03,9433.51,3718.48,0,Autumn,1,2024-11-01,76,114,6,27,60,156790.28,17,30.0,28.0,26.0,,27.75
SKU030,2024-11-25,32,301872.32,9433.51,1,Product 030,Storage,Sofa,2023-05-03,5715.03,9433.51,3718.48,0,Autumn,1,2024-11-01,76,114,6,27,60,156790.28,24,30.0,30.0,27.0,,28.75
SKU030,2024-12-02,30,283005.3,9433.51,0,Product 030,Storage,Sofa,2023-05-03,5715.03,9433.51,3718.48,0,Winter,0,2024-12-01,183,76,8,21,75,377534.49,1,32.0,30.0,28.0,,30.0
SKU030,2024-12-09,38,358473.38,9433.51,0,Product 030,Storage,Sofa,2023-05-03,5715.03,9433.51,3718.48,0,Winter,0,2024-12-01,183,76,8,21,75,377534.49,8,30.0,32.0,30.0,,30.5
SKU030,2024-12-16,32,301872.32,9433.51,0,Product 030,Storage,Sofa,2023-05-03,5715.03,9433.51,3718.48,0,Winter,0,2024-12-01,183,76,8,21,75,377534.49,15,38.0,30.0,30.0,,32.5
SKU030,2024-12-23,27,254704.77000000002,9433.51,0,Product 030,Storage,Sofa,2023-05-03,5715.03,9433.51,3718.48,1,Winter,0,2024-12-01,183,76,8,21,75,377534.49,22,32.0,38.0,32.0,,33.0
SKU030,2024-12-30,21,198103.71,9433.51,0,Product 030,Storage,Sofa,2023-05-03,5715.03,9433.51,3718.48,0,Winter,0,2024-12-01,183,76,8,21,75,377534.49,29,27.0,32.0,30.0,39.0,31.75
SKU030,2025-01-06,31,292438.81,9433.51,0,Product 030,Storage,Sofa,2023-05-03,5715.03,9433.51,3718.48,0,Winter,0,2025-01-01,179,46,6,23,60,369282.37,5,21.0,27.0,38.0,41.0,29.5
SKU030,2025-01-13,34,320739.33999999997,9433.51,0,Product 030,Storage,Sofa,2023-05-03,5715.03,9433.51,3718.48,0,Winter,0,2025-01-01,179,46,6,23,60,369282.37,12,31.0,21.0,32.0,23.0,27.75
SKU030,2025-01-20,36,339606.36,9433.51,0,Product 030,Storage,Sofa,2023-05-03,5715.03,9433.51,3718.48,1,Winter,0,2025-01-01,179,46,6,23,60,369282.37,19,34.0,31.0,27.0,28.0,28.25
SKU030,2025-01-27,26,245271.26,9433.51,0,Product 030,Storage,Sofa,2023-05-03,5715.03,9433.51,3718.48,0,Winter,0,2025-01-01,179,46,6,23,60,369282.37,26,36.0,34.0,21.0,29.0,30.5
SKU030,2025-02-03,41,386773.91000000003,9433.51,0,Product 030,Storage,Sofa,2023-05-03,5715.03,9433.51,3718.48,0,Winter,0,2025-02-01,193,58,13,21,114,398164.79,2,26.0,36.0,31.0,30.0,31.75
SKU030,2025-02-10,31,292438.81,9433.51,0,Product 030,Storage,Sofa,2023-05-03,5715.03,9433.51,3718.48,0,Winter,0,2025-02-01,193,58,13,21,114,398164.79,9,41.0,26.0,34.0,36.0,34.25
SKU030,2025-02-17,39,367906.89,9433.51,0,Product 030,Storage,Sofa,2023-05-03,5715.03,9433.51,3718.48,0,Winter,0,2025-02-01,193,58,13,21,114,398164.79,16,31.0,41.0,36.0,42.0,33.5
SKU030,2025-02-24,47,443374.97000000003,9433.51,1,Product 030,Storage,Sofa,2023-05-03,5715.03,9433.51,3718.48,0,Winter,1,2025-02-01,193,58,13,21,114,398164.79,23,39.0,31.0,26.0,43.0,34.25
SKU030,2025-03-03,39,367906.89,9433.51,1,Product 030,Storage,Sofa,2023-05-03,5715.03,9433.51,3718.48,0,Spring,1,2025-03-01,79,80,12,29,123,162979.37,2,47.0,39.0,41.0,22.0,39.5
SKU030,2025-03-10,32,301872.32,9433.51,1,Product 030,Storage,Sofa,2023-05-03,5715.03,9433.51,3718.48,0,Spring,1,2025-03-01,79,80,12,29,123,162979.37,9,39.0,47.0,31.0,38.0,39.0
SKU030,2025-03-17,44,415074.44,9433.51,1,Product 030,Storage,Sofa,2023-05-03,5715.03,9433.51,3718.48,0,Spring,1,2025-03-01,79,80,12,29,123,162979.37,16,32.0,39.0,39.0,43.0,39.25
SKU030,2025-03-24,40,377340.4,9433.51,1,Product 030,Storage,Sofa,2023-05-03,5715.03,9433.51,3718.48,0,Spring,1,2025-03-01,79,80,12,29,123,162979.37,23,44.0,32.0,47.0,36.0,40.5
SKU030,2025-03-31,30,283005.3,9433.51,0,Product 030,Storage,Sofa,2023-05-03,5715.03,9433.51,3718.48,0,Spring,0,2025-03-01,79,80,12,29,123,162979.37,30,40.0,44.0,39.0,45.0,38.75
SKU030,2025-04-07,35,330172.85,9433.51,0,Product 030,Storage,Sofa,2023-05-03,5715.03,9433.51,3718.48,0,Spring,0,2025-04-01,271,64,3,45,72,559081.13,6,30.0,40.0,32.0,40.0,36.5
SKU030,2025-04-14,31,292438.81,9433.51,0,Product 030,Storage,Sofa,2023-05-03,5715.03,9433.51,3718.48,0,Spring,0,2025-04-01,271,64,3,45,72,559081.13,13,35.0,30.0,44.0,38.0,37.25
SKU030,2025-04-21,40,377340.4,9433.51,0,Product 030,Storage,Sofa,2023-05-03,5715.03,9433.51,3718.48,0,Spring,0,2025-04-01,271,64,3,45,72,559081.13,20,31.0,35.0,40.0,36.0,34.0
SKU030,2025-04-28,44,415074.44,9433.51,0,Product 030,Storage,Sofa,2023-05-03,5715.03,9433.51,3718.48,0,Spring,0,2025-04-01,271,64,3,45,72,559081.13,27,40.0,31.0,30.0,35.0,34.0
SKU030,2025-05-05,30,283005.30000000005,9433.51,0,Product 030,Storage,Sofa,2023-05-03,5715.03,9433.51,3718.48,0,Summer,0,2025-05-01,227,115,4,51,86,468307.81,4,44.0,40.0,35.0,41.0,37.5
SKU030,2025-05-12,37,349039.87,9433.51,0,Product 030,Storage,Sofa,2023-05-03,5715.03,9433.51,3718.48,0,Summer,0,2025-05-01,227,115,4,51,86,468307.81,11,30.0,44.0,31.0,42.0,36.25
SKU030,2025-05-19,38,358473.38,9433.51,0,Product 030,Storage,Sofa,2023-05-03,5715.03,9433.51,3718.48,0,Summer,0,2025-05-01,227,115,4,51,86,468307.81,18,37.0,30.0,40.0,47.0,37.75
SKU030,2025-05-26,39,367906.89,9433.51,1,Product 030,Storage,Sofa,2023-05-03,5715.03,9433.51,3718.48,0,Summer,1,2025-05-01,227,115,4,51,86,468307.81,25,38.0,37.0,44.0,40.0,37.25
SKU030,2025-06-02,38,358473.38,9433.51,1,Product 030,Storage,Sofa,2023-05-03,5715.03,9433.51,3718.48,0,Summer,1,2025-06-01,265,76,3,30,54,546702.95,1,39.0,38.0,30.0,29.0,36.0
SKU030,2025-06-09,51,481109.01,9433.51,1,Product 030,Storage,Sofa,2023-05-03,5715.03,9433.51,3718.48,0,Summer,1,2025-06-01,265,76,3,30,54,546702.95,8,38.0,39.0,37.0,47.0,38.0
SKU030,2025-06-16,31,292438.81,9433.51,1,Product 030,Storage,Sofa,2023-05-03,5715.03,9433.51,3718.48,0,Summer,1,2025-06-01,265,76,3,30,54,546702.95,15,51.0,38.0,38.0,28.0,41.5
SKU030,2025-06-23,47,443374.97000000003,9433.51,1,Product 030,Storage,Sofa,2023-05-03,5715.03,9433.51,3718.48,0,Summer,1,2025-06-01,265,76,3,30,54,546702.95,22,31.0,51.0,39.0,30.0,39.75
SKU030,2025-06-30,27,254704.77000000002,9433.51,0,Product 030,Storage,Sofa,2023-05-03,5715.03,9433.51,3718.48,0,Summer,0,2025-06-01,265,76,3,30,54,546702.95,29,47.0,31.0,38.0,36.0,41.75
SKU030,2025-07-07,29,273571.79000000004,9433.51,0,Product 030,Storage,Sofa,2023-05-03,5715.03,9433.51,3718.48,0,Monsoon,0,2025-07-01,286,63,13,43,150,590026.58,6,27.0,47.0,51.0,27.0,39.0
SKU030,2025-07-14,36,339606.36,9433.51,0,Product 030,Storage,Sofa,2023-05-03,5715.03,9433.51,3718.48,0,Monsoon,0,2025-07-01,286,63,13,43,150,590026.58,13,29.0,27.0,31.0,27.0,33.5
SKU030,2025-07-21,29,273571.79000000004,9433.51,0,Product 030,Storage,Sofa,2023-05-03,5715.03,9433.51,3718.48,0,Monsoon,0,2025-07-01,286,63,13,43,150,590026.58,20,36.0,29.0,47.0,32.0,34.75
SKU030,2025-07-28,33,311305.83,9433.51,0,Product 030,Storage,Sofa,2023-05-03,5715.03,9433.51,3718.48,0,Monsoon,0,2025-07-01,286,63,13,43,150,590026.58,27,29.0,36.0,27.0,38.0,30.25
SKU030,2025-08-04,30,283005.3,9433.51,0,Product 030,Storage,Sofa,2023-05-03,5715.03,9433.51,3718.48,0,Monsoon,0,2025-08-01,83,56,6,24,65,171231.49,3,33.0,29.0,29.0,45.0,31.75
SKU030,2025-08-11,28,264138.28,9433.51,0,Product 030,Storage,Sofa,2023-05-03,5715.03,9433.51,3718.48,1,Monsoon,0,2025-08-01,83,56,6,24,65,171231.49,10,30.0,33.0,36.0,25.0,32.0
SKU030,2025-08-18,36,339606.36,9433.51,0,Product 030,Storage,Sofa,2023-05-03,5715.03,9433.51,3718.48,0,Monsoon,0,2025-08-01,83,56,6,24,65,171231.49,17,28.0,30.0,29.0,30.0,30.0
SKU030,2025-08-25,32,301872.32,9433.51,0,Product 030,Storage,Sofa,2023-05-03,5715.03,9433.51,3718.48,0,Monsoon,0,2025-08-01,83,56,6,24,65,171231.49,24,36.0,28.0,33.0,39.0,31.75
SKU030,2025-09-01,26,245271.26,9433.51,1,Product 030,Storage,Sofa,2023-05-03,5715.03,9433.51,3718.48,0,Monsoon,1,2025-09-01,86,137,10,19,82,177420.58,0,32.0,36.0,30.0,26.0,31.5
SKU030,2025-09-08,34,320739.33999999997,9433.51,1,Product 030,Storage,Sofa,2023-05-03,5715.03,9433.51,3718.48,0,Monsoon,1,2025-09-01,86,137,10,19,82,177420.58,7,26.0,32.0,28.0,30.0,30.5
SKU030,2025-09-15,32,301872.32,9433.51,1,Product 030,Storage,Sofa,2023-05-03,5715.03,9433.51,3718.48,0,Monsoon,1,2025-09-01,86,137,10,19,82,177420.58,14,34.0,26.0,36.0,32.0,32.0
SKU030,2025-09-22,41,386773.91000000003,9433.51,1,Product 030,Storage,Sofa,2023-05-03,5715.03,9433.51,3718.48,0,Monsoon,1,2025-09-01,86,137,10,19,82,177420.58,21,32.0,34.0,32.0,37.0,31.0
SKU030,2025-09-29,27,254704.77000000002,9433.51,0,Product 030,Storage,Sofa,2023-05-03,5715.03,9433.51,3718.48,0,Monsoon,0,2025-09-01,86,137,10,19,82,177420.58,28,41.0,32.0,26.0,22.0,33.25
SKU030,2025-10-06,25,235837.75,9433.51,0,Product 030,Storage,Sofa,2023-05-03,5715.03,9433.51,3718.48,0,Autumn,0,2025-10-01,142,208,13,39,123,292950.26,5,27.0,41.0,34.0,18.0,33.5
SKU030,2025-10-13,32,301872.32,9433.51,0,Product 030,Storage,Sofa,2023-05-03,5715.03,9433.51,3718.48,0,Autumn,0,2025-10-01,142,208,13,39,123,292950.26,12,25.0,27.0,32.0,31.0,31.25
SKU030,2025-10-20,27,254704.77,9433.51,0,Product 030,Storage,Sofa,2023-05-03,5715.03,9433.51,3718.48,1,Autumn,0,2025-10-01,142,208,13,39,123,292950.26,19,32.0,25.0,41.0,26.0,31.25
SKU030,2025-10-27,28,264138.27999999997,9433.51,1,Product 030,Storage,Sofa,2023-05-03,5715.03,9433.51,3718.48,0,Autumn,1,2025-10-01,142,208,13,39,123,292950.26,26,27.0,32.0,27.0,27.0,27.75
SKU030,2025-11-03,25,235837.75,9433.51,1,Product 030,Storage,Sofa,2023-05-03,5715.03,9433.51,3718.48,0,Autumn,1,2025-11-01,66,25,4,23,47,136159.98,2,28.0,27.0,25.0,28.0,28.0
SKU030,2025-11-10,34,320739.33999999997,9433.51,1,Product 030,Storage,Sofa,2023-05-03,5715.03,9433.51,3718.48,0,Autumn,1,2025-11-01,66,25,4,23,47,136159.98,9,25.0,28.0,32.0,30.0,28.0
SKU030,2025-11-17,33,311305.83,9433.51,1,Product 030,Storage,Sofa,2023-05-03,5715.03,9433.51,3718.48,0,Autumn,1,2025-11-01,66,25,4,23,47,136159.98,16,34.0,25.0,27.0,30.0,28.5
SKU030,2025-11-24,26,245271.26,9433.51,1,Product 030,Storage,Sofa,2023-05-03,5715.03,9433.51,3718.48,0,Autumn,1,2025-11-01,66,25,4,23,47,136159.98,23,33.0,34.0,28.0,32.0,30.0
SKU030,2025-12-01,25,235837.75,9433.51,0,Product 030,Storage,Sofa,2023-05-03,5715.03,9433.51,3718.48,0,Winter,0,2025-12-01,166,32,9,43,104,342462.98,0,26.0,33.0,25.0,30.0,29.5
SKU030,2025-12-08,35,330172.85000000003,9433.51,0,Product 030,Storage,Sofa,2023-05-03,5715.03,9433.51,3718.48,0,Winter,0,2025-12-01,166,32,9,43,104,342462.98,7,25.0,26.0,34.0,38.0,29.5
SKU030,2025-12-15,26,245271.26,9433.51,0,Product 030,Storage,Sofa,2023-05-03,5715.03,9433.51,3718.48,0,Winter,0,2025-12-01,166,32,9,43,104,342462.98,14,35.0,25.0,33.0,32.0,29.75
SKU030,2025-12-22,28,264138.28,9433.51,0,Product 030,Storage,Sofa,2023-05-03,5715.03,9433.51,3718.48,1,Winter,0,2025-12-01,166,32,9,43,104,342462.98,21,26.0,35.0,26.0,27.0,28.0
SKU031,2024-01-01,143,1246377.99,8715.93,0,Product 031,Furniture,Chair,2023-05-11,6300.65,8715.93,2415.28,0,Winter,0,2024-01-01,22,17,4,5,10,55557.7,0,,,,,
SKU031,2024-01-08,107,932604.51,8715.93,0,Product 031,Furniture,Chair,2023-05-11,6300.65,8715.93,2415.28,0,Winter,0,2024-01-01,22,17,4,5,10,55557.7,7,143.0,,,,
SKU031,2024-01-15,132,1150502.76,8715.93,0,Product 031,Furniture,Chair,2023-05-11,6300.65,8715.93,2415.28,0,Winter,0,2024-01-01,22,17,4,5,10,55557.7,14,107.0,143.0,,,
SKU031,2024-01-22,144,1255093.92,8715.93,0,Product 031,Furniture,Chair,2023-05-11,6300.65,8715.93,2415.28,1,Winter,0,2024-01-01,22,17,4,5,10,55557.7,21,132.0,107.0,,,
SKU031,2024-01-29,138,1202798.34,8715.93,0,Product 031,Furniture,Chair,2023-05-11,6300.65,8715.93,2415.28,0,Winter,0,2024-01-01,22,17,4,5,10,55557.7,28,144.0,132.0,143.0,,131.5
SKU031,2024-02-05,137,1194082.4100000001,8715.93,0,Product 031,Furniture,Chair,2023-05-11,6300.65,8715.93,2415.28,0,Winter,0,2024-02-01,68,81,12,33,100,171723.8,4,138.0,144.0,107.0,,130.25
SKU031,2024-02-12,137,1194082.4100000001,8715.93,0,Product 031,Furniture,Chair,2023-05-11,6300.65,8715.93,2415.28,0,Winter,0,2024-02-01,68,81,12,33,100,171723.8,11,137.0,138.0,132.0,,137.75
SKU031,2024-02-19,150,1307389.5,8715.93,0,Product 031,Furniture,Chair,2023-05-11,6300.65,8715.93,2415.28,0,Winter,0,2024-02-01,68,81,12,33,100,171723.8,18,137.0,137.0,144.0,,139.0
SKU031,2024-02-26,136,1185366.48,8715.93,1,Product 031,Furniture,Chair,2023-05-11,6300.65,8715.93,2415.28,0,Winter,1,2024-02-01,68,81,12,33,100,171723.8,25,150.0,137.0,138.0,,140.5
SKU031,2024-03-04,163,1420696.59,8715.93,1,Product 031,Furniture,Chair,2023-05-11,6300.65,8715.93,2415.28,0,Spring,1,2024-03-01,159,66,7,27,78,401530.65,3,136.0,150.0,137.0,,140.0
SKU031,2024-03-11,167,1455560.31,8715.93,1,Product 031,Furniture,Chair,2023-05-11,6300.65,8715.93,2415.28,0,Spring,1,2024-03-01,159,66,7,27,78,401530.65,10,163.0,136.0,137.0,,146.5
SKU031,2024-03-18,166,1446844.38,8715.93,1,Product 031,Furniture,Chair,2023-05-11,6300.65,8715.93,2415.28,0,Spring,1,2024-03-01,159,66,7,27,78,401530.65,17,167.0,163.0,150.0,,154.0
SKU031,2024-03-25,150,1307389.5,8715.93,1,Product 031,Furniture,Chair,2023-05-11,6300.65,8715.93,2415.28,0,Spring,1,2024-03-01,159,66,7,27,78,401530.65,24,166.0,167.0,136.0,,158.0
SKU031,2024-04-01,158,1377116.94,8715.93,0,Product 031,Furniture,Chair,2023-05-11,6300.65,8715.93,2415.28,0,Spring,0,2024-04-01,292,22,8,33,101,737402.2,0,150.0,166.0,163.0,,161.5
SKU031,2024-04-08,130,1133070.9,8715.93,0,Product 031,Furniture,Chair,2023-05-11,6300.65,8715.93,2415.28,0,Spring,0,2024-04-01,292,22,8,33,101,737402.2,7,158.0,150.0,167.0,,160.25
SKU031,2024-04-15,165,1438128.45,8715.93,0,Product 031,Furniture,Chair,2023-05-11,6300.65,8715.93,2415.28,0,Spring,0,2024-04-01,292,22,8,33,101,737402.2,14,130.0,158.0,166.0,,151.0
SKU031,2024-04-22,121,1054627.53,8715.93,0,Product 031,Furniture,Chair,2023-05-11,6300.65,8715.93,2415.28,0,Spring,0,2024-04-01,292,22,8,33,101,737402.2,21,165.0,130.0,150.0,,150.75
SKU031,2024-04-29,159,1385832.87,8715.93,0,Product 031,Furniture,Chair,2023-05-11,6300.65,8715.93,2415.28,0,Spring,0,2024-04-01,292,22,8,33,101,737402.2,28,121.0,165.0,158.0,,143.5
SKU031,2024-05-06,152,1324821.3599999999,8715.93,0,Product 031,Furniture,Chair,2023-05-11,6300.65,8715.93,2415.28,0,Summer,0,2024-05-01,71,103,11,30,114,179299.85,5,159.0,121.0,130.0,,143.75
SKU031,2024-05-13,143,1246377.99,8715.93,0,Product 031,Furniture,Chair,2023-05-11,6300.65,8715.93,2415.28,0,Summer,0,2024-05-01,71,103,11,30,114,179299.85,12,152.0,159.0,165.0,,149.25
SKU031,2024-05-20,150,1307389.5,8715.93,0,Product 031,Furniture,Chair,2023-05-11,6300.65,8715.93,2415.28,0,Summer,0,2024-05-01,71,103,11,30,114,179299.85,19,143.0,152.0,121.0,,143.75
SKU031,2024-05-27,160,1394548.8,8715.93,1,Product 031,Furniture,Chair,2023-05-11,6300.65,8715.93,2415.28,0,Summer,1,2024-05-01,71,103,11,30,114,179299.85,26,150.0,143.0,159.0,,151.0
SKU031,2024-06-03,151,1316105.43,8715.93,1,Product 031,Furniture,Chair,2023-05-11,6300.65,8715.93,2415.28,0,Summer,1,2024-06-01,181,40,14,53,164,457088.35,2,160.0,150.0,152.0,,151.25
SKU031,2024-06-10,150,1307389.5,8715.93,1,Product 031,Furniture,Chair,2023-05-11,6300.65,8715.93,2415.28,0,Summer,1,2024-06-01,181,40,14,53,164,457088.35,9,151.0,160.0,143.0,,151.0
SKU031,2024-06-17,152,1324821.3599999999,8715.93,1,Product 031,Furniture,Chair,2023-05-11,6300.65,8715.93,2415.28,0,Summer,1,2024-06-01,181,40,14,53,164,457088.35,16,150.0,151.0,150.0,,152.75
SKU031,2024-06-24,164,1429412.52,8715.93,1,Product 031,Furniture,Chair,2023-05-11,6300.65,8715.93,2415.28,0,Summer,1,2024-06-01,181,40,14,53,164,457088.35,23,152.0,150.0,160.0,,153.25
SKU031,2024-07-01,133,1159218.69,8715.93,0,Product 031,Furniture,Chair,2023-05-11,6300.65,8715.93,2415.28,0,Monsoon,0,2024-07-01,178,70,14,42,156,449512.3,0,164.0,152.0,151.0,,154.25
SKU031,2024-07-08,120,1045911.6,8715.93,0,Product 031,Furniture,Chair,2023-05-11,6300.65,8715.93,2415.28,0,Monsoon,0,2024-07-01,178,70,14,42,156,449512.3,7,133.0,164.0,150.0,,149.75
SKU031,2024-07-15,126,1098207.18,8715.93,0,Product 031,Furniture,Chair,2023-05-11,6300.65,8715.93,2415.28,0,Monsoon,0,2024-07-01,178,70,14,42,156,449512.3,14,120.0,133.0,152.0,,142.25
SKU031,2024-07-22,122,1063343.46,8715.93,0,Product 031,Furniture,Chair,2023-05-11,6300.65,8715.93,2415.28,0,Monsoon,0,2024-07-01,178,70,14,42,156,449512.3,21,126.0,120.0,164.0,,135.75
SKU031,2024-07-29,98,854161.14,8715.93,0,Product 031,Furniture,Chair,2023-05-11,6300.65,8715.93,2415.28,0,Monsoon,0,2024-07-01,178,70,14,42,156,449512.3,28,122.0,126.0,133.0,,125.25
SKU031,2024-08-05,145,1263809.85,8715.93,0,Product 031,Furniture,Chair,2023-05-11,6300.65,8715.93,2415.28,0,Monsoon,0,2024-08-01,183,236,12,44,133,462139.05,4,98.0,122.0,120.0,,116.5
SKU031,2024-08-12,120,1045911.6,8715.93,0,Product 031,Furniture,Chair,2023-05-11,6300.65,8715.93,2415.28,1,Monsoon,0,2024-08-01,183,236,12,44,133,462139.05,11,145.0,98.0,126.0,,122.75
SKU031,2024-08-19,104,906456.72,8715.93,0,Product 031,Furniture,Chair,2023-05-11,6300.65,8715.93,2415.28,0,Monsoon,0,2024-08-01,183,236,12,44,133,462139.05,18,120.0,145.0,122.0,,121.25
SKU031,2024-08-26,124,1080775.32,8715.93,1,Product 031,Furniture,Chair,2023-05-11,6300.65,8715.93,2415.28,0,Monsoon,1,2024-08-01,183,236,12,44,133,462139.05,25,104.0,120.0,98.0,,116.75
SKU031,2024-09-02,110,958752.3,8715.93,1,Product 031,Furniture,Chair,2023-05-11,6300.65,8715.93,2415.28,0,Monsoon,1,2024-09-01,43,144,6,41,74,108590.05,1,124.0,104.0,145.0,,123.25
SKU031,2024-09-09,135,1176650.55,8715.93,1,Product 031,Furniture,Chair,2023-05-11,6300.65,8715.93,2415.28,0,Monsoon,1,2024-09-01,43,144,6,41,74,108590.05,8,110.0,124.0,120.0,,114.5
SKU031,2024-09-16,123,1072059.3900000001,8715.93,1,Product 031,Furniture,Chair,2023-05-11,6300.65,8715.93,2415.28,0,Monsoon,1,2024-09-01,43,144,6,41,74,108590.05,15,135.0,110.0,104.0,,118.25
SKU031,2024-09-23,116,1011047.88,8715.93,1,Product 031,Furniture,Chair,2023-05-11,6300.65,8715.93,2415.28,0,Monsoon,1,2024-09-01,43,144,6,41,74,108590.05,22,123.0,135.0,124.0,,123.0
SKU031,2024-09-30,105,915172.65,8715.93,0,Product 031,Furniture,Chair,2023-05-11,6300.65,8715.93,2415.28,0,Monsoon,0,2024-09-01,43,144,6,41,74,108590.05,29,116.0,123.0,110.0,,121.0
SKU031,2024-10-07,109,950036.37,8715.93,0,Product 031,Furniture,Chair,2023-05-11,6300.65,8715.93,2415.28,0,Autumn,0,2024-10-01,187,158,12,41,109,472240.45,6,105.0,116.0,135.0,,119.75
SKU031,2024-10-14,109,950036.37,8715.93,0,Product 031,Furniture,Chair,2023-05-11,6300.65,8715.93,2415.28,0,Autumn,0,2024-10-01,187,158,12,41,109,472240.45,13,109.0,105.0,123.0,,113.25
SKU031,2024-10-21,112,976184.16,8715.93,0,Product 031,Furniture,Chair,2023-05-11,6300.65,8715.93,2415.28,0,Autumn,0,2024-10-01,187,158,12,41,109,472240.45,20,109.0,109.0,116.0,,109.75
SKU031,2024-10-28,129,1124354.97,8715.93,1,Product 031,Furniture,Chair,2023-05-11,6300.65,8715.93,2415.28,1,Autumn,1,2024-10-01,187,158,12,41,109,472240.45,27,112.0,109.0,105.0,,108.75
SKU031,2024-11-04,113,984900.0900000001,8715.93,1,Product 031,Furniture,Chair,2023-05-11,6300.65,8715.93,2415.28,0,Autumn,1,2024-11-01,170,30,13,30,112,429309.5,3,129.0,112.0,109.0,,114.75
SKU031,2024-11-11,105,915172.65,8715.93,1,Product 031,Furniture,Chair,2023-05-11,6300.65,8715.93,2415.28,0,Autumn,1,2024-11-01,170,30,13,30,112,429309.5,10,113.0,129.0,109.0,,115.75
SKU031,2024-11-18,113,984900.09,8715.93,1,Product 031,Furniture,Chair,2023-05-11,6300.65,8715.93,2415.28,0,Autumn,1,2024-11-01,170,30,13,30,112,429309.5,17,105.0,113.0,112.0,,114.75
SKU031,2024-11-25,103,897740.79,8715.93,1,Product 031,Furniture,Chair,2023-05-11,6300.65,8715.93,2415.28,0,Autumn,1,2024-11-01,170,30,13,30,112,429309.5,24,113.0,105.0,129.0,,115.0
SKU031,2024-12-02,114,993616.02,8715.93,0,Product 031,Furniture,Chair,2023-05-11,6300.65,8715.93,2415.28,0,Winter,0,2024-12-01,158,3,4,27,51,399005.3,1,103.0,113.0,113.0,,108.5
SKU031,2024-12-09,107,932604.51,8715.93,0,Product 031,Furniture,Chair,2023-05-11,6300.65,8715.93,2415.28,0,Winter,0,2024-12-01,158,3,4,27,51,399005.3,8,114.0,103.0,105.0,,108.75
SKU031,2024-12-16,106,923888.58,8715.93,0,Product 031,Furniture,Chair,2023-05-11,6300.65,8715.93,2415.28,0,Winter,0,2024-12-01,158,3,4,27,51,399005.3,15,107.0,114.0,113.0,,109.25
SKU031,2024-12-23,108,941320.44,8715.93,0,Product 031,Furniture,Chair,2023-05-11,6300.65,8715.93,2415.28,1,Winter,0,2024-12-01,158,3,4,27,51,399005.3,22,106.0,107.0,103.0,,107.5
SKU031,2024-12-30,138,1202798.34,8715.93,0,Product 031,Furniture,Chair,2023-05-11,6300.65,8715.93,2415.28,0,Winter,0,2024-12-01,158,3,4,27,51,399005.3,29,108.0,106.0,114.0,143.0,108.75
SKU031,2025-01-06,145,1263809.85,8715.93,0,Product 031,Furniture,Chair,2023-05-11,6300.65,8715.93,2415.28,0,Winter,0,2025-01-01,98,64,7,24,68,247484.3,5,138.0,108.0,107.0,107.0,114.75
SKU031,2025-01-13,132,1150502.76,8715.93,0,Product 031,Furniture,Chair,2023-05-11,6300.65,8715.93,2415.28,0,Winter,0,2025-01-01,98,64,7,24,68,247484.3,12,145.0,138.0,106.0,132.0,124.25
SKU031,2025-01-20,140,1220230.2,8715.93,0,Product 031,Furniture,Chair,2023-05-11,6300.65,8715.93,2415.28,1,Winter,0,2025-01-01,98,64,7,24,68,247484.3,19,132.0,145.0,108.0,144.0,130.75
SKU031,2025-01-27,131,1141786.83,8715.93,0,Product 031,Furniture,Chair,2023-05-11,6300.65,8715.93,2415.28,0,Winter,0,2025-01-01,98,64,7,24,68,247484.3,26,140.0,132.0,138.0,138.0,138.75
SKU031,2025-02-03,152,1324821.36,8715.93,0,Product 031,Furniture,Chair,2023-05-11,6300.65,8715.93,2415.28,0,Winter,0,2025-02-01,49,83,3,40,60,123742.15,2,131.0,140.0,145.0,137.0,137.0
SKU031,2025-02-10,163,1420696.59,8715.93,0,Product 031,Furniture,Chair,2023-05-11,6300.65,8715.93,2415.28,0,Winter,0,2025-02-01,49,83,3,40,60,123742.15,9,152.0,131.0,132.0,137.0,138.75
SKU031,2025-02-17,130,1133070.9,8715.93,0,Product 031,Furniture,Chair,2023-05-11,6300.65,8715.93,2415.28,0,Winter,0,2025-02-01,49,83,3,40,60,123742.15,16,163.0,152.0,140.0,150.0,146.5
SKU031,2025-02-24,137,1194082.41,8715.93,1,Product 031,Furniture,Chair,2023-05-11,6300.65,8715.93,2415.28,0,Winter,1,2025-02-01,49,83,3,40,60,123742.15,23,130.0,163.0,131.0,136.0,144.0
SKU031,2025-03-03,170,1481708.1,8715.93,1,Product 031,Furniture,Chair,2023-05-11,6300.65,8715.93,2415.28,0,Spring,1,2025-03-01,203,19,8,26,88,512646.05,2,137.0,130.0,152.0,163.0,145.5
SKU031,2025-03-10,133,1159218.69,8715.93,1,Product 031,Furniture,Chair,2023-05-11,6300.65,8715.93,2415.28,0,Spring,1,2025-03-01,203,19,8,26,88,512646.05,9,170.0,137.0,163.0,167.0,150.0
SKU031,2025-03-17,145,1263809.85,8715.93,1,Product 031,Furniture,Chair,2023-05-11,6300.65,8715.93,2415.28,0,Spring,1,2025-03-01,203,19,8,26,88,512646.05,16,133.0,170.0,130.0,166.0,142.5
SKU031,2025-03-24,173,1507855.8900000001,8715.93,1,Product 031,Furniture,Chair,2023-05-11,6300.65,8715.93,2415.28,0,Spring,1,2025-03-01,203,19,8,26,88,512646.05,23,145.0,133.0,137.0,150.0,146.25
SKU031,2025-03-31,131,1141786.83,8715.93,0,Product 031,Furniture,Chair,2023-05-11,6300.65,8715.93,2415.28,0,Spring,0,2025-03-01,203,19,8,26,88,512646.05,30,173.0,145.0,170.0,158.0,155.25
SKU031,2025-04-07,160,1394548.8,8715.93,0,Product 031,Furniture,Chair,2023-05-11,6300.65,8715.93,2415.28,0,Spring,0,2025-04-01,75,4,14,28,148,189401.25,6,131.0,173.0,133.0,130.0,145.5
SKU031,2025-04-14,132,1150502.76,8715.93,0,Product 031,Furniture,Chair,2023-05-11,6300.65,8715.93,2415.28,0,Spring,0,2025-04-01,75,4,14,28,148,189401.25,13,160.0,131.0,145.0,165.0,152.25
SKU031,2025-04-21,130,1133070.9000000001,8715.93,0,Product 031,Furniture,Chair,2023-05-11,6300.65,8715.93,2415.28,0,Spring,0,2025-04-01,75,4,14,28,148,189401.25,20,132.0,160.0,173.0,121.0,149.0
SKU031,2025-04-28,153,1333537.29,8715.93,0,Product 031,Furniture,Chair,2023-05-11,6300.65,8715.93,2415.28,0,Spring,0,2025-04-01,75,4,14,28,148,189401.25,27,130.0,132.0,131.0,159.0,138.25
SKU031,2025-05-05,156,1359685.08,8715.93,0,Product 031,Furniture,Chair,2023-05-11,6300.65,8715.93,2415.28,0,Summer,0,2025-05-01,138,37,10,55,125,348498.3,4,153.0,130.0,160.0,152.0,143.75
SKU031,2025-05-12,145,1263809.85,8715.93,0,Product 031,Furniture,Chair,2023-05-11,6300.65,8715.93,2415.28,0,Summer,0,2025-05-01,138,37,10,55,125,348498.3,11,156.0,153.0,132.0,143.0,142.75
SKU031,2025-05-19,158,1377116.94,8715.93,0,Product 031,Furniture,Chair,2023-05-11,6300.65,8715.93,2415.28,0,Summer,0,2025-05-01,138,37,10,55,125,348498.3,18,145.0,156.0,130.0,150.0,146.0
SKU031,2025-05-26,153,1333537.29,8715.93,1,Product 031,Furniture,Chair,2023-05-11,6300.65,8715.93,2415.28,0,Summer,1,2025-05-01,138,37,10,55,125,348498.3,25,158.0,145.0,153.0,160.0,153.0
SKU031,2025-06-02,156,1359685.08,8715.93,1,Product 031,Furniture,Chair,2023-05-11,6300.65,8715.93,2415.28,0,Summer,1,2025-06-01,100,6,14,36,131,252535.0,1,153.0,158.0,156.0,151.0,153.0
SKU031,2025-06-09,162,1411980.66,8715.93,1,Product 031,Furniture,Chair,2023-05-11,6300.65,8715.93,2415.28,0,Summer,1,2025-06-01,100,6,14,36,131,252535.0,8,156.0,153.0,145.0,150.0,153.0
SKU031,2025-06-16,144,1255093.92,8715.93,1,Product 031,Furniture,Chair,2023-05-11,6300.65,8715.93,2415.28,0,Summer,1,2025-06-01,100,6,14,36,131,252535.0,15,162.0,156.0,158.0,152.0,157.25
SKU031,2025-06-23,136,1185366.48,8715.93,1,Product 031,Furniture,Chair,2023-05-11,6300.65,8715.93,2415.28,0,Summer,1,2025-06-01,100,6,14,36,131,252535.0,22,144.0,162.0,153.0,164.0,153.75
SKU031,2025-06-30,124,1080775.32,8715.93,0,Product 031,Furniture,Chair,2023-05-11,6300.65,8715.93,2415.28,0,Summer,0,2025-06-01,100,6,14,36,131,252535.0,29,136.0,144.0,156.0,133.0,149.5
SKU031,2025-07-07,111,967468.23,8715.93,0,Product 031,Furniture,Chair,2023-05-11,6300.65,8715.93,2415.28,0,Monsoon,0,2025-07-01,59,152,10,49,130,148995.65,6,124.0,136.0,162.0,120.0,141.5
SKU031,2025-07-14,131,1141786.83,8715.93,0,Product 031,Furniture,Chair,2023-05-11,6300.65,8715.93,2415.28,0,Monsoon,0,2025-07-01,59,152,10,49,130,148995.65,13,111.0,124.0,144.0,126.0,128.75
SKU031,2025-07-21,127,1106923.11,8715.93,0,Product 031,Furniture,Chair,2023-05-11,6300.65,8715.93,2415.28,0,Monsoon,0,2025-07-01,59,152,10,49,130,148995.65,20,131.0,111.0,136.0,122.0,125.5
SKU031,2025-07-28,121,1054627.53,8715.93,0,Product 031,Furniture,Chair,2023-05-11,6300.65,8715.93,2415.28,0,Monsoon,0,2025-07-01,59,152,10,49,130,148995.65,27,127.0,131.0,124.0,98.0,123.25
SKU031,2025-08-04,129,1124354.97,8715.93,0,Product 031,Furniture,Chair,2023-05-11,6300.65,8715.93,2415.28,0,Monsoon,0,2025-08-01,31,33,5,18,49,78285.85,3,121.0,127.0,111.0,145.0,122.5
SKU031,2025-08-11,136,1185366.48,8715.93,0,Product 031,Furniture,Chair,2023-05-11,6300.65,8715.93,2415.28,1,Monsoon,0,2025-08-01,31,33,5,18,49,78285.85,10,129.0,121.0,131.0,120.0,127.0
SKU031,2025-08-18,111,967468.23,8715.93,0,Product 031,Furniture,Chair,2023-05-11,6300.65,8715.93,2415.28,0,Monsoon,0,2025-08-01,31,33,5,18,49,78285.85,17,136.0,129.0,127.0,104.0,128.25
SKU031,2025-08-25,123,1072059.3900000001,8715.93,0,Product 031,Furniture,Chair,2023-05-11,6300.65,8715.93,2415.28,0,Monsoon,0,2025-08-01,31,33,5,18,49,78285.85,24,111.0,136.0,121.0,124.0,124.25
SKU031,2025-09-01,118,1028479.74,8715.93,1,Product 031,Furniture,Chair,2023-05-11,6300.65,8715.93,2415.28,0,Monsoon,1,2025-09-01,202,1,8,23,72,510120.7,0,123.0,111.0,129.0,110.0,124.75
SKU031,2025-09-08,125,1089491.25,8715.93,1,Product 031,Furniture,Chair,2023-05-11,6300.65,8715.93,2415.28,0,Monsoon,1,2025-09-01,202,1,8,23,72,510120.7,7,118.0,123.0,136.0,135.0,122.0
SKU031,2025-09-15,118,1028479.74,8715.93,1,Product 031,Furniture,Chair,2023-05-11,6300.65,8715.93,2415.28,0,Monsoon,1,2025-09-01,202,1,8,23,72,510120.7,14,125.0,118.0,111.0,123.0,119.25
SKU031,2025-09-22,112,976184.16,8715.93,1,Product 031,Furniture,Chair,2023-05-11,6300.65,8715.93,2415.28,0,Monsoon,1,2025-09-01,202,1,8,23,72,510120.7,21,118.0,125.0,123.0,116.0,121.0
SKU031,2025-09-29,107,932604.51,8715.93,0,Product 031,Furniture,Chair,2023-05-11,6300.65,8715.93,2415.28,0,Monsoon,0,2025-09-01,202,1,8,23,72,510120.7,28,112.0,118.0,118.0,105.0,118.25
SKU031,2025-10-06,109,950036.37,8715.93,0,Product 031,Furniture,Chair,2023-05-11,6300.65,8715.93,2415.28,0,Autumn,0,2025-10-01,132,192,11,51,125,333346.2,5,107.0,112.0,125.0,109.0,115.5
SKU031,2025-10-13,120,1045911.6,8715.93,0,Product 031,Furniture,Chair,2023-05-11,6300.65,8715.93,2415.28,0,Autumn,0,2025-10-01,132,192,11,51,125,333346.2,12,109.0,107.0,118.0,109.0,111.5
SKU031,2025-10-20,114,993616.02,8715.93,0,Product 031,Furniture,Chair,2023-05-11,6300.65,8715.93,2415.28,1,Autumn,0,2025-10-01,132,192,11,51,125,333346.2,19,120.0,109.0,112.0,112.0,112.0
SKU031,2025-10-27,110,958752.3,8715.93,1,Product 031,Furniture,Chair,2023-05-11,6300.65,8715.93,2415.28,0,Autumn,1,2025-10-01,132,192,11,51,125,333346.2,26,114.0,120.0,107.0,129.0,112.5
SKU031,2025-11-03,109,950036.37,8715.93,1,Product 031,Furniture,Chair,2023-05-11,6300.65,8715.93,2415.28,0,Autumn,1,2025-11-01,32,163,12,31,94,80811.2,2,110.0,114.0,109.0,113.0,113.25
SKU031,2025-11-10,131,1141786.83,8715.93,1,Product 031,Furniture,Chair,2023-05-11,6300.65,8715.93,2415.28,0,Autumn,1,2025-11-01,32,163,12,31,94,80811.2,9,109.0,110.0,120.0,105.0,113.25
SKU031,2025-11-17,113,984900.09,8715.93,1,Product 031,Furniture,Chair,2023-05-11,6300.65,8715.93,2415.28,0,Autumn,1,2025-11-01,32,163,12,31,94,80811.2,16,131.0,109.0,114.0,113.0,116.0
SKU031,2025-11-24,104,906456.72,8715.93,1,Product 031,Furniture,Chair,2023-05-11,6300.65,8715.93,2415.28,0,Autumn,1,2025-11-01,32,163,12,31,94,80811.2,23,113.0,131.0,110.0,103.0,115.75
SKU031,2025-12-01,96,836729.28,8715.93,0,Product 031,Furniture,Chair,2023-05-11,6300.65,8715.93,2415.28,0,Winter,0,2025-12-01,93,40,13,28,113,234857.55,0,104.0,113.0,109.0,114.0,114.25
SKU031,2025-12-08,104,906456.72,8715.93,0,Product 031,Furniture,Chair,2023-05-11,6300.65,8715.93,2415.28,0,Winter,0,2025-12-01,93,40,13,28,113,234857.55,7,96.0,104.0,131.0,107.0,111.0
SKU031,2025-12-15,132,1150502.76,8715.93,0,Product 031,Furniture,Chair,2023-05-11,6300.65,8715.93,2415.28,0,Winter,0,2025-12-01,93,40,13,28,113,234857.55,14,104.0,96.0,113.0,106.0,104.25
SKU031,2025-12-22,97,845445.21,8715.93,0,Product 031,Furniture,Chair,2023-05-11,6300.65,8715.93,2415.28,1,Winter,0,2025-12-01,93,40,13,28,113,234857.55,21,132.0,104.0,104.0,108.0,109.0
SKU032,2024-01-01,53,297467.27,5612.590000000001,0,Product 032,Home Decor,Table,2022-09-07,3806.6,5612.59,1805.99,0,Winter,0,2024-01-01,19,21,9,5,14,86773.0,0,,,,,
SKU032,2024-01-08,66,370430.94,5612.590000000001,0,Product 032,Home Decor,Table,2022-09-07,3806.6,5612.59,1805.99,0,Winter,0,2024-01-01,19,21,9,5,14,86773.0,7,53.0,,,,
SKU032,2024-01-15,72,404106.48,5612.590000000001,0,Product 032,Home Decor,Table,2022-09-07,3806.6,5612.59,1805.99,0,Winter,0,2024-01-01,19,21,9,5,14,86773.0,14,66.0,53.0,,,
SKU032,2024-01-22,70,392881.3,5612.590000000001,0,Product 032,Home Decor,Table,2022-09-07,3806.6,5612.59,1805.99,1,Winter,0,2024-01-01,19,21,9,5,14,86773.0,21,72.0,66.0,,,
SKU032,2024-01-29,64,359205.76,5612.590000000001,0,Product 032,Home Decor,Table,2022-09-07,3806.6,5612.59,1805.99,0,Winter,0,2024-01-01,19,21,9,5,14,86773.0,28,70.0,72.0,53.0,,65.25
SKU032,2024-02-05,89,499520.51,5612.590000000001,0,Product 032,Home Decor,Table,2022-09-07,3806.6,5612.59,1805.99,0,Winter,0,2024-02-01,272,122,5,64,122,1242224.0,4,64.0,70.0,66.0,,68.0
SKU032,2024-02-12,69,387268.71,5612.590000000001,0,Product 032,Home Decor,Table,2022-09-07,3806.6,5612.59,1805.99,0,Winter,0,2024-02-01,272,122,5,64,122,1242224.0,11,89.0,64.0,72.0,,73.75
SKU032,2024-02-19,77,432169.43,5612.590000000001,0,Product 032,Home Decor,Table,2022-09-07,3806.6,5612.59,1805.99,0,Winter,0,2024-02-01,272,122,5,64,122,1242224.0,18,69.0,89.0,70.0,,73.0
SKU032,2024-02-26,93,521970.87,5612.590000000001,1,Product 032,Home Decor,Table,2022-09-07,3806.6,5612.59,1805.99,0,Winter,1,2024-02-01,272,122,5,64,122,1242224.0,25,77.0,69.0,64.0,,74.75
SKU032,2024-03-04,68,381656.12,5612.590000000001,1,Product 032,Home Decor,Table,2022-09-07,3806.6,5612.59,1805.99,0,Spring,1,2024-03-01,429,87,7,47,134,1959243.0,3,93.0,77.0,89.0,,82.0
SKU032,2024-03-11,78,437782.02,5612.590000000001,1,Product 032,Home Decor,Table,2022-09-07,3806.6,5612.59,1805.99,0,Spring,1,2024-03-01,429,87,7,47,134,1959243.0,10,68.0,93.0,69.0,,76.75
SKU032,2024-03-18,85,477070.15,5612.590000000001,1,Product 032,Home Decor,Table,2022-09-07,3806.6,5612.59,1805.99,0,Spring,1,2024-03-01,429,87,7,47,134,1959243.0,17,78.0,68.0,77.0,,79.0
SKU032,2024-03-25,71,398493.89,5612.590000000001,1,Product 032,Home Decor,Table,2022-09-07,3806.6,5612.59,1805.99,0,Spring,1,2024-03-01,429,87,7,47,134,1959243.0,24,85.0,78.0,93.0,,81.0
SKU032,2024-04-01,75,420944.25,5612.590000000001,0,Product 032,Home Decor,Table,2022-09-07,3806.6,5612.59,1805.99,0,Spring,0,2024-04-01,524,70,10,99,260,2393108.0,0,71.0,85.0,68.0,,75.5
SKU032,2024-04-08,74,415331.66,5612.590000000001,0,Product 032,Home Decor,Table,2022-09-07,3806.6,5612.59,1805.99,0,Spring,0,2024-04-01,524,70,10,99,260,2393108.0,7,75.0,71.0,78.0,,77.25
SKU032,2024-04-15,68,381656.12,5612.590000000001,0,Product 032,Home Decor,Table,2022-09-07,3806.6,5612.59,1805.99,0,Spring,0,2024-04-01,524,70,10,99,260,2393108.0,14,74.0,75.0,85.0,,76.25
SKU032,2024-04-22,78,437782.02,5612.590000000001,0,Product 032,Home Decor,Table,2022-09-07,3806.6,5612.59,1805.99,0,Spring,0,2024-04-01,524,70,10,99,260,2393108.0,21,68.0,74.0,71.0,,72.0
SKU032,2024-04-29,73,409719.07,5612.590000000001,0,Product 032,Home Decor,Table,2022-09-07,3806.6,5612.59,1805.99,0,Spring,0,2024-04-01,524,70,10,99,260,2393108.0,28,78.0,68.0,75.0,,73.75
SKU032,2024-05-06,57,319917.63,5612.590000000001,0,Product 032,Home Decor,Table,2022-09-07,3806.6,5612.59,1805.99,0,Summer,0,2024-05-01,304,71,3,80,122,1388368.0,5,73.0,78.0,74.0,,73.25
SKU032,2024-05-13,101,566871.59,5612.590000000001,0,Product 032,Home Decor,Table,2022-09-07,3806.6,5612.59,1805.99,0,Summer,0,2024-05-01,304,71,3,80,122,1388368.0,12,57.0,73.0,68.0,,69.0
SKU032,2024-05-20,72,404106.48,5612.590000000001,0,Product 032,Home Decor,Table,2022-09-07,3806.6,5612.59,1805.99,0,Summer,0,2024-05-01,304,71,3,80,122,1388368.0,19,101.0,57.0,78.0,,77.25
SKU032,2024-05-27,84,471457.56,5612.590000000001,1,Product 032,Home Decor,Table,2022-09-07,3806.6,5612.59,1805.99,0,Summer,1,2024-05-01,304,71,3,80,122,1388368.0,26,72.0,101.0,73.0,,75.75
SKU032,2024-06-03,83,465844.97,5612.590000000001,1,Product 032,Home Decor,Table,2022-09-07,3806.6,5612.59,1805.99,0,Summer,1,2024-06-01,385,273,9,67,191,1758295.0,2,84.0,72.0,57.0,,78.5
SKU032,2024-06-10,65,364818.35,5612.590000000001,1,Product 032,Home Decor,Table,2022-09-07,3806.6,5612.59,1805.99,0,Summer,1,2024-06-01,385,273,9,67,191,1758295.0,9,83.0,84.0,101.0,,85.0
SKU032,2024-06-17,74,415331.66,5612.590000000001,1,Product 032,Home Decor,Table,2022-09-07,3806.6,5612.59,1805.99,0,Summer,1,2024-06-01,385,273,9,67,191,1758295.0,16,65.0,83.0,72.0,,76.0
SKU032,2024-06-24,71,398493.89,5612.590000000001,1,Product 032,Home Decor,Table,2022-09-07,3806.6,5612.59,1805.99,0,Summer,1,2024-06-01,385,273,9,67,191,1758295.0,23,74.0,65.0,84.0,,76.5
SKU032,2024-07-01,66,370430.94,5612.590000000001,0,Product 032,Home Decor,Table,2022-09-07,3806.6,5612.59,1805.99,0,Monsoon,0,2024-07-01,311,92,13,49,216,1420337.0,0,71.0,74.0,83.0,,73.25
SKU032,2024-07-08,69,387268.71,5612.590000000001,0,Product 032,Home Decor,Table,2022-09-07,3806.6,5612.59,1805.99,0,Monsoon,0,2024-07-01,311,92,13,49,216,1420337.0,7,66.0,71.0,65.0,,69.0
SKU032,2024-07-15,75,420944.25,5612.590000000001,0,Product 032,Home Decor,Table,2022-09-07,3806.6,5612.59,1805.99,0,Monsoon,0,2024-07-01,311,92,13,49,216,1420337.0,14,69.0,66.0,74.0,,70.0
SKU032,2024-07-22,53,297467.27,5612.590000000001,0,Product 032,Home Decor,Table,2022-09-07,3806.6,5612.59,1805.99,0,Monsoon,0,2024-07-01,311,92,13,49,216,1420337.0,21,75.0,69.0,71.0,,70.25
SKU032,2024-07-29,46,258179.14,5612.590000000001,0,Product 032,Home Decor,Table,2022-09-07,3806.6,5612.59,1805.99,0,Monsoon,0,2024-07-01,311,92,13,49,216,1420337.0,28,53.0,75.0,66.0,,65.75
SKU032,2024-08-05,61,342367.99,5612.590000000001,0,Product 032,Home Decor,Table,2022-09-07,3806.6,5612.59,1805.99,0,Monsoon,0,2024-08-01,385,206,10,61,177,1758295.0,4,46.0,53.0,69.0,,60.75
SKU032,2024-08-12,54,303079.86,5612.590000000001,0,Product 032,Home Decor,Table,2022-09-07,3806.6,5612.59,1805.99,1,Monsoon,0,2024-08-01,385,206,10,61,177,1758295.0,11,61.0,46.0,75.0,,58.75
SKU032,2024-08-19,42,235728.78000000003,5612.590000000001,0,Product 032,Home Decor,Table,2022-09-07,3806.6,5612.59,1805.99,0,Monsoon,0,2024-08-01,385,206,10,61,177,1758295.0,18,54.0,61.0,53.0,,53.5
SKU032,2024-08-26,50,280629.5,5612.590000000001,1,Product 032,Home Decor,Table,2022-09-07,3806.6,5612.59,1805.99,0,Monsoon,1,2024-08-01,385,206,10,61,177,1758295.0,25,42.0,54.0,46.0,,50.75
SKU032,2024-09-02,58,325530.22,5612.590000000001,1,Product 032,Home Decor,Table,2022-09-07,3806.6,5612.59,1805.99,0,Monsoon,1,2024-09-01,96,375,13,60,196,438432.0,1,50.0,42.0,61.0,,51.75
SKU032,2024-09-09,60,336755.4,5612.590000000001,1,Product 032,Home Decor,Table,2022-09-07,3806.6,5612.59,1805.99,0,Monsoon,1,2024-09-01,96,375,13,60,196,438432.0,8,58.0,50.0,54.0,,51.0
SKU032,2024-09-16,69,387268.70999999996,5612.590000000001,1,Product 032,Home Decor,Table,2022-09-07,3806.6,5612.59,1805.99,0,Monsoon,1,2024-09-01,96,375,13,60,196,438432.0,15,60.0,58.0,42.0,,52.5
SKU032,2024-09-23,43,241341.37,5612.590000000001,1,Product 032,Home Decor,Table,2022-09-07,3806.6,5612.59,1805.99,0,Monsoon,1,2024-09-01,96,375,13,60,196,438432.0,22,69.0,60.0,50.0,,59.25
SKU032,2024-09-30,50,280629.5,5612.590000000001,0,Product 032,Home Decor,Table,2022-09-07,3806.6,5612.59,1805.99,0,Monsoon,0,2024-09-01,96,375,13,60,196,438432.0,29,43.0,69.0,58.0,,57.5
SKU032,2024-10-07,56,314305.04,5612.590000000001,0,Product 032,Home Decor,Table,2022-09-07,3806.6,5612.59,1805.99,0,Autumn,0,2024-10-01,176,177,7,43,116,803792.0,6,50.0,43.0,60.0,,55.5
SKU032,2024-10-14,49,275016.91,5612.590000000001,0,Product 032,Home Decor,Table,2022-09-07,3806.6,5612.59,1805.99,0,Autumn,0,2024-10-01,176,177,7,43,116,803792.0,13,56.0,50.0,69.0,,54.5
SKU032,2024-10-21,48,269404.32,5612.590000000001,0,Product 032,Home Decor,Table,2022-09-07,3806.6,5612.59,1805.99,0,Autumn,0,2024-10-01,176,177,7,43,116,803792.0,20,49.0,56.0,43.0,,49.5
SKU032,2024-10-28,51,286242.08999999997,5612.590000000001,1,Product 032,Home Decor,Table,2022-09-07,3806.6,5612.59,1805.99,1,Autumn,1,2024-10-01,176,177,7,43,116,803792.0,27,48.0,49.0,50.0,,50.75
SKU032,2024-11-04,68,381656.12,5612.590000000001,1,Product 032,Home Decor,Table,2022-09-07,3806.6,5612.59,1805.99,0,Autumn,1,2024-11-01,150,294,8,76,155,685050.0,3,51.0,48.0,56.0,,51.0
SKU032,2024-11-11,53,297467.27,5612.590000000001,1,Product 032,Home Decor,Table,2022-09-07,3806.6,5612.59,1805.99,0,Autumn,1,2024-11-01,150,294,8,76,155,685050.0,10,68.0,51.0,49.0,,54.0
SKU032,2024-11-18,41,230116.19,5612.590000000001,1,Product 032,Home Decor,Table,2022-09-07,3806.6,5612.59,1805.99,0,Autumn,1,2024-11-01,150,294,8,76,155,685050.0,17,53.0,68.0,48.0,,55.0
SKU032,2024-11-25,50,280629.5,5612.590000000001,1,Product 032,Home Decor,Table,2022-09-07,3806.6,5612.59,1805.99,0,Autumn,1,2024-11-01,150,294,8,76,155,685050.0,24,41.0,53.0,51.0,,53.25
SKU032,2024-12-02,54,303079.86,5612.590000000001,0,Product 032,Home Decor,Table,2022-09-07,3806.6,5612.59,1805.99,0,Winter,0,2024-12-01,64,91,8,49,132,292288.0,1,50.0,41.0,68.0,,53.0
SKU032,2024-12-09,58,325530.22000000003,5612.590000000001,0,Product 032,Home Decor,Table,2022-09-07,3806.6,5612.59,1805.99,0,Winter,0,2024-12-01,64,91,8,49,132,292288.0,8,54.0,50.0,53.0,,49.5
SKU032,2024-12-16,59,331142.81,5612.590000000001,0,Product 032,Home Decor,Table,2022-09-07,3806.6,5612.59,1805.99,0,Winter,0,2024-12-01,64,91,8,49,132,292288.0,15,58.0,54.0,41.0,,50.75
SKU032,2024-12-23,64,359205.76,5612.590000000001,0,Product 032,Home Decor,Table,2022-09-07,3806.6,5612.59,1805.99,1,Winter,0,2024-12-01,64,91,8,49,132,292288.0,22,59.0,58.0,50.0,,55.25
SKU032,2024-12-30,57,319917.63,5612.590000000001,0,Product 032,Home Decor,Table,2022-09-07,3806.6,5612.59,1805.99,0,Winter,0,2024-12-01,64,91,8,49,132,292288.0,29,64.0,59.0,54.0,53.0,58.75
SKU032,2025-01-06,54,303079.86,5612.590000000001,0,Product 032,Home Decor,Table,2022-09-07,3806.6,5612.59,1805.99,0,Winter,0,2025-01-01,170,9,6,37,104,776390.0,5,57.0,64.0,58.0,66.0,59.5
SKU032,2025-01-13,67,376043.53,5612.590000000001,0,Product 032,Home Decor,Table,2022-09-07,3806.6,5612.59,1805.99,0,Winter,0,2025-01-01,170,9,6,37,104,776390.0,12,54.0,57.0,59.0,72.0,58.5
SKU032,2025-01-20,64,359205.76,5612.590000000001,0,Product 032,Home Decor,Table,2022-09-07,3806.6,5612.59,1805.99,1,Winter,0,2025-01-01,170,9,6,37,104,776390.0,19,67.0,54.0,64.0,70.0,60.5
SKU032,2025-01-27,63,353593.17000000004,5612.590000000001,0,Product 032,Home Decor,Table,2022-09-07,3806.6,5612.59,1805.99,0,Winter,0,2025-01-01,170,9,6,37,104,776390.0,26,64.0,67.0,57.0,64.0,60.5
SKU032,2025-02-03,74,415331.66000000003,5612.590000000001,0,Product 032,Home Decor,Table,2022-09-07,3806.6,5612.59,1805.99,0,Winter,0,2025-02-01,382,68,14,83,262,1744594.0,2,63.0,64.0,54.0,89.0,62.0
SKU032,2025-02-10,63,353593.17,5612.590000000001,0,Product 032,Home Decor,Table,2022-09-07,3806.6,5612.59,1805.99,0,Winter,0,2025-02-01,382,68,14,83,262,1744594.0,9,74.0,63.0,67.0,69.0,67.0
SKU032,2025-02-17,80,449007.2,5612.590000000001,0,Product 032,Home Decor,Table,2022-09-07,3806.6,5612.59,1805.99,0,Winter,0,2025-02-01,382,68,14,83,262,1744594.0,16,63.0,74.0,64.0,77.0,66.0
SKU032,2025-02-24,73,409719.07,5612.590000000001,1,Product 032,Home Decor,Table,2022-09-07,3806.6,5612.59,1805.99,0,Winter,1,2025-02-01,382,68,14,83,262,1744594.0,23,80.0,63.0,63.0,93.0,70.0
SKU032,2025-03-03,58,325530.22,5612.590000000001,1,Product 032,Home Decor,Table,2022-09-07,3806.6,5612.59,1805.99,0,Spring,1,2025-03-01,339,138,12,81,236,1548213.0,2,73.0,80.0,74.0,68.0,72.5
SKU032,2025-03-10,98,550033.8200000001,5612.590000000001,1,Product 032,Home Decor,Table,2022-09-07,3806.6,5612.59,1805.99,0,Spring,1,2025-03-01,339,138,12,81,236,1548213.0,9,58.0,73.0,63.0,78.0,68.5
SKU032,2025-03-17,83,465844.97,5612.590000000001,1,Product 032,Home Decor,Table,2022-09-07,3806.6,5612.59,1805.99,0,Spring,1,2025-03-01,339,138,12,81,236,1548213.0,16,98.0,58.0,80.0,85.0,77.25
SKU032,2025-03-24,74,415331.66000000003,5612.590000000001,1,Product 032,Home Decor,Table,2022-09-07,3806.6,5612.59,1805.99,0,Spring,1,2025-03-01,339,138,12,81,236,1548213.0,23,83.0,98.0,73.0,71.0,78.0
SKU032,2025-03-31,68,381656.12,5612.590000000001,0,Product 032,Home Decor,Table,2022-09-07,3806.6,5612.59,1805.99,0,Spring,0,2025-03-01,339,138,12,81,236,1548213.0,30,74.0,83.0,58.0,75.0,78.25
SKU032,2025-04-07,78,437782.02,5612.590000000001,0,Product 032,Home Decor,Table,2022-09-07,3806.6,5612.59,1805.99,0,Spring,0,2025-04-01,355,172,8,113,229,1621285.0,6,68.0,74.0,98.0,74.0,80.75
SKU032,2025-04-14,92,516358.28,5612.590000000001,0,Product 032,Home Decor,Table,2022-09-07,3806.6,5612.59,1805.99,0,Spring,0,2025-04-01,355,172,8,113,229,1621285.0,13,78.0,68.0,83.0,68.0,75.75
SKU032,2025-04-21,71,398493.89,5612.590000000001,0,Product 032,Home Decor,Table,2022-09-07,3806.6,5612.59,1805.99,0,Spring,0,2025-04-01,355,172,8,113,229,1621285.0,20,92.0,78.0,74.0,78.0,78.0
SKU032,2025-04-28,89,499520.51,5612.590000000001,0,Product 032,Home Decor,Table,2022-09-07,3806.6,5612.59,1805.99,0,Spring,0,2025-04-01,355,172,8,113,229,1621285.0,27,71.0,92.0,68.0,73.0,77.25
SKU032,2025-05-05,94,527583.46,5612.590000000001,0,Product 032,Home Decor,Table,2022-09-07,3806.6,5612.59,1805.99,0,Summer,0,2025-05-01,295,2,3,71,113,1347265.0,4,89.0,71.0,78.0,57.0,82.5
SKU032,2025-05-12,73,409719.07,5612.590000000001,0,Product 032,Home Decor,Table,2022-09-07,3806.6,5612.59,1805.99,0,Summer,0,2025-05-01,295,2,3,71,113,1347265.0,11,94.0,89.0,92.0,101.0,86.5
SKU032,2025-05-19,69,387268.71,5612.590000000001,0,Product 032,Home Decor,Table,2022-09-07,3806.6,5612.59,1805.99,0,Summer,0,2025-05-01,295,2,3,71,113,1347265.0,18,73.0,94.0,71.0,72.0,81.75
SKU032,2025-05-26,79,443394.61,5612.590000000001,1,Product 032,Home Decor,Table,2022-09-07,3806.6,5612.59,1805.99,0,Summer,1,2025-05-01,295,2,3,71,113,1347265.0,25,69.0,73.0,89.0,84.0,81.25
SKU032,2025-06-02,77,432169.43,5612.590000000001,1,Product 032,Home Decor,Table,2022-09-07,3806.6,5612.59,1805.99,0,Summer,1,2025-06-01,129,410,12,93,268,589143.0,1,79.0,69.0,94.0,83.0,78.75
SKU032,2025-06-09,78,437782.02,5612.590000000001,1,Product 032,Home Decor,Table,2022-09-07,3806.6,5612.59,1805.99,0,Summer,1,2025-06-01,129,410,12,93,268,589143.0,8,77.0,79.0,73.0,65.0,74.5
SKU032,2025-06-16,74,415331.66,5612.590000000001,1,Product 032,Home Decor,Table,2022-09-07,3806.6,5612.59,1805.99,0,Summer,1,2025-06-01,129,410,12,93,268,589143.0,15,78.0,77.0,69.0,74.0,75.75
SKU032,2025-06-23,55,308692.45,5612.590000000001,1,Product 032,Home Decor,Table,2022-09-07,3806.6,5612.59,1805.99,0,Summer,1,2025-06-01,129,410,12,93,268,589143.0,22,74.0,78.0,79.0,71.0,77.0
SKU032,2025-06-30,70,392881.3,5612.590000000001,0,Product 032,Home Decor,Table,2022-09-07,3806.6,5612.59,1805.99,0,Summer,0,2025-06-01,129,410,12,93,268,589143.0,29,55.0,74.0,77.0,66.0,71.0
SKU032,2025-07-07,63,353593.17,5612.590000000001,0,Product 032,Home Decor,Table,2022-09-07,3806.6,5612.59,1805.99,0,Monsoon,0,2025-07-01,408,231,13,63,259,1863336.0,6,70.0,55.0,78.0,69.0,69.25
SKU032,2025-07-14,54,303079.86,5612.590000000001,0,Product 032,Home Decor,Table,2022-09-07,3806.6,5612.59,1805.99,0,Monsoon,0,2025-07-01,408,231,13,63,259,1863336.0,13,63.0,70.0,74.0,75.0,65.5
SKU032,2025-07-21,52,291854.68,5612.590000000001,0,Product 032,Home Decor,Table,2022-09-07,3806.6,5612.59,1805.99,0,Monsoon,0,2025-07-01,408,231,13,63,259,1863336.0,20,54.0,63.0,55.0,53.0,60.5
SKU032,2025-07-28,80,449007.2,5612.590000000001,0,Product 032,Home Decor,Table,2022-09-07,3806.6,5612.59,1805.99,0,Monsoon,0,2025-07-01,408,231,13,63,259,1863336.0,27,52.0,54.0,70.0,46.0,59.75
SKU032,2025-08-04,51,286242.09,5612.590000000001,0,Product 032,Home Decor,Table,2022-09-07,3806.6,5612.59,1805.99,0,Monsoon,0,2025-08-01,175,140,3,57,91,799225.0,3,80.0,52.0,63.0,61.0,62.25
SKU032,2025-08-11,65,364818.35,5612.590000000001,0,Product 032,Home Decor,Table,2022-09-07,3806.6,5612.59,1805.99,1,Monsoon,0,2025-08-01,175,140,3,57,91,799225.0,10,51.0,80.0,54.0,54.0,59.25
SKU032,2025-08-18,51,286242.09,5612.590000000001,0,Product 032,Home Decor,Table,2022-09-07,3806.6,5612.59,1805.99,0,Monsoon,0,2025-08-01,175,140,3,57,91,799225.0,17,65.0,51.0,52.0,42.0,62.0
SKU032,2025-08-25,55,308692.45,5612.590000000001,0,Product 032,Home Decor,Table,2022-09-07,3806.6,5612.59,1805.99,0,Monsoon,0,2025-08-01,175,140,3,57,91,799225.0,24,51.0,65.0,80.0,50.0,61.75
SKU032,2025-09-01,48,269404.32,5612.590000000001,1,Product 032,Home Decor,Table,2022-09-07,3806.6,5612.59,1805.99,0,Monsoon,1,2025-09-01,126,113,3,42,75,575442.0,0,55.0,51.0,51.0,58.0,55.5
SKU032,2025-09-08,76,426556.83999999997,5612.590000000001,1,Product 032,Home Decor,Table,2022-09-07,3806.6,5612.59,1805.99,0,Monsoon,1,2025-09-01,126,113,3,42,75,575442.0,7,48.0,55.0,65.0,60.0,54.75
SKU032,2025-09-15,57,319917.63,5612.590000000001,1,Product 032,Home Decor,Table,2022-09-07,3806.6,5612.59,1805.99,0,Monsoon,1,2025-09-01,126,113,3,42,75,575442.0,14,76.0,48.0,51.0,69.0,57.5
SKU032,2025-09-22,60,336755.4,5612.590000000001,1,Product 032,Home Decor,Table,2022-09-07,3806.6,5612.59,1805.99,0,Monsoon,1,2025-09-01,126,113,3,42,75,575442.0,21,57.0,76.0,55.0,43.0,59.0
SKU032,2025-09-29,44,246953.96,5612.590000000001,0,Product 032,Home Decor,Table,2022-09-07,3806.6,5612.59,1805.99,0,Monsoon,0,2025-09-01,126,113,3,42,75,575442.0,28,60.0,57.0,48.0,50.0,60.25
SKU032,2025-10-06,50,280629.5,5612.590000000001,0,Product 032,Home Decor,Table,2022-09-07,3806.6,5612.59,1805.99,0,Autumn,0,2025-10-01,115,462,14,87,246,525205.0,5,44.0,60.0,76.0,56.0,59.25
SKU032,2025-10-13,48,269404.32,5612.590000000001,0,Product 032,Home Decor,Table,2022-09-07,3806.6,5612.59,1805.99,0,Autumn,0,2025-10-01,115,462,14,87,246,525205.0,12,50.0,44.0,57.0,49.0,52.75
SKU032,2025-10-20,52,291854.68,5612.590000000001,0,Product 032,Home Decor,Table,2022-09-07,3806.6,5612.59,1805.99,1,Autumn,0,2025-10-01,115,462,14,87,246,525205.0,19,48.0,50.0,60.0,48.0,50.5
SKU032,2025-10-27,67,376043.52999999997,5612.590000000001,1,Product 032,Home Decor,Table,2022-09-07,3806.6,5612.59,1805.99,0,Autumn,1,2025-10-01,115,462,14,87,246,525205.0,26,52.0,48.0,44.0,51.0,48.5
SKU032,2025-11-03,61,342367.99,5612.590000000001,1,Product 032,Home Decor,Table,2022-09-07,3806.6,5612.59,1805.99,0,Autumn,1,2025-11-01,271,354,13,71,206,1237657.0,2,67.0,52.0,50.0,68.0,54.25
SKU032,2025-11-10,54,303079.86,5612.590000000001,1,Product 032,Home Decor,Table,2022-09-07,3806.6,5612.59,1805.99,0,Autumn,1,2025-11-01,271,354,13,71,206,1237657.0,9,61.0,67.0,48.0,53.0,57.0
SKU032,2025-11-17,70,392881.3,5612.590000000001,1,Product 032,Home Decor,Table,2022-09-07,3806.6,5612.59,1805.99,0,Autumn,1,2025-11-01,271,354,13,71,206,1237657.0,16,54.0,61.0,52.0,41.0,58.5
SKU032,2025-11-24,50,280629.5,5612.590000000001,1,Product 032,Home Decor,Table,2022-09-07,3806.6,5612.59,1805.99,0,Autumn,1,2025-11-01,271,354,13,71,206,1237657.0,23,70.0,54.0,67.0,50.0,63.0
SKU032,2025-12-01,60,336755.4,5612.590000000001,0,Product 032,Home Decor,Table,2022-09-07,3806.6,5612.59,1805.99,0,Winter,0,2025-12-01,278,214,11,60,185,1269626.0,0,50.0,70.0,61.0,54.0,58.75
SKU032,2025-12-08,56,314305.04,5612.590000000001,0,Product 032,Home Decor,Table,2022-09-07,3806.6,5612.59,1805.99,0,Winter,0,2025-12-01,278,214,11,60,185,1269626.0,7,60.0,50.0,54.0,58.0,58.5
SKU032,2025-12-15,68,381656.12,5612.590000000001,0,Product 032,Home Decor,Table,2022-09-07,3806.6,5612.59,1805.99,0,Winter,0,2025-12-01,278,214,11,60,185,1269626.0,14,56.0,60.0,70.0,59.0,59.0
SKU032,2025-12-22,51,286242.09,5612.590000000001,0,Product 032,Home Decor,Table,2022-09-07,3806.6,5612.59,1805.99,1,Winter,0,2025-12-01,278,214,11,60,185,1269626.0,21,68.0,56.0,50.0,64.0,58.5
SKU033,2024-01-01,114,405612.0,3558.0,0,Product 033,Kitchen,Cushion,2022-04-12,4657.74,3558.0,-1099.74,0,Winter,0,2024-01-01,10,17,4,5,10,33995.0,0,,,,,
SKU033,2024-01-08,133,473214.0,3558.0,0,Product 033,Kitchen,Cushion,2022-04-12,4657.74,3558.0,-1099.74,0,Winter,0,2024-01-01,10,17,4,5,10,33995.0,7,114.0,,,,
SKU033,2024-01-15,132,469656.0,3558.0,0,Product 033,Kitchen,Cushion,2022-04-12,4657.74,3558.0,-1099.74,0,Winter,0,2024-01-01,10,17,4,5,10,33995.0,14,133.0,114.0,,,
SKU033,2024-01-22,127,451866.0,3558.0,0,Product 033,Kitchen,Cushion,2022-04-12,4657.74,3558.0,-1099.74,1,Winter,0,2024-01-01,10,17,4,5,10,33995.0,21,132.0,133.0,,,
SKU033,2024-01-29,123,437634.0,3558.0,0,Product 033,Kitchen,Cushion,2022-04-12,4657.74,3558.0,-1099.74,0,Winter,0,2024-01-01,10,17,4,5,10,33995.0,28,127.0,132.0,114.0,,126.5
SKU033,2024-02-05,144,512352.0,3558.0,0,Product 033,Kitchen,Cushion,2022-04-12,4657.74,3558.0,-1099.74,0,Winter,0,2024-02-01,266,80,9,43,150,904267.0,4,123.0,127.0,133.0,,128.75
SKU033,2024-02-12,105,373590.0,3558.0,0,Product 033,Kitchen,Cushion,2022-04-12,4657.74,3558.0,-1099.74,0,Winter,0,2024-02-01,266,80,9,43,150,904267.0,11,144.0,123.0,132.0,,131.5
SKU033,2024-02-19,125,444750.0,3558.0,0,Product 033,Kitchen,Cushion,2022-04-12,4657.74,3558.0,-1099.74,0,Winter,0,2024-02-01,266,80,9,43,150,904267.0,18,105.0,144.0,127.0,,124.75
SKU033,2024-02-26,125,444750.0,3558.0,1,Product 033,Kitchen,Cushion,2022-04-12,4657.74,3558.0,-1099.74,0,Winter,1,2024-02-01,266,80,9,43,150,904267.0,25,125.0,105.0,123.0,,124.25
SKU033,2024-03-04,149,530142.0,3558.0,1,Product 033,Kitchen,Cushion,2022-04-12,4657.74,3558.0,-1099.74,0,Spring,1,2024-03-01,312,346,9,68,179,1060644.0,3,125.0,125.0,144.0,,124.75
SKU033,2024-03-11,160,569280.0,3558.0,1,Product 033,Kitchen,Cushion,2022-04-12,4657.74,3558.0,-1099.74,0,Spring,1,2024-03-01,312,346,9,68,179,1060644.0,10,149.0,125.0,105.0,,126.0
SKU033,2024-03-18,151,537258.0,3558.0,1,Product 033,Kitchen,Cushion,2022-04-12,4657.74,3558.0,-1099.74,0,Spring,1,2024-03-01,312,346,9,68,179,1060644.0,17,160.0,149.0,125.0,,139.75
SKU033,2024-03-25,162,576396.0,3558.0,1,Product 033,Kitchen,Cushion,2022-04-12,4657.74,3558.0,-1099.74,0,Spring,1,2024-03-01,312,346,9,68,179,1060644.0,24,151.0,160.0,125.0,,146.25
SKU033,2024-04-01,164,583512.0,3558.0,0,Product 033,Kitchen,Cushion,2022-04-12,4657.74,3558.0,-1099.74,0,Spring,0,2024-04-01,242,423,10,118,270,822679.0,0,162.0,151.0,149.0,,155.5
SKU033,2024-04-08,178,633324.0,3558.0,0,Product 033,Kitchen,Cushion,2022-04-12,4657.74,3558.0,-1099.74,0,Spring,0,2024-04-01,242,423,10,118,270,822679.0,7,164.0,162.0,160.0,,159.25
SKU033,2024-04-15,148,526584.0,3558.0,0,Product 033,Kitchen,Cushion,2022-04-12,4657.74,3558.0,-1099.74,0,Spring,0,2024-04-01,242,423,10,118,270,822679.0,14,178.0,164.0,151.0,,163.75
SKU033,2024-04-22,119,423402.0,3558.0,0,Product 033,Kitchen,Cushion,2022-04-12,4657.74,3558.0,-1099.74,0,Spring,0,2024-04-01,242,423,10,118,270,822679.0,21,148.0,178.0,162.0,,163.0
SKU033,2024-04-29,138,491004.0,3558.0,0,Product 033,Kitchen,Cushion,2022-04-12,4657.74,3558.0,-1099.74,0,Spring,0,2024-04-01,242,423,10,118,270,822679.0,28,119.0,148.0,164.0,,152.25
SKU033,2024-05-06,155,551490.0,3558.0,0,Product 033,Kitchen,Cushion,2022-04-12,4657.74,3558.0,-1099.74,0,Summer,0,2024-05-01,380,152,5,111,187,1291810.0,5,138.0,119.0,178.0,,145.75
SKU033,2024-05-13,150,533700.0,3558.0,0,Product 033,Kitchen,Cushion,2022-04-12,4657.74,3558.0,-1099.74,0,Summer,0,2024-05-01,380,152,5,111,187,1291810.0,12,155.0,138.0,148.0,,140.0
SKU033,2024-05-20,120,426960.0,3558.0,0,Product 033,Kitchen,Cushion,2022-04-12,4657.74,3558.0,-1099.74,0,Summer,0,2024-05-01,380,152,5,111,187,1291810.0,19,150.0,155.0,119.0,,140.5
SKU033,2024-05-27,145,515910.0,3558.0,1,Product 033,Kitchen,Cushion,2022-04-12,4657.74,3558.0,-1099.74,0,Summer,1,2024-05-01,380,152,5,111,187,1291810.0,26,120.0,150.0,138.0,,140.75
SKU033,2024-06-03,146,519468.0,3558.0,1,Product 033,Kitchen,Cushion,2022-04-12,4657.74,3558.0,-1099.74,0,Summer,1,2024-06-01,271,44,7,104,197,921264.5,2,145.0,120.0,155.0,,142.5
SKU033,2024-06-10,152,540816.0,3558.0,1,Product 033,Kitchen,Cushion,2022-04-12,4657.74,3558.0,-1099.74,0,Summer,1,2024-06-01,271,44,7,104,197,921264.5,9,146.0,145.0,150.0,,140.25
SKU033,2024-06-17,158,562164.0,3558.0,1,Product 033,Kitchen,Cushion,2022-04-12,4657.74,3558.0,-1099.74,0,Summer,1,2024-06-01,271,44,7,104,197,921264.5,16,152.0,146.0,120.0,,140.75
SKU033,2024-06-24,146,519468.0,3558.0,1,Product 033,Kitchen,Cushion,2022-04-12,4657.74,3558.0,-1099.74,0,Summer,1,2024-06-01,271,44,7,104,197,921264.5,23,158.0,152.0,145.0,,150.25
SKU033,2024-07-01,134,476772.0,3558.0,0,Product 033,Kitchen,Cushion,2022-04-12,4657.74,3558.0,-1099.74,0,Monsoon,0,2024-07-01,307,136,10,94,233,1043646.5,0,146.0,158.0,146.0,,150.5
SKU033,2024-07-08,136,483888.0,3558.0,0,Product 033,Kitchen,Cushion,2022-04-12,4657.74,3558.0,-1099.74,0,Monsoon,0,2024-07-01,307,136,10,94,233,1043646.5,7,134.0,146.0,152.0,,147.5
SKU033,2024-07-15,122,434076.0,3558.0,0,Product 033,Kitchen,Cushion,2022-04-12,4657.74,3558.0,-1099.74,0,Monsoon,0,2024-07-01,307,136,10,94,233,1043646.5,14,136.0,134.0,158.0,,143.5
SKU033,2024-07-22,125,444750.0,3558.0,0,Product 033,Kitchen,Cushion,2022-04-12,4657.74,3558.0,-1099.74,0,Monsoon,0,2024-07-01,307,136,10,94,233,1043646.5,21,122.0,136.0,146.0,,134.5
SKU033,2024-07-29,112,398496.0,3558.0,0,Product 033,Kitchen,Cushion,2022-04-12,4657.74,3558.0,-1099.74,0,Monsoon,0,2024-07-01,307,136,10,94,233,1043646.5,28,125.0,122.0,134.0,,129.25
SKU033,2024-08-05,107,380706.0,3558.0,0,Product 033,Kitchen,Cushion,2022-04-12,4657.74,3558.0,-1099.74,0,Monsoon,0,2024-08-01,128,181,3,90,126,435136.0,4,112.0,125.0,136.0,,123.75
SKU033,2024-08-12,103,366474.0,3558.0,0,Product 033,Kitchen,Cushion,2022-04-12,4657.74,3558.0,-1099.74,1,Monsoon,0,2024-08-01,128,181,3,90,126,435136.0,11,107.0,112.0,122.0,,116.5
SKU033,2024-08-19,109,387822.0,3558.0,0,Product 033,Kitchen,Cushion,2022-04-12,4657.74,3558.0,-1099.74,0,Monsoon,0,2024-08-01,128,181,3,90,126,435136.0,18,103.0,107.0,125.0,,111.75
SKU033,2024-08-26,107,380706.0,3558.0,1,Product 033,Kitchen,Cushion,2022-04-12,4657.74,3558.0,-1099.74,0,Monsoon,1,2024-08-01,128,181,3,90,126,435136.0,25,109.0,103.0,112.0,,107.75
SKU033,2024-09-02,109,387822.0,3558.0,1,Product 033,Kitchen,Cushion,2022-04-12,4657.74,3558.0,-1099.74,0,Monsoon,1,2024-09-01,336,273,12,65,192,1142232.0,1,107.0,109.0,107.0,,106.5
SKU033,2024-09-09,107,380706.0,3558.0,1,Product 033,Kitchen,Cushion,2022-04-12,4657.74,3558.0,-1099.74,0,Monsoon,1,2024-09-01,336,273,12,65,192,1142232.0,8,109.0,107.0,103.0,,107.0
SKU033,2024-09-16,88,313104.0,3558.0,1,Product 033,Kitchen,Cushion,2022-04-12,4657.74,3558.0,-1099.74,0,Monsoon,1,2024-09-01,336,273,12,65,192,1142232.0,15,107.0,109.0,109.0,,108.0
SKU033,2024-09-23,106,377148.0,3558.0,1,Product 033,Kitchen,Cushion,2022-04-12,4657.74,3558.0,-1099.74,0,Monsoon,1,2024-09-01,336,273,12,65,192,1142232.0,22,88.0,107.0,107.0,,102.75
SKU033,2024-09-30,94,334452.0,3558.0,0,Product 033,Kitchen,Cushion,2022-04-12,4657.74,3558.0,-1099.74,0,Monsoon,0,2024-09-01,336,273,12,65,192,1142232.0,29,106.0,88.0,109.0,,102.5
SKU033,2024-10-07,95,338010.0,3558.0,0,Product 033,Kitchen,Cushion,2022-04-12,4657.74,3558.0,-1099.74,0,Autumn,0,2024-10-01,237,125,7,43,120,805681.5,6,94.0,106.0,107.0,,98.75
SKU033,2024-10-14,104,370032.0,3558.0,0,Product 033,Kitchen,Cushion,2022-04-12,4657.74,3558.0,-1099.74,0,Autumn,0,2024-10-01,237,125,7,43,120,805681.5,13,95.0,94.0,88.0,,95.75
SKU033,2024-10-21,114,405612.0,3558.0,0,Product 033,Kitchen,Cushion,2022-04-12,4657.74,3558.0,-1099.74,0,Autumn,0,2024-10-01,237,125,7,43,120,805681.5,20,104.0,95.0,106.0,,99.75
SKU033,2024-10-28,118,419844.0,3558.0,1,Product 033,Kitchen,Cushion,2022-04-12,4657.74,3558.0,-1099.74,1,Autumn,1,2024-10-01,237,125,7,43,120,805681.5,27,114.0,104.0,94.0,,101.75
SKU033,2024-11-04,123,437634.0,3558.0,1,Product 033,Kitchen,Cushion,2022-04-12,4657.74,3558.0,-1099.74,0,Autumn,1,2024-11-01,328,24,4,62,100,1115036.0,3,118.0,114.0,95.0,,107.75
SKU033,2024-11-11,103,366474.0,3558.0,1,Product 033,Kitchen,Cushion,2022-04-12,4657.74,3558.0,-1099.74,0,Autumn,1,2024-11-01,328,24,4,62,100,1115036.0,10,123.0,118.0,104.0,,114.75
SKU033,2024-11-18,109,387822.0,3558.0,1,Product 033,Kitchen,Cushion,2022-04-12,4657.74,3558.0,-1099.74,0,Autumn,1,2024-11-01,328,24,4,62,100,1115036.0,17,103.0,123.0,114.0,,114.5
SKU033,2024-11-25,86,305988.0,3558.0,1,Product 033,Kitchen,Cushion,2022-04-12,4657.74,3558.0,-1099.74,0,Autumn,1,2024-11-01,328,24,4,62,100,1115036.0,24,109.0,103.0,118.0,,113.25
SKU033,2024-12-02,107,380706.0,3558.0,0,Product 033,Kitchen,Cushion,2022-04-12,4657.74,3558.0,-1099.74,0,Winter,0,2024-12-01,82,239,9,40,137,278759.0,1,86.0,109.0,123.0,,105.25
SKU033,2024-12-09,127,451866.0,3558.0,0,Product 033,Kitchen,Cushion,2022-04-12,4657.74,3558.0,-1099.74,0,Winter,0,2024-12-01,82,239,9,40,137,278759.0,8,107.0,86.0,103.0,,101.25
SKU033,2024-12-16,120,426960.0,3558.0,0,Product 033,Kitchen,Cushion,2022-04-12,4657.74,3558.0,-1099.74,0,Winter,0,2024-12-01,82,239,9,40,137,278759.0,15,127.0,107.0,109.0,,107.25
SKU033,2024-12-23,108,384264.0,3558.0,0,Product 033,Kitchen,Cushion,2022-04-12,4657.74,3558.0,-1099.74,1,Winter,0,2024-12-01,82,239,9,40,137,278759.0,22,120.0,127.0,86.0,,110.0
SKU033,2024-12-30,103,366474.0,3558.0,0,Product 033,Kitchen,Cushion,2022-04-12,4657.74,3558.0,-1099.74,0,Winter,0,2024-12-01,82,239,9,40,137,278759.0,29,108.0,120.0,107.0,114.0,115.5
SKU033,2025-01-06,123,437634.0,3558.0,0,Product 033,Kitchen,Cushion,2022-04-12,4657.74,3558.0,-1099.74,0,Winter,0,2025-01-01,316,175,12,67,195,1074242.0,5,103.0,108.0,127.0,133.0,114.5
SKU033,2025-01-13,138,491004.0,3558.0,0,Product 033,Kitchen,Cushion,2022-04-12,4657.74,3558.0,-1099.74,0,Winter,0,2025-01-01,316,175,12,67,195,1074242.0,12,123.0,103.0,120.0,132.0,113.5
SKU033,2025-01-20,129,458982.0,3558.0,0,Product 033,Kitchen,Cushion,2022-04-12,4657.74,3558.0,-1099.74,1,Winter,0,2025-01-01,316,175,12,67,195,1074242.0,19,138.0,123.0,108.0,127.0,118.0
SKU033,2025-01-27,139,494562.0,3558.0,0,Product 033,Kitchen,Cushion,2022-04-12,4657.74,3558.0,-1099.74,0,Winter,0,2025-01-01,316,175,12,67,195,1074242.0,26,129.0,138.0,103.0,123.0,123.25
SKU033,2025-02-03,146,519468.0,3558.0,0,Product 033,Kitchen,Cushion,2022-04-12,4657.74,3558.0,-1099.74,0,Winter,0,2025-02-01,385,233,5,74,129,1308807.5,2,139.0,129.0,123.0,144.0,132.25
SKU033,2025-02-10,127,451866.0,3558.0,0,Product 033,Kitchen,Cushion,2022-04-12,4657.74,3558.0,-1099.74,0,Winter,0,2025-02-01,385,233,5,74,129,1308807.5,9,146.0,139.0,138.0,105.0,138.0
SKU033,2025-02-17,129,458982.0,3558.0,0,Product 033,Kitchen,Cushion,2022-04-12,4657.74,3558.0,-1099.74,0,Winter,0,2025-02-01,385,233,5,74,129,1308807.5,16,127.0,146.0,129.0,125.0,135.25
SKU033,2025-02-24,138,491004.0,3558.0,1,Product 033,Kitchen,Cushion,2022-04-12,4657.74,3558.0,-1099.74,0,Winter,1,2025-02-01,385,233,5,74,129,1308807.5,23,129.0,127.0,139.0,125.0,135.25
SKU033,2025-03-03,154,547932.0,3558.0,1,Product 033,Kitchen,Cushion,2022-04-12,4657.74,3558.0,-1099.74,0,Spring,1,2025-03-01,209,20,14,92,267,710495.5,2,138.0,129.0,146.0,149.0,135.0
SKU033,2025-03-10,160,569280.0,3558.0,1,Product 033,Kitchen,Cushion,2022-04-12,4657.74,3558.0,-1099.74,0,Spring,1,2025-03-01,209,20,14,92,267,710495.5,9,154.0,138.0,127.0,160.0,137.0
SKU033,2025-03-17,149,530142.0,3558.0,1,Product 033,Kitchen,Cushion,2022-04-12,4657.74,3558.0,-1099.74,0,Spring,1,2025-03-01,209,20,14,92,267,710495.5,16,160.0,154.0,129.0,151.0,145.25
SKU033,2025-03-24,179,636882.0,3558.0,1,Product 033,Kitchen,Cushion,2022-04-12,4657.74,3558.0,-1099.74,0,Spring,1,2025-03-01,209,20,14,92,267,710495.5,23,149.0,160.0,138.0,162.0,150.25
SKU033,2025-03-31,156,555048.0,3558.0,0,Product 033,Kitchen,Cushion,2022-04-12,4657.74,3558.0,-1099.74,0,Spring,0,2025-03-01,209,20,14,92,267,710495.5,30,179.0,149.0,154.0,164.0,160.5
SKU033,2025-04-07,159,565722.0,3558.0,0,Product 033,Kitchen,Cushion,2022-04-12,4657.74,3558.0,-1099.74,0,Spring,0,2025-04-01,142,65,4,71,135,482729.0,6,156.0,179.0,160.0,178.0,161.0
SKU033,2025-04-14,130,462540.0,3558.0,0,Product 033,Kitchen,Cushion,2022-04-12,4657.74,3558.0,-1099.74,0,Spring,0,2025-04-01,142,65,4,71,135,482729.0,13,159.0,156.0,149.0,148.0,160.75
SKU033,2025-04-21,159,565722.0,3558.0,0,Product 033,Kitchen,Cushion,2022-04-12,4657.74,3558.0,-1099.74,0,Spring,0,2025-04-01,142,65,4,71,135,482729.0,20,130.0,159.0,179.0,119.0,156.0
SKU033,2025-04-28,152,540816.0,3558.0,0,Product 033,Kitchen,Cushion,2022-04-12,4657.74,3558.0,-1099.74,0,Spring,0,2025-04-01,142,65,4,71,135,482729.0,27,159.0,130.0,156.0,138.0,151.0
SKU033,2025-05-05,154,547932.0,3558.0,0,Product 033,Kitchen,Cushion,2022-04-12,4657.74,3558.0,-1099.74,0,Summer,0,2025-05-01,261,295,8,74,182,887269.5,4,152.0,159.0,159.0,155.0,150.0
SKU033,2025-05-12,140,498120.0,3558.0,0,Product 033,Kitchen,Cushion,2022-04-12,4657.74,3558.0,-1099.74,0,Summer,0,2025-05-01,261,295,8,74,182,887269.5,11,154.0,152.0,130.0,150.0,148.75
SKU033,2025-05-19,132,469656.0,3558.0,0,Product 033,Kitchen,Cushion,2022-04-12,4657.74,3558.0,-1099.74,0,Summer,0,2025-05-01,261,295,8,74,182,887269.5,18,140.0,154.0,159.0,120.0,151.25
SKU033,2025-05-26,155,551490.0,3558.0,1,Product 033,Kitchen,Cushion,2022-04-12,4657.74,3558.0,-1099.74,0,Summer,1,2025-05-01,261,295,8,74,182,887269.5,25,132.0,140.0,152.0,145.0,144.5
SKU033,2025-06-02,132,469656.0,3558.0,1,Product 033,Kitchen,Cushion,2022-04-12,4657.74,3558.0,-1099.74,0,Summer,1,2025-06-01,380,79,12,44,216,1291810.0,1,155.0,132.0,154.0,146.0,145.25
SKU033,2025-06-09,154,547932.0,3558.0,1,Product 033,Kitchen,Cushion,2022-04-12,4657.74,3558.0,-1099.74,0,Summer,1,2025-06-01,380,79,12,44,216,1291810.0,8,132.0,155.0,140.0,152.0,139.75
SKU033,2025-06-16,165,587070.0,3558.0,1,Product 033,Kitchen,Cushion,2022-04-12,4657.74,3558.0,-1099.74,0,Summer,1,2025-06-01,380,79,12,44,216,1291810.0,15,154.0,132.0,132.0,158.0,143.25
SKU033,2025-06-23,145,515910.0,3558.0,1,Product 033,Kitchen,Cushion,2022-04-12,4657.74,3558.0,-1099.74,0,Summer,1,2025-06-01,380,79,12,44,216,1291810.0,22,165.0,154.0,155.0,146.0,151.5
SKU033,2025-06-30,137,487446.0,3558.0,0,Product 033,Kitchen,Cushion,2022-04-12,4657.74,3558.0,-1099.74,0,Summer,0,2025-06-01,380,79,12,44,216,1291810.0,29,145.0,165.0,132.0,134.0,149.0
SKU033,2025-07-07,118,419844.0,3558.0,0,Product 033,Kitchen,Cushion,2022-04-12,4657.74,3558.0,-1099.74,0,Monsoon,0,2025-07-01,332,299,7,76,166,1128634.0,6,137.0,145.0,154.0,136.0,150.25
SKU033,2025-07-14,121,430518.0,3558.0,0,Product 033,Kitchen,Cushion,2022-04-12,4657.74,3558.0,-1099.74,0,Monsoon,0,2025-07-01,332,299,7,76,166,1128634.0,13,118.0,137.0,165.0,122.0,141.25
SKU033,2025-07-21,119,423402.0,3558.0,0,Product 033,Kitchen,Cushion,2022-04-12,4657.74,3558.0,-1099.74,0,Monsoon,0,2025-07-01,332,299,7,76,166,1128634.0,20,121.0,118.0,145.0,125.0,130.25
SKU033,2025-07-28,112,398496.0,3558.0,0,Product 033,Kitchen,Cushion,2022-04-12,4657.74,3558.0,-1099.74,0,Monsoon,0,2025-07-01,332,299,7,76,166,1128634.0,27,119.0,121.0,137.0,112.0,123.75
SKU033,2025-08-04,110,391380.0,3558.0,0,Product 033,Kitchen,Cushion,2022-04-12,4657.74,3558.0,-1099.74,0,Monsoon,0,2025-08-01,214,218,5,81,147,727493.0,3,112.0,119.0,118.0,107.0,117.5
SKU033,2025-08-11,96,341568.0,3558.0,0,Product 033,Kitchen,Cushion,2022-04-12,4657.74,3558.0,-1099.74,1,Monsoon,0,2025-08-01,214,218,5,81,147,727493.0,10,110.0,112.0,121.0,103.0,115.5
SKU033,2025-08-18,113,402054.0,3558.0,0,Product 033,Kitchen,Cushion,2022-04-12,4657.74,3558.0,-1099.74,0,Monsoon,0,2025-08-01,214,218,5,81,147,727493.0,17,96.0,110.0,119.0,109.0,109.25
SKU033,2025-08-25,115,409170.0,3558.0,0,Product 033,Kitchen,Cushion,2022-04-12,4657.74,3558.0,-1099.74,0,Monsoon,0,2025-08-01,214,218,5,81,147,727493.0,24,113.0,96.0,112.0,107.0,107.75
SKU033,2025-09-01,97,345126.0,3558.0,1,Product 033,Kitchen,Cushion,2022-04-12,4657.74,3558.0,-1099.74,0,Monsoon,1,2025-09-01,371,95,8,40,131,1261214.5,0,115.0,113.0,110.0,109.0,108.5
SKU033,2025-09-08,126,448308.0,3558.0,1,Product 033,Kitchen,Cushion,2022-04-12,4657.74,3558.0,-1099.74,0,Monsoon,1,2025-09-01,371,95,8,40,131,1261214.5,7,97.0,115.0,96.0,107.0,105.25
SKU033,2025-09-15,110,391380.0,3558.0,1,Product 033,Kitchen,Cushion,2022-04-12,4657.74,3558.0,-1099.74,0,Monsoon,1,2025-09-01,371,95,8,40,131,1261214.5,14,126.0,97.0,113.0,88.0,112.75
SKU033,2025-09-22,125,444750.0,3558.0,1,Product 033,Kitchen,Cushion,2022-04-12,4657.74,3558.0,-1099.74,0,Monsoon,1,2025-09-01,371,95,8,40,131,1261214.5,21,110.0,126.0,115.0,106.0,112.0
SKU033,2025-09-29,102,362916.0,3558.0,0,Product 033,Kitchen,Cushion,2022-04-12,4657.74,3558.0,-1099.74,0,Monsoon,0,2025-09-01,371,95,8,40,131,1261214.5,28,125.0,110.0,97.0,94.0,114.5
SKU033,2025-10-06,88,313104.0,3558.0,0,Product 033,Kitchen,Cushion,2022-04-12,4657.74,3558.0,-1099.74,0,Autumn,0,2025-10-01,259,94,6,81,144,880470.5,5,102.0,125.0,126.0,95.0,115.75
SKU033,2025-10-13,100,355800.0,3558.0,0,Product 033,Kitchen,Cushion,2022-04-12,4657.74,3558.0,-1099.74,0,Autumn,0,2025-10-01,259,94,6,81,144,880470.5,12,88.0,102.0,110.0,104.0,106.25
SKU033,2025-10-20,95,338010.0,3558.0,0,Product 033,Kitchen,Cushion,2022-04-12,4657.74,3558.0,-1099.74,1,Autumn,0,2025-10-01,259,94,6,81,144,880470.5,19,100.0,88.0,125.0,114.0,103.75
SKU033,2025-10-27,95,338010.0,3558.0,1,Product 033,Kitchen,Cushion,2022-04-12,4657.74,3558.0,-1099.74,0,Autumn,1,2025-10-01,259,94,6,81,144,880470.5,26,95.0,100.0,102.0,118.0,96.25
SKU033,2025-11-03,119,423402.0,3558.0,1,Product 033,Kitchen,Cushion,2022-04-12,4657.74,3558.0,-1099.74,0,Autumn,1,2025-11-01,212,101,9,54,129,720694.0,2,95.0,95.0,88.0,123.0,94.5
SKU033,2025-11-10,116,412728.0,3558.0,1,Product 033,Kitchen,Cushion,2022-04-12,4657.74,3558.0,-1099.74,0,Autumn,1,2025-11-01,212,101,9,54,129,720694.0,9,119.0,95.0,100.0,103.0,102.25
SKU033,2025-11-17,120,426960.0,3558.0,1,Product 033,Kitchen,Cushion,2022-04-12,4657.74,3558.0,-1099.74,0,Autumn,1,2025-11-01,212,101,9,54,129,720694.0,16,116.0,119.0,95.0,109.0,106.25
SKU033,2025-11-24,121,430518.0,3558.0,1,Product 033,Kitchen,Cushion,2022-04-12,4657.74,3558.0,-1099.74,0,Autumn,1,2025-11-01,212,101,9,54,129,720694.0,23,120.0,116.0,95.0,86.0,112.5
SKU033,2025-12-01,117,416286.0,3558.0,0,Product 033,Kitchen,Cushion,2022-04-12,4657.74,3558.0,-1099.74,0,Winter,0,2025-12-01,208,168,12,55,183,707096.0,0,121.0,120.0,119.0,107.0,119.0
SKU033,2025-12-08,109,387822.0,3558.0,0,Product 033,Kitchen,Cushion,2022-04-12,4657.74,3558.0,-1099.74,0,Winter,0,2025-12-01,208,168,12,55,183,707096.0,7,117.0,121.0,116.0,127.0,118.5
SKU033,2025-12-15,116,412728.0,3558.0,0,Product 033,Kitchen,Cushion,2022-04-12,4657.74,3558.0,-1099.74,0,Winter,0,2025-12-01,208,168,12,55,183,707096.0,14,109.0,117.0,120.0,120.0,116.75
SKU033,2025-12-22,96,341568.0,3558.0,0,Product 033,Kitchen,Cushion,2022-04-12,4657.74,3558.0,-1099.74,1,Winter,0,2025-12-01,208,168,12,55,183,707096.0,21,116.0,109.0,121.0,108.0,115.75
SKU034,2024-01-01,131,198876.34,1518.14,0,Product 034,Lighting,Cookware,2023-09-03,1333.43,1518.14,184.71,0,Winter,0,2024-01-01,29,2,6,5,11,44777.16,0,,,,,
SKU034,2024-01-08,146,221648.44,1518.14,0,Product 034,Lighting,Cookware,2023-09-03,1333.43,1518.14,184.71,0,Winter,0,2024-01-01,29,2,6,5,11,44777.16,7,131.0,,,,
SKU034,2024-01-15,137,207985.18,1518.14,0,Product 034,Lighting,Cookware,2023-09-03,1333.43,1518.14,184.71,0,Winter,0,2024-01-01,29,2,6,5,11,44777.16,14,146.0,131.0,,,
SKU034,2024-01-22,126,191285.64,1518.14,0,Product 034,Lighting,Cookware,2023-09-03,1333.43,1518.14,184.71,1,Winter,0,2024-01-01,29,2,6,5,11,44777.16,21,137.0,146.0,,,
SKU034,2024-01-29,153,232275.41999999998,1518.14,0,Product 034,Lighting,Cookware,2023-09-03,1333.43,1518.14,184.71,0,Winter,0,2024-01-01,29,2,6,5,11,44777.16,28,126.0,137.0,131.0,,135.0
SKU034,2024-02-05,160,242902.40000000002,1518.14,0,Product 034,Lighting,Cookware,2023-09-03,1333.43,1518.14,184.71,0,Winter,0,2024-02-01,37,67,11,23,81,57129.48,4,153.0,126.0,146.0,,140.5
SKU034,2024-02-12,142,215575.88,1518.14,0,Product 034,Lighting,Cookware,2023-09-03,1333.43,1518.14,184.71,0,Winter,0,2024-02-01,37,67,11,23,81,57129.48,11,160.0,153.0,137.0,,144.0
SKU034,2024-02-19,132,200394.48,1518.14,0,Product 034,Lighting,Cookware,2023-09-03,1333.43,1518.14,184.71,0,Winter,0,2024-02-01,37,67,11,23,81,57129.48,18,142.0,160.0,126.0,,145.25
SKU034,2024-02-26,155,235311.7,1518.14,1,Product 034,Lighting,Cookware,2023-09-03,1333.43,1518.14,184.71,0,Winter,1,2024-02-01,37,67,11,23,81,57129.48,25,132.0,142.0,153.0,,146.75
SKU034,2024-03-04,163,247456.82,1518.14,1,Product 034,Lighting,Cookware,2023-09-03,1333.43,1518.14,184.71,0,Spring,1,2024-03-01,197,162,14,42,139,304175.88,3,155.0,132.0,160.0,,147.25
SKU034,2024-03-11,161,244420.54,1518.14,1,Product 034,Lighting,Cookware,2023-09-03,1333.43,1518.14,184.71,0,Spring,1,2024-03-01,197,162,14,42,139,304175.88,10,163.0,155.0,142.0,,148.0
SKU034,2024-03-18,171,259601.94,1518.14,1,Product 034,Lighting,Cookware,2023-09-03,1333.43,1518.14,184.71,0,Spring,1,2024-03-01,197,162,14,42,139,304175.88,17,161.0,163.0,132.0,,152.75
SKU034,2024-03-25,167,253529.38,1518.14,1,Product 034,Lighting,Cookware,2023-09-03,1333.43,1518.14,184.71,0,Spring,1,2024-03-01,197,162,14,42,139,304175.88,24,171.0,161.0,155.0,,162.5
SKU034,2024-04-01,179,271747.06,1518.14,0,Product 034,Lighting,Cookware,2023-09-03,1333.43,1518.14,184.71,0,Spring,0,2024-04-01,105,67,6,24,68,162124.2,0,167.0,171.0,163.0,,165.5
SKU034,2024-04-08,174,264156.36,1518.14,0,Product 034,Lighting,Cookware,2023-09-03,1333.43,1518.14,184.71,0,Spring,0,2024-04-01,105,67,6,24,68,162124.2,7,179.0,167.0,161.0,,169.5
SKU034,2024-04-15,162,245938.68,1518.14,0,Product 034,Lighting,Cookware,2023-09-03,1333.43,1518.14,184.71,0,Spring,0,2024-04-01,105,67,6,24,68,162124.2,14,174.0,179.0,171.0,,172.75
SKU034,2024-04-22,160,242902.40000000002,1518.14,0,Product 034,Lighting,Cookware,2023-09-03,1333.43,1518.14,184.71,0,Spring,0,2024-04-01,105,67,6,24,68,162124.2,21,162.0,174.0,167.0,,170.5
SKU034,2024-04-29,170,258083.8,1518.14,0,Product 034,Lighting,Cookware,2023-09-03,1333.43,1518.14,184.71,0,Spring,0,2024-04-01,105,67,6,24,68,162124.2,28,160.0,162.0,179.0,,168.75
SKU034,2024-05-06,153,232275.41999999998,1518.14,0,Product 034,Lighting,Cookware,2023-09-03,1333.43,1518.14,184.71,0,Summer,0,2024-05-01,94,174,9,32,89,145139.76,5,170.0,160.0,174.0,,166.5
SKU034,2024-05-13,163,247456.82,1518.14,0,Product 034,Lighting,Cookware,2023-09-03,1333.43,1518.14,184.71,0,Summer,0,2024-05-01,94,174,9,32,89,145139.76,12,153.0,170.0,162.0,,161.25
SKU034,2024-05-20,147,223166.58000000002,1518.14,0,Product 034,Lighting,Cookware,2023-09-03,1333.43,1518.14,184.71,0,Summer,0,2024-05-01,94,174,9,32,89,145139.76,19,163.0,153.0,160.0,,161.5
SKU034,2024-05-27,170,258083.8,1518.14,1,Product 034,Lighting,Cookware,2023-09-03,1333.43,1518.14,184.71,0,Summer,1,2024-05-01,94,174,9,32,89,145139.76,26,147.0,163.0,170.0,,158.25
SKU034,2024-06-03,171,259601.94,1518.14,1,Product 034,Lighting,Cookware,2023-09-03,1333.43,1518.14,184.71,0,Summer,1,2024-06-01,168,22,3,44,65,259398.72,2,170.0,147.0,153.0,,158.25
SKU034,2024-06-10,165,250493.1,1518.14,1,Product 034,Lighting,Cookware,2023-09-03,1333.43,1518.14,184.71,0,Summer,1,2024-06-01,168,22,3,44,65,259398.72,9,171.0,170.0,163.0,,162.75
SKU034,2024-06-17,170,258083.8,1518.14,1,Product 034,Lighting,Cookware,2023-09-03,1333.43,1518.14,184.71,0,Summer,1,2024-06-01,168,22,3,44,65,259398.72,16,165.0,171.0,147.0,,163.25
SKU034,2024-06-24,181,274783.34,1518.14,1,Product 034,Lighting,Cookware,2023-09-03,1333.43,1518.14,184.71,0,Summer,1,2024-06-01,168,22,3,44,65,259398.72,23,170.0,165.0,170.0,,169.0
SKU034,2024-07-01,148,224684.72,1518.14,0,Product 034,Lighting,Cookware,2023-09-03,1333.43,1518.14,184.71,0,Monsoon,0,2024-07-01,171,238,13,49,139,264030.84,0,181.0,170.0,171.0,,171.75
SKU034,2024-07-08,120,182176.80000000002,1518.14,0,Product 034,Lighting,Cookware,2023-09-03,1333.43,1518.14,184.71,0,Monsoon,0,2024-07-01,171,238,13,49,139,264030.84,7,148.0,181.0,165.0,,166.0
SKU034,2024-07-15,127,192803.78,1518.14,0,Product 034,Lighting,Cookware,2023-09-03,1333.43,1518.14,184.71,0,Monsoon,0,2024-07-01,171,238,13,49,139,264030.84,14,120.0,148.0,170.0,,154.75
SKU034,2024-07-22,132,200394.48,1518.14,0,Product 034,Lighting,Cookware,2023-09-03,1333.43,1518.14,184.71,0,Monsoon,0,2024-07-01,171,238,13,49,139,264030.84,21,127.0,120.0,181.0,,144.0
SKU034,2024-07-29,117,177622.38,1518.14,0,Product 034,Lighting,Cookware,2023-09-03,1333.43,1518.14,184.71,0,Monsoon,0,2024-07-01,171,238,13,49,139,264030.84,28,132.0,127.0,148.0,,131.75
SKU034,2024-08-05,129,195840.06,1518.14,0,Product 034,Lighting,Cookware,2023-09-03,1333.43,1518.14,184.71,0,Monsoon,0,2024-08-01,206,6,5,24,54,318072.24,4,117.0,132.0,120.0,,124.0
SKU034,2024-08-12,120,182176.8,1518.14,0,Product 034,Lighting,Cookware,2023-09-03,1333.43,1518.14,184.71,1,Monsoon,0,2024-08-01,206,6,5,24,54,318072.24,11,129.0,117.0,127.0,,126.25
SKU034,2024-08-19,95,144223.3,1518.14,0,Product 034,Lighting,Cookware,2023-09-03,1333.43,1518.14,184.71,0,Monsoon,0,2024-08-01,206,6,5,24,54,318072.24,18,120.0,129.0,132.0,,124.5
SKU034,2024-08-26,115,174586.1,1518.14,1,Product 034,Lighting,Cookware,2023-09-03,1333.43,1518.14,184.71,0,Monsoon,1,2024-08-01,206,6,5,24,54,318072.24,25,95.0,120.0,117.0,,115.25
SKU034,2024-09-02,110,166995.4,1518.14,1,Product 034,Lighting,Cookware,2023-09-03,1333.43,1518.14,184.71,0,Monsoon,1,2024-09-01,137,39,14,34,104,211533.48,1,115.0,95.0,129.0,,114.75
SKU034,2024-09-09,150,227721.0,1518.14,1,Product 034,Lighting,Cookware,2023-09-03,1333.43,1518.14,184.71,0,Monsoon,1,2024-09-01,137,39,14,34,104,211533.48,8,110.0,115.0,120.0,,110.0
SKU034,2024-09-16,153,232275.41999999998,1518.14,1,Product 034,Lighting,Cookware,2023-09-03,1333.43,1518.14,184.71,0,Monsoon,1,2024-09-01,137,39,14,34,104,211533.48,15,150.0,110.0,95.0,,117.5
SKU034,2024-09-23,111,168513.54,1518.14,1,Product 034,Lighting,Cookware,2023-09-03,1333.43,1518.14,184.71,0,Monsoon,1,2024-09-01,137,39,14,34,104,211533.48,22,153.0,150.0,115.0,,132.0
SKU034,2024-09-30,118,179140.52,1518.14,0,Product 034,Lighting,Cookware,2023-09-03,1333.43,1518.14,184.71,0,Monsoon,0,2024-09-01,137,39,14,34,104,211533.48,29,111.0,153.0,110.0,,131.0
SKU034,2024-10-07,99,150295.86,1518.14,0,Product 034,Lighting,Cookware,2023-09-03,1333.43,1518.14,184.71,0,Autumn,0,2024-10-01,99,49,5,23,50,152859.96,6,118.0,111.0,150.0,,133.0
SKU034,2024-10-14,116,176104.24,1518.14,0,Product 034,Lighting,Cookware,2023-09-03,1333.43,1518.14,184.71,0,Autumn,0,2024-10-01,99,49,5,23,50,152859.96,13,99.0,118.0,153.0,,120.25
SKU034,2024-10-21,111,168513.54,1518.14,0,Product 034,Lighting,Cookware,2023-09-03,1333.43,1518.14,184.71,0,Autumn,0,2024-10-01,99,49,5,23,50,152859.96,20,116.0,99.0,111.0,,111.0
SKU034,2024-10-28,137,207985.18,1518.14,1,Product 034,Lighting,Cookware,2023-09-03,1333.43,1518.14,184.71,1,Autumn,1,2024-10-01,99,49,5,23,50,152859.96,27,111.0,116.0,118.0,,111.0
SKU034,2024-11-04,122,185213.08000000002,1518.14,1,Product 034,Lighting,Cookware,2023-09-03,1333.43,1518.14,184.71,0,Autumn,1,2024-11-01,166,27,14,37,107,256310.64,3,137.0,111.0,99.0,,115.75
SKU034,2024-11-11,131,198876.34,1518.14,1,Product 034,Lighting,Cookware,2023-09-03,1333.43,1518.14,184.71,0,Autumn,1,2024-11-01,166,27,14,37,107,256310.64,10,122.0,137.0,116.0,,121.5
SKU034,2024-11-18,121,183694.94,1518.14,1,Product 034,Lighting,Cookware,2023-09-03,1333.43,1518.14,184.71,0,Autumn,1,2024-11-01,166,27,14,37,107,256310.64,17,131.0,122.0,111.0,,125.25
SKU034,2024-11-25,142,215575.88,1518.14,1,Product 034,Lighting,Cookware,2023-09-03,1333.43,1518.14,184.71,0,Autumn,1,2024-11-01,166,27,14,37,107,256310.64,24,121.0,131.0,137.0,,127.75
SKU034,2024-12-02,128,194321.91999999998,1518.14,0,Product 034,Lighting,Cookware,2023-09-03,1333.43,1518.14,184.71,0,Winter,0,2024-12-01,33,28,11,30,83,50953.32,1,142.0,121.0,122.0,,129.0
SKU034,2024-12-09,137,207985.18,1518.14,0,Product 034,Lighting,Cookware,2023-09-03,1333.43,1518.14,184.71,0,Winter,0,2024-12-01,33,28,11,30,83,50953.32,8,128.0,142.0,131.0,,130.5
SKU034,2024-12-16,114,173067.96000000002,1518.14,0,Product 034,Lighting,Cookware,2023-09-03,1333.43,1518.14,184.71,0,Winter,0,2024-12-01,33,28,11,30,83,50953.32,15,137.0,128.0,121.0,,132.0
SKU034,2024-12-23,127,192803.78,1518.14,0,Product 034,Lighting,Cookware,2023-09-03,1333.43,1518.14,184.71,1,Winter,0,2024-12-01,33,28,11,30,83,50953.32,22,114.0,137.0,142.0,,130.25
SKU034,2024-12-30,129,195840.06,1518.14,0,Product 034,Lighting,Cookware,2023-09-03,1333.43,1518.14,184.71,0,Winter,0,2024-12-01,33,28,11,30,83,50953.32,29,127.0,114.0,128.0,131.0,126.5
SKU034,2025-01-06,128,194321.92,1518.14,0,Product 034,Lighting,Cookware,2023-09-03,1333.43,1518.14,184.71,0,Winter,0,2025-01-01,41,88,12,35,103,63305.64,5,129.0,127.0,137.0,146.0,126.75
SKU034,2025-01-13,134,203430.76,1518.14,0,Product 034,Lighting,Cookware,2023-09-03,1333.43,1518.14,184.71,0,Winter,0,2025-01-01,41,88,12,35,103,63305.64,12,128.0,129.0,114.0,137.0,124.5
SKU034,2025-01-20,148,224684.72,1518.14,0,Product 034,Lighting,Cookware,2023-09-03,1333.43,1518.14,184.71,1,Winter,0,2025-01-01,41,88,12,35,103,63305.64,19,134.0,128.0,127.0,126.0,129.5
SKU034,2025-01-27,142,215575.88,1518.14,0,Product 034,Lighting,Cookware,2023-09-03,1333.43,1518.14,184.71,0,Winter,0,2025-01-01,41,88,12,35,103,63305.64,26,148.0,134.0,129.0,153.0,134.75
SKU034,2025-02-03,145,220130.3,1518.14,0,Product 034,Lighting,Cookware,2023-09-03,1333.43,1518.14,184.71,0,Winter,0,2025-02-01,188,31,7,20,61,290279.52,2,142.0,148.0,128.0,160.0,138.0
SKU034,2025-02-10,160,242902.4,1518.14,0,Product 034,Lighting,Cookware,2023-09-03,1333.43,1518.14,184.71,0,Winter,0,2025-02-01,188,31,7,20,61,290279.52,9,145.0,142.0,134.0,142.0,142.25
SKU034,2025-02-17,163,247456.82,1518.14,0,Product 034,Lighting,Cookware,2023-09-03,1333.43,1518.14,184.71,0,Winter,0,2025-02-01,188,31,7,20,61,290279.52,16,160.0,145.0,148.0,132.0,148.75
SKU034,2025-02-24,153,232275.41999999998,1518.14,1,Product 034,Lighting,Cookware,2023-09-03,1333.43,1518.14,184.71,0,Winter,1,2025-02-01,188,31,7,20,61,290279.52,23,163.0,160.0,142.0,155.0,152.5
SKU034,2025-03-03,176,267192.64,1518.14,1,Product 034,Lighting,Cookware,2023-09-03,1333.43,1518.14,184.71,0,Spring,1,2025-03-01,174,4,4,37,62,268662.96,2,153.0,163.0,145.0,163.0,155.25
SKU034,2025-03-10,197,299073.58,1518.14,1,Product 034,Lighting,Cookware,2023-09-03,1333.43,1518.14,184.71,0,Spring,1,2025-03-01,174,4,4,37,62,268662.96,9,176.0,153.0,160.0,161.0,163.0
SKU034,2025-03-17,170,258083.8,1518.14,1,Product 034,Lighting,Cookware,2023-09-03,1333.43,1518.14,184.71,0,Spring,1,2025-03-01,174,4,4,37,62,268662.96,16,197.0,176.0,163.0,171.0,172.25
SKU034,2025-03-24,176,267192.64,1518.14,1,Product 034,Lighting,Cookware,2023-09-03,1333.43,1518.14,184.71,0,Spring,1,2025-03-01,174,4,4,37,62,268662.96,23,170.0,197.0,153.0,167.0,174.0
SKU034,2025-03-31,159,241384.26,1518.14,0,Product 034,Lighting,Cookware,2023-09-03,1333.43,1518.14,184.71,0,Spring,0,2025-03-01,174,4,4,37,62,268662.96,30,176.0,170.0,176.0,179.0,179.75
SKU034,2025-04-07,150,227721.0,1518.14,0,Product 034,Lighting,Cookware,2023-09-03,1333.43,1518.14,184.71,0,Spring,0,2025-04-01,129,86,6,32,77,199181.16,6,159.0,176.0,197.0,174.0,175.5
SKU034,2025-04-14,156,236829.84,1518.14,0,Product 034,Lighting,Cookware,2023-09-03,1333.43,1518.14,184.71,0,Spring,0,2025-04-01,129,86,6,32,77,199181.16,13,150.0,159.0,170.0,162.0,163.75
SKU034,2025-04-21,170,258083.8,1518.14,0,Product 034,Lighting,Cookware,2023-09-03,1333.43,1518.14,184.71,0,Spring,0,2025-04-01,129,86,6,32,77,199181.16,20,156.0,150.0,176.0,160.0,160.25
SKU034,2025-04-28,150,227721.0,1518.14,0,Product 034,Lighting,Cookware,2023-09-03,1333.43,1518.14,184.71,0,Spring,0,2025-04-01,129,86,6,32,77,199181.16,27,170.0,156.0,159.0,170.0,158.75
SKU034,2025-05-05,127,192803.78,1518.14,0,Product 034,Lighting,Cookware,2023-09-03,1333.43,1518.14,184.71,0,Summer,0,2025-05-01,75,154,9,49,106,115803.0,4,150.0,170.0,150.0,153.0,156.5
SKU034,2025-05-12,171,259601.94,1518.14,0,Product 034,Lighting,Cookware,2023-09-03,1333.43,1518.14,184.71,0,Summer,0,2025-05-01,75,154,9,49,106,115803.0,11,127.0,150.0,156.0,163.0,150.75
SKU034,2025-05-19,162,245938.68,1518.14,0,Product 034,Lighting,Cookware,2023-09-03,1333.43,1518.14,184.71,0,Summer,0,2025-05-01,75,154,9,49,106,115803.0,18,171.0,127.0,170.0,147.0,154.5
SKU034,2025-05-26,180,273265.2,1518.14,1,Product 034,Lighting,Cookware,2023-09-03,1333.43,1518.14,184.71,0,Summer,1,2025-05-01,75,154,9,49,106,115803.0,25,162.0,171.0,150.0,170.0,152.5
SKU034,2025-06-02,163,247456.82,1518.14,1,Product 034,Lighting,Cookware,2023-09-03,1333.43,1518.14,184.71,0,Summer,1,2025-06-01,50,112,6,50,91,77202.0,1,180.0,162.0,127.0,171.0,160.0
SKU034,2025-06-09,162,245938.68,1518.14,1,Product 034,Lighting,Cookware,2023-09-03,1333.43,1518.14,184.71,0,Summer,1,2025-06-01,50,112,6,50,91,77202.0,8,163.0,180.0,171.0,165.0,169.0
SKU034,2025-06-16,163,247456.82,1518.14,1,Product 034,Lighting,Cookware,2023-09-03,1333.43,1518.14,184.71,0,Summer,1,2025-06-01,50,112,6,50,91,77202.0,15,162.0,163.0,162.0,170.0,166.75
SKU034,2025-06-23,172,261120.08000000002,1518.14,1,Product 034,Lighting,Cookware,2023-09-03,1333.43,1518.14,184.71,0,Summer,1,2025-06-01,50,112,6,50,91,77202.0,22,163.0,162.0,180.0,181.0,167.0
SKU034,2025-06-30,134,203430.76,1518.14,0,Product 034,Lighting,Cookware,2023-09-03,1333.43,1518.14,184.71,0,Summer,0,2025-06-01,50,112,6,50,91,77202.0,29,172.0,163.0,163.0,148.0,165.0
SKU034,2025-07-07,118,179140.52,1518.14,0,Product 034,Lighting,Cookware,2023-09-03,1333.43,1518.14,184.71,0,Monsoon,0,2025-07-01,137,205,13,22,113,211533.48,6,134.0,172.0,162.0,120.0,157.75
SKU034,2025-07-14,147,223166.58000000002,1518.14,0,Product 034,Lighting,Cookware,2023-09-03,1333.43,1518.14,184.71,0,Monsoon,0,2025-07-01,137,205,13,22,113,211533.48,13,118.0,134.0,163.0,127.0,146.75
SKU034,2025-07-21,152,230757.28,1518.14,0,Product 034,Lighting,Cookware,2023-09-03,1333.43,1518.14,184.71,0,Monsoon,0,2025-07-01,137,205,13,22,113,211533.48,20,147.0,118.0,172.0,132.0,142.75
SKU034,2025-07-28,124,188249.36,1518.14,0,Product 034,Lighting,Cookware,2023-09-03,1333.43,1518.14,184.71,0,Monsoon,0,2025-07-01,137,205,13,22,113,211533.48,27,152.0,147.0,134.0,117.0,137.75
SKU034,2025-08-04,111,168513.54,1518.14,0,Product 034,Lighting,Cookware,2023-09-03,1333.43,1518.14,184.71,0,Monsoon,0,2025-08-01,104,83,9,36,89,160580.16,3,124.0,152.0,118.0,129.0,135.25
SKU034,2025-08-11,135,204948.9,1518.14,0,Product 034,Lighting,Cookware,2023-09-03,1333.43,1518.14,184.71,1,Monsoon,0,2025-08-01,104,83,9,36,89,160580.16,10,111.0,124.0,147.0,120.0,133.5
SKU034,2025-08-18,103,156368.42,1518.14,0,Product 034,Lighting,Cookware,2023-09-03,1333.43,1518.14,184.71,0,Monsoon,0,2025-08-01,104,83,9,36,89,160580.16,17,135.0,111.0,152.0,95.0,130.5
SKU034,2025-08-25,138,209503.32,1518.14,0,Product 034,Lighting,Cookware,2023-09-03,1333.43,1518.14,184.71,0,Monsoon,0,2025-08-01,104,83,9,36,89,160580.16,24,103.0,135.0,124.0,115.0,118.25
SKU034,2025-09-01,150,227721.0,1518.14,1,Product 034,Lighting,Cookware,2023-09-03,1333.43,1518.14,184.71,0,Monsoon,1,2025-09-01,94,61,13,29,96,145139.76,0,138.0,103.0,111.0,110.0,121.75
SKU034,2025-09-08,115,174586.1,1518.14,1,Product 034,Lighting,Cookware,2023-09-03,1333.43,1518.14,184.71,0,Monsoon,1,2025-09-01,94,61,13,29,96,145139.76,7,150.0,138.0,135.0,150.0,131.5
SKU034,2025-09-15,110,166995.4,1518.14,1,Product 034,Lighting,Cookware,2023-09-03,1333.43,1518.14,184.71,0,Monsoon,1,2025-09-01,94,61,13,29,96,145139.76,14,115.0,150.0,103.0,153.0,126.5
SKU034,2025-09-22,148,224684.72,1518.14,1,Product 034,Lighting,Cookware,2023-09-03,1333.43,1518.14,184.71,0,Monsoon,1,2025-09-01,94,61,13,29,96,145139.76,21,110.0,115.0,138.0,111.0,128.25
SKU034,2025-09-29,106,160922.84,1518.14,0,Product 034,Lighting,Cookware,2023-09-03,1333.43,1518.14,184.71,0,Monsoon,0,2025-09-01,94,61,13,29,96,145139.76,28,148.0,110.0,150.0,118.0,130.75
SKU034,2025-10-06,97,147259.58000000002,1518.14,0,Product 034,Lighting,Cookware,2023-09-03,1333.43,1518.14,184.71,0,Autumn,0,2025-10-01,46,83,10,24,70,71025.84,5,106.0,148.0,115.0,99.0,119.75
SKU034,2025-10-13,115,174586.1,1518.14,0,Product 034,Lighting,Cookware,2023-09-03,1333.43,1518.14,184.71,0,Autumn,0,2025-10-01,46,83,10,24,70,71025.84,12,97.0,106.0,110.0,116.0,115.25
SKU034,2025-10-20,101,153332.14,1518.14,0,Product 034,Lighting,Cookware,2023-09-03,1333.43,1518.14,184.71,1,Autumn,0,2025-10-01,46,83,10,24,70,71025.84,19,115.0,97.0,148.0,111.0,116.5
SKU034,2025-10-27,122,185213.08000000002,1518.14,1,Product 034,Lighting,Cookware,2023-09-03,1333.43,1518.14,184.71,0,Autumn,1,2025-10-01,46,83,10,24,70,71025.84,26,101.0,115.0,106.0,137.0,104.75
SKU034,2025-11-03,129,195840.06,1518.14,1,Product 034,Lighting,Cookware,2023-09-03,1333.43,1518.14,184.71,0,Autumn,1,2025-11-01,109,105,12,21,84,168300.36,2,122.0,101.0,97.0,122.0,108.75
SKU034,2025-11-10,118,179140.52000000002,1518.14,1,Product 034,Lighting,Cookware,2023-09-03,1333.43,1518.14,184.71,0,Autumn,1,2025-11-01,109,105,12,21,84,168300.36,9,129.0,122.0,115.0,131.0,116.75
SKU034,2025-11-17,133,201912.62,1518.14,1,Product 034,Lighting,Cookware,2023-09-03,1333.43,1518.14,184.71,0,Autumn,1,2025-11-01,109,105,12,21,84,168300.36,16,118.0,129.0,101.0,121.0,117.5
SKU034,2025-11-24,130,197358.2,1518.14,1,Product 034,Lighting,Cookware,2023-09-03,1333.43,1518.14,184.71,0,Autumn,1,2025-11-01,109,105,12,21,84,168300.36,23,133.0,118.0,122.0,142.0,125.5
SKU034,2025-12-01,147,223166.58000000002,1518.14,0,Product 034,Lighting,Cookware,2023-09-03,1333.43,1518.14,184.71,0,Winter,0,2025-12-01,34,103,5,34,58,52497.36,0,130.0,133.0,129.0,128.0,127.5
SKU034,2025-12-08,118,179140.52,1518.14,0,Product 034,Lighting,Cookware,2023-09-03,1333.43,1518.14,184.71,0,Winter,0,2025-12-01,34,103,5,34,58,52497.36,7,147.0,130.0,118.0,137.0,132.0
SKU034,2025-12-15,119,180658.66,1518.14,0,Product 034,Lighting,Cookware,2023-09-03,1333.43,1518.14,184.71,0,Winter,0,2025-12-01,34,103,5,34,58,52497.36,14,118.0,147.0,133.0,114.0,132.0
SKU034,2025-12-22,124,188249.36,1518.14,0,Product 034,Lighting,Cookware,2023-09-03,1333.43,1518.14,184.71,1,Winter,0,2025-12-01,34,103,5,34,58,52497.36,21,119.0,118.0,130.0,127.0,128.5
SKU035,2024-01-01,146,1587047.74,10870.19,0,Product 035,Storage,Lamp,2024-09-03,1137.61,10870.19,9732.58,0,Winter,0,2024-01-01,23,18,5,5,10,134510.44,0,,,,,
SKU035,2024-01-08,159,1728360.21,10870.19,0,Product 035,Storage,Lamp,2024-09-03,1137.61,10870.19,9732.58,0,Winter,0,2024-01-01,23,18,5,5,10,134510.44,7,146.0,,,,
SKU035,2024-01-15,154,1674009.26,10870.19,0,Product 035,Storage,Lamp,2024-09-03,1137.61,10870.19,9732.58,0,Winter,0,2024-01-01,23,18,5,5,10,134510.44,14,159.0,146.0,,,
SKU035,2024-01-22,139,1510956.41,10870.19,0,Product 035,Storage,Lamp,2024-09-03,1137.61,10870.19,9732.58,1,Winter,0,2024-01-01,23,18,5,5,10,134510.44,21,154.0,159.0,,,
SKU035,2024-01-29,154,1674009.26,10870.19,0,Product 035,Storage,Lamp,2024-09-03,1137.61,10870.19,9732.58,0,Winter,0,2024-01-01,23,18,5,5,10,134510.44,28,139.0,154.0,146.0,,149.5
SKU035,2024-02-05,153,1663139.07,10870.19,0,Product 035,Storage,Lamp,2024-09-03,1137.61,10870.19,9732.58,0,Winter,0,2024-02-01,552,394,13,169,460,3228250.56,4,154.0,139.0,159.0,,151.5
SKU035,2024-02-12,165,1793581.35,10870.19,0,Product 035,Storage,Lamp,2024-09-03,1137.61,10870.19,9732.58,0,Winter,0,2024-02-01,552,394,13,169,460,3228250.56,11,153.0,154.0,154.0,,150.0
SKU035,2024-02-19,163,1771840.97,10870.19,0,Product 035,Storage,Lamp,2024-09-03,1137.61,10870.19,9732.58,0,Winter,0,2024-02-01,552,394,13,169,460,3228250.56,18,165.0,153.0,139.0,,152.75
SKU035,2024-02-26,173,1880542.87,10870.19,1,Product 035,Storage,Lamp,2024-09-03,1137.61,10870.19,9732.58,0,Winter,1,2024-02-01,552,394,13,169,460,3228250.56,25,163.0,165.0,154.0,,158.75
SKU035,2024-03-04,177,1924023.6300000001,10870.19,1,Product 035,Storage,Lamp,2024-09-03,1137.61,10870.19,9732.58,0,Spring,1,2024-03-01,349,30,4,129,229,2041049.72,3,173.0,163.0,153.0,,163.5
SKU035,2024-03-11,177,1924023.63,10870.19,1,Product 035,Storage,Lamp,2024-09-03,1137.61,10870.19,9732.58,0,Spring,1,2024-03-01,349,30,4,129,229,2041049.72,10,177.0,173.0,165.0,,169.5
SKU035,2024-03-18,185,2010985.15,10870.19,1,Product 035,Storage,Lamp,2024-09-03,1137.61,10870.19,9732.58,0,Spring,1,2024-03-01,349,30,4,129,229,2041049.72,17,177.0,177.0,163.0,,172.5
SKU035,2024-03-25,176,1913153.44,10870.19,1,Product 035,Storage,Lamp,2024-09-03,1137.61,10870.19,9732.58,0,Spring,1,2024-03-01,349,30,4,129,229,2041049.72,24,185.0,177.0,173.0,,178.0
SKU035,2024-04-01,165,1793581.35,10870.19,0,Product 035,Storage,Lamp,2024-09-03,1137.61,10870.19,9732.58,0,Spring,0,2024-04-01,210,529,5,136,272,1228138.8,0,176.0,185.0,177.0,,178.75
SKU035,2024-04-08,187,2032725.53,10870.19,0,Product 035,Storage,Lamp,2024-09-03,1137.61,10870.19,9732.58,0,Spring,0,2024-04-01,210,529,5,136,272,1228138.8,7,165.0,176.0,177.0,,175.75
SKU035,2024-04-15,159,1728360.21,10870.19,0,Product 035,Storage,Lamp,2024-09-03,1137.61,10870.19,9732.58,0,Spring,0,2024-04-01,210,529,5,136,272,1228138.8,14,187.0,165.0,185.0,,178.25
SKU035,2024-04-22,201,2184908.19,10870.19,0,Product 035,Storage,Lamp,2024-09-03,1137.61,10870.19,9732.58,0,Spring,0,2024-04-01,210,529,5,136,272,1228138.8,21,159.0,187.0,176.0,,171.75
SKU035,2024-04-29,169,1837062.11,10870.19,0,Product 035,Storage,Lamp,2024-09-03,1137.61,10870.19,9732.58,0,Spring,0,2024-04-01,210,529,5,136,272,1228138.8,28,201.0,159.0,165.0,,178.0
SKU035,2024-05-06,159,1728360.21,10870.19,0,Product 035,Storage,Lamp,2024-09-03,1137.61,10870.19,9732.58,0,Summer,0,2024-05-01,571,124,3,105,183,3339367.88,5,169.0,201.0,187.0,,179.0
SKU035,2024-05-13,158,1717490.02,10870.19,0,Product 035,Storage,Lamp,2024-09-03,1137.61,10870.19,9732.58,0,Summer,0,2024-05-01,571,124,3,105,183,3339367.88,12,159.0,169.0,159.0,,172.0
SKU035,2024-05-20,174,1891413.06,10870.19,0,Product 035,Storage,Lamp,2024-09-03,1137.61,10870.19,9732.58,0,Summer,0,2024-05-01,571,124,3,105,183,3339367.88,19,158.0,159.0,201.0,,171.75
SKU035,2024-05-27,176,1913153.44,10870.19,1,Product 035,Storage,Lamp,2024-09-03,1137.61,10870.19,9732.58,0,Summer,1,2024-05-01,571,124,3,105,183,3339367.88,26,174.0,158.0,169.0,,165.0
SKU035,2024-06-03,166,1804451.54,10870.19,1,Product 035,Storage,Lamp,2024-09-03,1137.61,10870.19,9732.58,0,Summer,1,2024-06-01,799,666,9,136,349,4672775.72,2,176.0,174.0,159.0,,166.75
SKU035,2024-06-10,195,2119687.05,10870.19,1,Product 035,Storage,Lamp,2024-09-03,1137.61,10870.19,9732.58,0,Summer,1,2024-06-01,799,666,9,136,349,4672775.72,9,166.0,176.0,158.0,,168.5
SKU035,2024-06-17,159,1728360.21,10870.19,1,Product 035,Storage,Lamp,2024-09-03,1137.61,10870.19,9732.58,0,Summer,1,2024-06-01,799,666,9,136,349,4672775.72,16,195.0,166.0,174.0,,177.75
SKU035,2024-06-24,177,1924023.63,10870.19,1,Product 035,Storage,Lamp,2024-09-03,1137.61,10870.19,9732.58,0,Summer,1,2024-06-01,799,666,9,136,349,4672775.72,23,159.0,195.0,176.0,,174.0
SKU035,2024-07-01,143,1554437.17,10870.19,0,Product 035,Storage,Lamp,2024-09-03,1137.61,10870.19,9732.58,0,Monsoon,0,2024-07-01,567,216,3,102,182,3315974.76,0,177.0,159.0,166.0,,174.25
SKU035,2024-07-08,159,1728360.21,10870.19,0,Product 035,Storage,Lamp,2024-09-03,1137.61,10870.19,9732.58,0,Monsoon,0,2024-07-01,567,216,3,102,182,3315974.76,7,143.0,177.0,195.0,,168.5
SKU035,2024-07-15,132,1434865.08,10870.19,0,Product 035,Storage,Lamp,2024-09-03,1137.61,10870.19,9732.58,0,Monsoon,0,2024-07-01,567,216,3,102,182,3315974.76,14,159.0,143.0,159.0,,159.5
SKU035,2024-07-22,159,1728360.21,10870.19,0,Product 035,Storage,Lamp,2024-09-03,1137.61,10870.19,9732.58,0,Monsoon,0,2024-07-01,567,216,3,102,182,3315974.76,21,132.0,159.0,177.0,,152.75
SKU035,2024-07-29,144,1565307.36,10870.19,0,Product 035,Storage,Lamp,2024-09-03,1137.61,10870.19,9732.58,0,Monsoon,0,2024-07-01,567,216,3,102,182,3315974.76,28,159.0,132.0,143.0,,148.25
SKU035,2024-08-05,137,1489216.03,10870.19,0,Product 035,Storage,Lamp,2024-09-03,1137.61,10870.19,9732.58,0,Monsoon,0,2024-08-01,220,377,12,127,413,1286621.6,4,144.0,159.0,159.0,,148.5
SKU035,2024-08-12,137,1489216.03,10870.19,0,Product 035,Storage,Lamp,2024-09-03,1137.61,10870.19,9732.58,1,Monsoon,0,2024-08-01,220,377,12,127,413,1286621.6,11,137.0,144.0,132.0,,143.0
SKU035,2024-08-19,125,1358773.75,10870.19,0,Product 035,Storage,Lamp,2024-09-03,1137.61,10870.19,9732.58,0,Monsoon,0,2024-08-01,220,377,12,127,413,1286621.6,18,137.0,137.0,159.0,,144.25
SKU035,2024-08-26,135,1467475.65,10870.19,1,Product 035,Storage,Lamp,2024-09-03,1137.61,10870.19,9732.58,0,Monsoon,1,2024-08-01,220,377,12,127,413,1286621.6,25,125.0,137.0,144.0,,135.75
SKU035,2024-09-02,120,1304422.8,10870.19,1,Product 035,Storage,Lamp,2024-09-03,1137.61,10870.19,9732.58,0,Monsoon,1,2024-09-01,676,349,13,90,343,3953437.28,1,135.0,125.0,137.0,,133.5
SKU035,2024-09-09,134,1456605.46,10870.19,1,Product 035,Storage,Lamp,2024-09-03,1137.61,10870.19,9732.58,0,Monsoon,1,2024-09-01,676,349,13,90,343,3953437.28,8,120.0,135.0,137.0,,129.25
SKU035,2024-09-16,133,1445735.27,10870.19,1,Product 035,Storage,Lamp,2024-09-03,1137.61,10870.19,9732.58,0,Monsoon,1,2024-09-01,676,349,13,90,343,3953437.28,15,134.0,120.0,125.0,,128.5
SKU035,2024-09-23,130,1413124.7,10870.19,1,Product 035,Storage,Lamp,2024-09-03,1137.61,10870.19,9732.58,0,Monsoon,1,2024-09-01,676,349,13,90,343,3953437.28,22,133.0,134.0,135.0,,130.5
SKU035,2024-09-30,114,1239201.6600000001,10870.19,0,Product 035,Storage,Lamp,2024-09-03,1137.61,10870.19,9732.58,0,Monsoon,0,2024-09-01,676,349,13,90,343,3953437.28,29,130.0,133.0,120.0,,129.25
SKU035,2024-10-07,102,1108759.38,10870.19,0,Product 035,Storage,Lamp,2024-09-03,1137.61,10870.19,9732.58,0,Autumn,0,2024-10-01,563,254,6,94,216,3292581.64,6,114.0,130.0,134.0,,127.75
SKU035,2024-10-14,126,1369643.94,10870.19,0,Product 035,Storage,Lamp,2024-09-03,1137.61,10870.19,9732.58,0,Autumn,0,2024-10-01,563,254,6,94,216,3292581.64,13,102.0,114.0,133.0,,119.75
SKU035,2024-10-21,102,1108759.38,10870.19,0,Product 035,Storage,Lamp,2024-09-03,1137.61,10870.19,9732.58,0,Autumn,0,2024-10-01,563,254,6,94,216,3292581.64,20,126.0,102.0,130.0,,118.0
SKU035,2024-10-28,119,1293552.6099999999,10870.19,1,Product 035,Storage,Lamp,2024-09-03,1137.61,10870.19,9732.58,1,Autumn,1,2024-10-01,563,254,6,94,216,3292581.64,27,102.0,126.0,114.0,,111.0
SKU035,2024-11-04,124,1347903.56,10870.19,1,Product 035,Storage,Lamp,2024-09-03,1137.61,10870.19,9732.58,0,Autumn,1,2024-11-01,541,390,11,97,273,3163919.48,3,119.0,102.0,102.0,,112.25
SKU035,2024-11-11,117,1271812.23,10870.19,1,Product 035,Storage,Lamp,2024-09-03,1137.61,10870.19,9732.58,0,Autumn,1,2024-11-01,541,390,11,97,273,3163919.48,10,124.0,119.0,126.0,,117.75
SKU035,2024-11-18,135,1467475.65,10870.19,1,Product 035,Storage,Lamp,2024-09-03,1137.61,10870.19,9732.58,0,Autumn,1,2024-11-01,541,390,11,97,273,3163919.48,17,117.0,124.0,102.0,,115.5
SKU035,2024-11-25,132,1434865.08,10870.19,1,Product 035,Storage,Lamp,2024-09-03,1137.61,10870.19,9732.58,0,Autumn,1,2024-11-01,541,390,11,97,273,3163919.48,24,135.0,117.0,119.0,,123.75
SKU035,2024-12-02,135,1467475.65,10870.19,0,Product 035,Storage,Lamp,2024-09-03,1137.61,10870.19,9732.58,0,Winter,0,2024-12-01,486,93,12,98,333,2842264.08,1,132.0,135.0,124.0,,127.0
SKU035,2024-12-09,133,1445735.27,10870.19,0,Product 035,Storage,Lamp,2024-09-03,1137.61,10870.19,9732.58,0,Winter,0,2024-12-01,486,93,12,98,333,2842264.08,8,135.0,132.0,117.0,,129.75
SKU035,2024-12-16,134,1456605.46,10870.19,0,Product 035,Storage,Lamp,2024-09-03,1137.61,10870.19,9732.58,0,Winter,0,2024-12-01,486,93,12,98,333,2842264.08,15,133.0,135.0,135.0,,133.75
SKU035,2024-12-23,126,1369643.94,10870.19,0,Product 035,Storage,Lamp,2024-09-03,1137.61,10870.19,9732.58,1,Winter,0,2024-12-01,486,93,12,98,333,2842264.08,22,134.0,133.0,132.0,,133.5
SKU035,2024-12-30,139,1510956.4100000001,10870.19,0,Product 035,Storage,Lamp,2024-09-03,1137.61,10870.19,9732.58,0,Winter,0,2024-12-01,486,93,12,98,333,2842264.08,29,126.0,134.0,135.0,146.0,132.0
SKU035,2025-01-06,149,1619658.31,10870.19,0,Product 035,Storage,Lamp,2024-09-03,1137.61,10870.19,9732.58,0,Winter,0,2025-01-01,599,155,10,117,312,3503119.72,5,139.0,126.0,133.0,159.0,133.0
SKU035,2025-01-13,122,1326163.18,10870.19,0,Product 035,Storage,Lamp,2024-09-03,1137.61,10870.19,9732.58,0,Winter,0,2025-01-01,599,155,10,117,312,3503119.72,12,149.0,139.0,134.0,154.0,137.0
SKU035,2025-01-20,148,1608788.1199999999,10870.19,0,Product 035,Storage,Lamp,2024-09-03,1137.61,10870.19,9732.58,1,Winter,0,2025-01-01,599,155,10,117,312,3503119.72,19,122.0,149.0,126.0,139.0,134.0
SKU035,2025-01-27,140,1521826.6,10870.19,0,Product 035,Storage,Lamp,2024-09-03,1137.61,10870.19,9732.58,0,Winter,0,2025-01-01,599,155,10,117,312,3503119.72,26,148.0,122.0,139.0,154.0,139.5
SKU035,2025-02-03,179,1945764.01,10870.19,0,Product 035,Storage,Lamp,2024-09-03,1137.61,10870.19,9732.58,0,Winter,0,2025-02-01,395,233,6,82,207,2310070.6,2,140.0,148.0,149.0,153.0,139.75
SKU035,2025-02-10,184,2000114.96,10870.19,0,Product 035,Storage,Lamp,2024-09-03,1137.61,10870.19,9732.58,0,Winter,0,2025-02-01,395,233,6,82,207,2310070.6,9,179.0,140.0,122.0,165.0,147.25
SKU035,2025-02-17,165,1793581.35,10870.19,0,Product 035,Storage,Lamp,2024-09-03,1137.61,10870.19,9732.58,0,Winter,0,2025-02-01,395,233,6,82,207,2310070.6,16,184.0,179.0,148.0,163.0,162.75
SKU035,2025-02-24,189,2054465.9100000001,10870.19,1,Product 035,Storage,Lamp,2024-09-03,1137.61,10870.19,9732.58,0,Winter,1,2025-02-01,395,233,6,82,207,2310070.6,23,165.0,184.0,140.0,173.0,167.0
SKU035,2025-03-03,175,1902283.25,10870.19,1,Product 035,Storage,Lamp,2024-09-03,1137.61,10870.19,9732.58,0,Spring,1,2025-03-01,495,388,9,128,330,2894898.6,2,189.0,165.0,179.0,177.0,179.25
SKU035,2025-03-10,162,1760970.78,10870.19,1,Product 035,Storage,Lamp,2024-09-03,1137.61,10870.19,9732.58,0,Spring,1,2025-03-01,495,388,9,128,330,2894898.6,9,175.0,189.0,184.0,177.0,178.25
SKU035,2025-03-17,176,1913153.44,10870.19,1,Product 035,Storage,Lamp,2024-09-03,1137.61,10870.19,9732.58,0,Spring,1,2025-03-01,495,388,9,128,330,2894898.6,16,162.0,175.0,165.0,185.0,172.75
SKU035,2025-03-24,181,1967504.3900000001,10870.19,1,Product 035,Storage,Lamp,2024-09-03,1137.61,10870.19,9732.58,0,Spring,1,2025-03-01,495,388,9,128,330,2894898.6,23,176.0,162.0,189.0,176.0,175.5
SKU035,2025-03-31,164,1782711.16,10870.19,0,Product 035,Storage,Lamp,2024-09-03,1137.61,10870.19,9732.58,0,Spring,0,2025-03-01,495,388,9,128,330,2894898.6,30,181.0,176.0,175.0,165.0,173.5
SKU035,2025-04-07,187,2032725.53,10870.19,0,Product 035,Storage,Lamp,2024-09-03,1137.61,10870.19,9732.58,0,Spring,0,2025-04-01,700,499,4,152,261,4093796.0,6,164.0,181.0,162.0,187.0,170.75
SKU035,2025-04-14,173,1880542.87,10870.19,0,Product 035,Storage,Lamp,2024-09-03,1137.61,10870.19,9732.58,0,Spring,0,2025-04-01,700,499,4,152,261,4093796.0,13,187.0,164.0,176.0,159.0,177.0
SKU035,2025-04-21,160,1739230.4,10870.19,0,Product 035,Storage,Lamp,2024-09-03,1137.61,10870.19,9732.58,0,Spring,0,2025-04-01,700,499,4,152,261,4093796.0,20,173.0,187.0,181.0,201.0,176.25
SKU035,2025-04-28,176,1913153.44,10870.19,0,Product 035,Storage,Lamp,2024-09-03,1137.61,10870.19,9732.58,0,Spring,0,2025-04-01,700,499,4,152,261,4093796.0,27,160.0,173.0,164.0,169.0,171.0
SKU035,2025-05-05,180,1956634.2,10870.19,0,Product 035,Storage,Lamp,2024-09-03,1137.61,10870.19,9732.58,0,Summer,0,2025-05-01,349,465,8,190,394,2041049.72,4,176.0,160.0,187.0,159.0,174.0
SKU035,2025-05-12,181,1967504.3900000001,10870.19,0,Product 035,Storage,Lamp,2024-09-03,1137.61,10870.19,9732.58,0,Summer,0,2025-05-01,349,465,8,190,394,2041049.72,11,180.0,176.0,173.0,158.0,172.25
SKU035,2025-05-19,169,1837062.1099999999,10870.19,0,Product 035,Storage,Lamp,2024-09-03,1137.61,10870.19,9732.58,0,Summer,0,2025-05-01,349,465,8,190,394,2041049.72,18,181.0,180.0,160.0,174.0,174.25
SKU035,2025-05-26,183,1989244.77,10870.19,1,Product 035,Storage,Lamp,2024-09-03,1137.61,10870.19,9732.58,0,Summer,1,2025-05-01,349,465,8,190,394,2041049.72,25,169.0,181.0,176.0,176.0,176.5
SKU035,2025-06-02,190,2065336.1,10870.19,1,Product 035,Storage,Lamp,2024-09-03,1137.61,10870.19,9732.58,0,Summer,1,2025-06-01,621,356,5,173,302,3631781.88,1,183.0,169.0,180.0,166.0,178.25
SKU035,2025-06-09,163,1771840.97,10870.19,1,Product 035,Storage,Lamp,2024-09-03,1137.61,10870.19,9732.58,0,Summer,1,2025-06-01,621,356,5,173,302,3631781.88,8,190.0,183.0,181.0,195.0,180.75
SKU035,2025-06-16,152,1652268.88,10870.19,1,Product 035,Storage,Lamp,2024-09-03,1137.61,10870.19,9732.58,0,Summer,1,2025-06-01,621,356,5,173,302,3631781.88,15,163.0,190.0,169.0,159.0,176.25
SKU035,2025-06-23,177,1924023.63,10870.19,1,Product 035,Storage,Lamp,2024-09-03,1137.61,10870.19,9732.58,0,Summer,1,2025-06-01,621,356,5,173,302,3631781.88,22,152.0,163.0,183.0,177.0,172.0
SKU035,2025-06-30,148,1608788.12,10870.19,0,Product 035,Storage,Lamp,2024-09-03,1137.61,10870.19,9732.58,0,Summer,0,2025-06-01,621,356,5,173,302,3631781.88,29,177.0,152.0,190.0,143.0,170.5
SKU035,2025-07-07,123,1337033.37,10870.19,0,Product 035,Storage,Lamp,2024-09-03,1137.61,10870.19,9732.58,0,Monsoon,0,2025-07-01,830,605,10,91,331,4854072.4,6,148.0,177.0,163.0,159.0,160.0
SKU035,2025-07-14,132,1434865.08,10870.19,0,Product 035,Storage,Lamp,2024-09-03,1137.61,10870.19,9732.58,0,Monsoon,0,2025-07-01,830,605,10,91,331,4854072.4,13,123.0,148.0,152.0,132.0,150.0
SKU035,2025-07-21,154,1674009.26,10870.19,0,Product 035,Storage,Lamp,2024-09-03,1137.61,10870.19,9732.58,0,Monsoon,0,2025-07-01,830,605,10,91,331,4854072.4,20,132.0,123.0,177.0,159.0,145.0
SKU035,2025-07-28,137,1489216.03,10870.19,0,Product 035,Storage,Lamp,2024-09-03,1137.61,10870.19,9732.58,0,Monsoon,0,2025-07-01,830,605,10,91,331,4854072.4,27,154.0,132.0,148.0,144.0,139.25
SKU035,2025-08-04,134,1456605.46,10870.19,0,Product 035,Storage,Lamp,2024-09-03,1137.61,10870.19,9732.58,0,Monsoon,0,2025-08-01,554,621,14,98,383,3239947.12,3,137.0,154.0,123.0,137.0,136.5
SKU035,2025-08-11,146,1587047.74,10870.19,0,Product 035,Storage,Lamp,2024-09-03,1137.61,10870.19,9732.58,1,Monsoon,0,2025-08-01,554,621,14,98,383,3239947.12,10,134.0,137.0,132.0,137.0,139.25
SKU035,2025-08-18,117,1271812.23,10870.19,0,Product 035,Storage,Lamp,2024-09-03,1137.61,10870.19,9732.58,0,Monsoon,0,2025-08-01,554,621,14,98,383,3239947.12,17,146.0,134.0,154.0,125.0,142.75
SKU035,2025-08-25,132,1434865.08,10870.19,0,Product 035,Storage,Lamp,2024-09-03,1137.61,10870.19,9732.58,0,Monsoon,0,2025-08-01,554,621,14,98,383,3239947.12,24,117.0,146.0,137.0,135.0,133.5
SKU035,2025-09-01,147,1597917.93,10870.19,1,Product 035,Storage,Lamp,2024-09-03,1137.61,10870.19,9732.58,0,Monsoon,1,2025-09-01,491,201,8,140,292,2871505.48,0,132.0,117.0,134.0,120.0,132.25
SKU035,2025-09-08,119,1293552.61,10870.19,1,Product 035,Storage,Lamp,2024-09-03,1137.61,10870.19,9732.58,0,Monsoon,1,2025-09-01,491,201,8,140,292,2871505.48,7,147.0,132.0,146.0,134.0,135.5
SKU035,2025-09-15,138,1500086.22,10870.19,1,Product 035,Storage,Lamp,2024-09-03,1137.61,10870.19,9732.58,0,Monsoon,1,2025-09-01,491,201,8,140,292,2871505.48,14,119.0,147.0,117.0,133.0,128.75
SKU035,2025-09-22,123,1337033.37,10870.19,1,Product 035,Storage,Lamp,2024-09-03,1137.61,10870.19,9732.58,0,Monsoon,1,2025-09-01,491,201,8,140,292,2871505.48,21,138.0,119.0,132.0,130.0,134.0
SKU035,2025-09-29,134,1456605.46,10870.19,0,Product 035,Storage,Lamp,2024-09-03,1137.61,10870.19,9732.58,0,Monsoon,0,2025-09-01,491,201,8,140,292,2871505.48,28,123.0,138.0,147.0,114.0,131.75
SKU035,2025-10-06,108,1173980.52,10870.19,0,Product 035,Storage,Lamp,2024-09-03,1137.61,10870.19,9732.58,0,Autumn,0,2025-10-01,394,292,4,131,207,2304222.32,5,134.0,123.0,119.0,102.0,128.5
SKU035,2025-10-13,129,1402254.51,10870.19,0,Product 035,Storage,Lamp,2024-09-03,1137.61,10870.19,9732.58,0,Autumn,0,2025-10-01,394,292,4,131,207,2304222.32,12,108.0,134.0,138.0,126.0,125.75
SKU035,2025-10-20,135,1467475.65,10870.19,0,Product 035,Storage,Lamp,2024-09-03,1137.61,10870.19,9732.58,1,Autumn,0,2025-10-01,394,292,4,131,207,2304222.32,19,129.0,108.0,123.0,102.0,123.5
SKU035,2025-10-27,117,1271812.23,10870.19,1,Product 035,Storage,Lamp,2024-09-03,1137.61,10870.19,9732.58,0,Autumn,1,2025-10-01,394,292,4,131,207,2304222.32,26,135.0,129.0,134.0,119.0,126.5
SKU035,2025-11-03,113,1228331.47,10870.19,1,Product 035,Storage,Lamp,2024-09-03,1137.61,10870.19,9732.58,0,Autumn,1,2025-11-01,579,5,4,117,185,3386154.12,2,117.0,135.0,108.0,124.0,122.25
SKU035,2025-11-10,124,1347903.56,10870.19,1,Product 035,Storage,Lamp,2024-09-03,1137.61,10870.19,9732.58,0,Autumn,1,2025-11-01,579,5,4,117,185,3386154.12,9,113.0,117.0,129.0,117.0,123.5
SKU035,2025-11-17,133,1445735.27,10870.19,1,Product 035,Storage,Lamp,2024-09-03,1137.61,10870.19,9732.58,0,Autumn,1,2025-11-01,579,5,4,117,185,3386154.12,16,124.0,113.0,135.0,135.0,122.25
SKU035,2025-11-24,131,1423994.8900000001,10870.19,1,Product 035,Storage,Lamp,2024-09-03,1137.61,10870.19,9732.58,0,Autumn,1,2025-11-01,579,5,4,117,185,3386154.12,23,133.0,124.0,117.0,132.0,121.75
SKU035,2025-12-01,128,1391384.32,10870.19,0,Product 035,Storage,Lamp,2024-09-03,1137.61,10870.19,9732.58,0,Winter,0,2025-12-01,670,76,8,137,304,3918347.6,0,131.0,133.0,113.0,135.0,125.25
SKU035,2025-12-08,128,1391384.32,10870.19,0,Product 035,Storage,Lamp,2024-09-03,1137.61,10870.19,9732.58,0,Winter,0,2025-12-01,670,76,8,137,304,3918347.6,7,128.0,131.0,124.0,133.0,129.0
SKU035,2025-12-15,127,1380514.13,10870.19,0,Product 035,Storage,Lamp,2024-09-03,1137.61,10870.19,9732.58,0,Winter,0,2025-12-01,670,76,8,137,304,3918347.6,14,128.0,128.0,133.0,134.0,130.0
SKU035,2025-12-22,148,1608788.12,10870.19,0,Product 035,Storage,Lamp,2024-09-03,1137.61,10870.19,9732.58,1,Winter,0,2025-12-01,670,76,8,137,304,3918347.6,21,127.0,128.0,131.0,126.0,128.5
SKU036,2024-01-01,25,142175.0,5687.0,0,Product 036,Furniture,Shelf,2022-03-12,5430.12,5687.0,256.88,0,Winter,0,2024-01-01,25,16,6,6,12,37496.5,0,,,,,
SKU036,2024-01-08,28,159236.0,5687.0,0,Product 036,Furniture,Shelf,2022-03-12,5430.12,5687.0,256.88,0,Winter,0,2024-01-01,25,16,6,6,12,37496.5,7,25.0,,,,
SKU036,2024-01-15,40,227480.0,5687.0,0,Product 036,Furniture,Shelf,2022-03-12,5430.12,5687.0,256.88,0,Winter,0,2024-01-01,25,16,6,6,12,37496.5,14,28.0,25.0,,,
SKU036,2024-01-22,39,221793.0,5687.0,0,Product 036,Furniture,Shelf,2022-03-12,5430.12,5687.0,256.88,1,Winter,0,2024-01-01,25,16,6,6,12,37496.5,21,40.0,28.0,,,
SKU036,2024-01-29,46,261602.0,5687.0,0,Product 036,Furniture,Shelf,2022-03-12,5430.12,5687.0,256.88,0,Winter,0,2024-01-01,25,16,6,6,12,37496.5,28,39.0,40.0,25.0,,33.0
SKU036,2024-02-05,29,164923.0,5687.0,0,Product 036,Furniture,Shelf,2022-03-12,5430.12,5687.0,256.88,0,Winter,0,2024-02-01,223,124,14,130,414,334468.78,4,46.0,39.0,28.0,,38.25
SKU036,2024-02-12,41,233167.0,5687.0,0,Product 036,Furniture,Shelf,2022-03-12,5430.12,5687.0,256.88,0,Winter,0,2024-02-01,223,124,14,130,414,334468.78,11,29.0,46.0,40.0,,38.5
SKU036,2024-02-19,33,187671.0,5687.0,0,Product 036,Furniture,Shelf,2022-03-12,5430.12,5687.0,256.88,0,Winter,0,2024-02-01,223,124,14,130,414,334468.78,18,41.0,29.0,39.0,,38.75
SKU036,2024-02-26,47,267289.0,5687.0,1,Product 036,Furniture,Shelf,2022-03-12,5430.12,5687.0,256.88,0,Winter,1,2024-02-01,223,124,14,130,414,334468.78,25,33.0,41.0,46.0,,37.25
SKU036,2024-03-04,53,301411.0,5687.0,1,Product 036,Furniture,Shelf,2022-03-12,5430.12,5687.0,256.88,0,Spring,1,2024-03-01,428,259,4,80,171,641940.08,3,47.0,33.0,29.0,,37.5
SKU036,2024-03-11,33,187671.0,5687.0,1,Product 036,Furniture,Shelf,2022-03-12,5430.12,5687.0,256.88,0,Spring,1,2024-03-01,428,259,4,80,171,641940.08,10,53.0,47.0,41.0,,43.5
SKU036,2024-03-18,49,278663.0,5687.0,1,Product 036,Furniture,Shelf,2022-03-12,5430.12,5687.0,256.88,0,Spring,1,2024-03-01,428,259,4,80,171,641940.08,17,33.0,53.0,33.0,,41.5
SKU036,2024-03-25,41,233167.0,5687.0,1,Product 036,Furniture,Shelf,2022-03-12,5430.12,5687.0,256.88,0,Spring,1,2024-03-01,428,259,4,80,171,641940.08,24,49.0,33.0,47.0,,45.5
SKU036,2024-04-01,49,278663.0,5687.0,0,Product 036,Furniture,Shelf,2022-03-12,5430.12,5687.0,256.88,0,Spring,0,2024-04-01,395,361,14,91,429,592444.7,0,41.0,49.0,53.0,,44.0
SKU036,2024-04-08,44,250228.0,5687.0,0,Product 036,Furniture,Shelf,2022-03-12,5430.12,5687.0,256.88,0,Spring,0,2024-04-01,395,361,14,91,429,592444.7,7,49.0,41.0,33.0,,43.0
SKU036,2024-04-15,44,250228.0,5687.0,0,Product 036,Furniture,Shelf,2022-03-12,5430.12,5687.0,256.88,0,Spring,0,2024-04-01,395,361,14,91,429,592444.7,14,44.0,49.0,49.0,,45.75
SKU036,2024-04-22,33,187671.0,5687.0,0,Product 036,Furniture,Shelf,2022-03-12,5430.12,5687.0,256.88,0,Spring,0,2024-04-01,395,361,14,91,429,592444.7,21,44.0,44.0,41.0,,44.5
SKU036,2024-04-29,28,159236.0,5687.0,0,Product 036,Furniture,Shelf,2022-03-12,5430.12,5687.0,256.88,0,Spring,0,2024-04-01,395,361,14,91,429,592444.7,28,33.0,44.0,49.0,,42.5
SKU036,2024-05-06,24,136488.0,5687.0,0,Product 036,Furniture,Shelf,2022-03-12,5430.12,5687.0,256.88,0,Summer,0,2024-05-01,355,190,5,92,206,532450.3,5,28.0,33.0,44.0,,37.25
SKU036,2024-05-13,39,221793.0,5687.0,0,Product 036,Furniture,Shelf,2022-03-12,5430.12,5687.0,256.88,0,Summer,0,2024-05-01,355,190,5,92,206,532450.3,12,24.0,28.0,44.0,,32.25
SKU036,2024-05-20,30,170610.0,5687.0,0,Product 036,Furniture,Shelf,2022-03-12,5430.12,5687.0,256.88,0,Summer,0,2024-05-01,355,190,5,92,206,532450.3,19,39.0,24.0,33.0,,31.0
SKU036,2024-05-27,45,255915.0,5687.0,1,Product 036,Furniture,Shelf,2022-03-12,5430.12,5687.0,256.88,0,Summer,1,2024-05-01,355,190,5,92,206,532450.3,26,30.0,39.0,28.0,,30.25
SKU036,2024-06-03,43,244541.0,5687.0,1,Product 036,Furniture,Shelf,2022-03-12,5430.12,5687.0,256.88,0,Summer,1,2024-06-01,214,501,7,118,272,320970.04,2,45.0,30.0,24.0,,34.5
SKU036,2024-06-10,41,233167.0,5687.0,1,Product 036,Furniture,Shelf,2022-03-12,5430.12,5687.0,256.88,0,Summer,1,2024-06-01,214,501,7,118,272,320970.04,9,43.0,45.0,39.0,,39.25
SKU036,2024-06-17,27,153549.0,5687.0,1,Product 036,Furniture,Shelf,2022-03-12,5430.12,5687.0,256.88,0,Summer,1,2024-06-01,214,501,7,118,272,320970.04,16,41.0,43.0,30.0,,39.75
SKU036,2024-06-24,39,221793.0,5687.0,1,Product 036,Furniture,Shelf,2022-03-12,5430.12,5687.0,256.88,0,Summer,1,2024-06-01,214,501,7,118,272,320970.04,23,27.0,41.0,45.0,,39.0
SKU036,2024-07-01,21,119427.0,5687.0,0,Product 036,Furniture,Shelf,2022-03-12,5430.12,5687.0,256.88,0,Monsoon,0,2024-07-01,166,599,9,133,334,248976.76,0,39.0,27.0,43.0,,37.5
SKU036,2024-07-08,21,119427.0,5687.0,0,Product 036,Furniture,Shelf,2022-03-12,5430.12,5687.0,256.88,0,Monsoon,0,2024-07-01,166,599,9,133,334,248976.76,7,21.0,39.0,41.0,,32.0
SKU036,2024-07-15,49,278663.0,5687.0,0,Product 036,Furniture,Shelf,2022-03-12,5430.12,5687.0,256.88,0,Monsoon,0,2024-07-01,166,599,9,133,334,248976.76,14,21.0,21.0,27.0,,27.0
SKU036,2024-07-22,31,176297.0,5687.0,0,Product 036,Furniture,Shelf,2022-03-12,5430.12,5687.0,256.88,0,Monsoon,0,2024-07-01,166,599,9,133,334,248976.76,21,49.0,21.0,39.0,,32.5
SKU036,2024-07-29,25,142175.0,5687.0,0,Product 036,Furniture,Shelf,2022-03-12,5430.12,5687.0,256.88,0,Monsoon,0,2024-07-01,166,599,9,133,334,248976.76,28,31.0,49.0,21.0,,30.5
SKU036,2024-08-05,21,119427.0,5687.0,0,Product 036,Furniture,Shelf,2022-03-12,5430.12,5687.0,256.88,0,Monsoon,0,2024-08-01,351,202,4,75,151,526450.86,4,25.0,31.0,21.0,,31.5
SKU036,2024-08-12,24,136488.0,5687.0,0,Product 036,Furniture,Shelf,2022-03-12,5430.12,5687.0,256.88,1,Monsoon,0,2024-08-01,351,202,4,75,151,526450.86,11,21.0,25.0,49.0,,31.5
SKU036,2024-08-19,34,193358.0,5687.0,0,Product 036,Furniture,Shelf,2022-03-12,5430.12,5687.0,256.88,0,Monsoon,0,2024-08-01,351,202,4,75,151,526450.86,18,24.0,21.0,31.0,,25.25
SKU036,2024-08-26,28,159236.0,5687.0,1,Product 036,Furniture,Shelf,2022-03-12,5430.12,5687.0,256.88,0,Monsoon,1,2024-08-01,351,202,4,75,151,526450.86,25,34.0,24.0,25.0,,26.0
SKU036,2024-09-02,33,187671.0,5687.0,1,Product 036,Furniture,Shelf,2022-03-12,5430.12,5687.0,256.88,0,Monsoon,1,2024-09-01,296,578,11,119,311,443958.56,1,28.0,34.0,21.0,,26.75
SKU036,2024-09-09,30,170610.0,5687.0,1,Product 036,Furniture,Shelf,2022-03-12,5430.12,5687.0,256.88,0,Monsoon,1,2024-09-01,296,578,11,119,311,443958.56,8,33.0,28.0,24.0,,29.75
SKU036,2024-09-16,28,159236.0,5687.0,1,Product 036,Furniture,Shelf,2022-03-12,5430.12,5687.0,256.88,0,Monsoon,1,2024-09-01,296,578,11,119,311,443958.56,15,30.0,33.0,34.0,,31.25
SKU036,2024-09-23,32,181984.0,5687.0,1,Product 036,Furniture,Shelf,2022-03-12,5430.12,5687.0,256.88,0,Monsoon,1,2024-09-01,296,578,11,119,311,443958.56,22,28.0,30.0,28.0,,29.75
SKU036,2024-09-30,27,153549.0,5687.0,0,Product 036,Furniture,Shelf,2022-03-12,5430.12,5687.0,256.88,0,Monsoon,0,2024-09-01,296,578,11,119,311,443958.56,29,32.0,28.0,33.0,,30.75
SKU036,2024-10-07,35,199045.0,5687.0,0,Product 036,Furniture,Shelf,2022-03-12,5430.12,5687.0,256.88,0,Autumn,0,2024-10-01,533,84,4,66,140,799425.38,6,27.0,32.0,30.0,,29.25
SKU036,2024-10-14,29,164923.0,5687.0,0,Product 036,Furniture,Shelf,2022-03-12,5430.12,5687.0,256.88,0,Autumn,0,2024-10-01,533,84,4,66,140,799425.38,13,35.0,27.0,28.0,,30.5
SKU036,2024-10-21,21,119427.0,5687.0,0,Product 036,Furniture,Shelf,2022-03-12,5430.12,5687.0,256.88,0,Autumn,0,2024-10-01,533,84,4,66,140,799425.38,20,29.0,35.0,32.0,,30.75
SKU036,2024-10-28,28,159236.0,5687.0,1,Product 036,Furniture,Shelf,2022-03-12,5430.12,5687.0,256.88,1,Autumn,1,2024-10-01,533,84,4,66,140,799425.38,27,21.0,29.0,27.0,,28.0
SKU036,2024-11-04,33,187671.0,5687.0,1,Product 036,Furniture,Shelf,2022-03-12,5430.12,5687.0,256.88,0,Autumn,1,2024-11-01,82,329,10,72,222,122988.52,3,28.0,21.0,35.0,,28.25
SKU036,2024-11-11,40,227480.0,5687.0,1,Product 036,Furniture,Shelf,2022-03-12,5430.12,5687.0,256.88,0,Autumn,1,2024-11-01,82,329,10,72,222,122988.52,10,33.0,28.0,29.0,,27.75
SKU036,2024-11-18,33,187671.0,5687.0,1,Product 036,Furniture,Shelf,2022-03-12,5430.12,5687.0,256.88,0,Autumn,1,2024-11-01,82,329,10,72,222,122988.52,17,40.0,33.0,21.0,,30.5
SKU036,2024-11-25,25,142175.0,5687.0,1,Product 036,Furniture,Shelf,2022-03-12,5430.12,5687.0,256.88,0,Autumn,1,2024-11-01,82,329,10,72,222,122988.52,24,33.0,40.0,28.0,,33.5
SKU036,2024-12-02,26,147862.0,5687.0,0,Product 036,Furniture,Shelf,2022-03-12,5430.12,5687.0,256.88,0,Winter,0,2024-12-01,466,326,13,136,368,698934.76,1,25.0,33.0,33.0,,32.75
SKU036,2024-12-09,36,204732.0,5687.0,0,Product 036,Furniture,Shelf,2022-03-12,5430.12,5687.0,256.88,0,Winter,0,2024-12-01,466,326,13,136,368,698934.76,8,26.0,25.0,40.0,,31.0
SKU036,2024-12-16,25,142175.0,5687.0,0,Product 036,Furniture,Shelf,2022-03-12,5430.12,5687.0,256.88,0,Winter,0,2024-12-01,466,326,13,136,368,698934.76,15,36.0,26.0,33.0,,30.0
SKU036,2024-12-23,37,210419.0,5687.0,0,Product 036,Furniture,Shelf,2022-03-12,5430.12,5687.0,256.88,1,Winter,0,2024-12-01,466,326,13,136,368,698934.76,22,25.0,36.0,25.0,,28.0
SKU036,2024-12-30,22,125114.0,5687.0,0,Product 036,Furniture,Shelf,2022-03-12,5430.12,5687.0,256.88,0,Winter,0,2024-12-01,466,326,13,136,368,698934.76,29,37.0,25.0,26.0,25.0,31.0
SKU036,2025-01-06,32,181984.0,5687.0,0,Product 036,Furniture,Shelf,2022-03-12,5430.12,5687.0,256.88,0,Winter,0,2025-01-01,216,140,14,94,348,323969.76,5,22.0,37.0,36.0,28.0,30.0
SKU036,2025-01-13,36,204732.0,5687.0,0,Product 036,Furniture,Shelf,2022-03-12,5430.12,5687.0,256.88,0,Winter,0,2025-01-01,216,140,14,94,348,323969.76,12,32.0,22.0,25.0,40.0,29.0
SKU036,2025-01-20,38,216106.0,5687.0,0,Product 036,Furniture,Shelf,2022-03-12,5430.12,5687.0,256.88,1,Winter,0,2025-01-01,216,140,14,94,348,323969.76,19,36.0,32.0,37.0,39.0,31.75
SKU036,2025-01-27,39,221793.0,5687.0,0,Product 036,Furniture,Shelf,2022-03-12,5430.12,5687.0,256.88,0,Winter,0,2025-01-01,216,140,14,94,348,323969.76,26,38.0,36.0,22.0,46.0,32.0
SKU036,2025-02-03,39,221793.0,5687.0,0,Product 036,Furniture,Shelf,2022-03-12,5430.12,5687.0,256.88,0,Winter,0,2025-02-01,411,228,8,110,263,616442.46,2,39.0,38.0,32.0,29.0,36.25
SKU036,2025-02-10,30,170610.0,5687.0,0,Product 036,Furniture,Shelf,2022-03-12,5430.12,5687.0,256.88,0,Winter,0,2025-02-01,411,228,8,110,263,616442.46,9,39.0,39.0,36.0,41.0,38.0
SKU036,2025-02-17,40,227480.0,5687.0,0,Product 036,Furniture,Shelf,2022-03-12,5430.12,5687.0,256.88,0,Winter,0,2025-02-01,411,228,8,110,263,616442.46,16,30.0,39.0,38.0,33.0,36.5
SKU036,2025-02-24,34,193358.0,5687.0,1,Product 036,Furniture,Shelf,2022-03-12,5430.12,5687.0,256.88,0,Winter,1,2025-02-01,411,228,8,110,263,616442.46,23,40.0,30.0,39.0,47.0,37.0
SKU036,2025-03-03,35,199045.0,5687.0,1,Product 036,Furniture,Shelf,2022-03-12,5430.12,5687.0,256.88,0,Spring,1,2025-03-01,472,56,13,113,419,707933.92,2,34.0,40.0,39.0,53.0,35.75
SKU036,2025-03-10,27,153549.0,5687.0,1,Product 036,Furniture,Shelf,2022-03-12,5430.12,5687.0,256.88,0,Spring,1,2025-03-01,472,56,13,113,419,707933.92,9,35.0,34.0,30.0,33.0,34.75
SKU036,2025-03-17,34,193358.0,5687.0,1,Product 036,Furniture,Shelf,2022-03-12,5430.12,5687.0,256.88,0,Spring,1,2025-03-01,472,56,13,113,419,707933.92,16,27.0,35.0,40.0,49.0,34.0
SKU036,2025-03-24,41,233167.0,5687.0,1,Product 036,Furniture,Shelf,2022-03-12,5430.12,5687.0,256.88,0,Spring,1,2025-03-01,472,56,13,113,419,707933.92,23,34.0,27.0,34.0,41.0,32.5
SKU036,2025-03-31,40,227480.0,5687.0,0,Product 036,Furniture,Shelf,2022-03-12,5430.12,5687.0,256.88,0,Spring,0,2025-03-01,472,56,13,113,419,707933.92,30,41.0,34.0,35.0,49.0,34.25
SKU036,2025-04-07,46,261602.0,5687.0,0,Product 036,Furniture,Shelf,2022-03-12,5430.12,5687.0,256.88,0,Spring,0,2025-04-01,512,471,13,75,397,767928.32,6,40.0,41.0,27.0,44.0,35.5
SKU036,2025-04-14,33,187671.0,5687.0,0,Product 036,Furniture,Shelf,2022-03-12,5430.12,5687.0,256.88,0,Spring,0,2025-04-01,512,471,13,75,397,767928.32,13,46.0,40.0,34.0,44.0,40.25
SKU036,2025-04-21,47,267289.0,5687.0,0,Product 036,Furniture,Shelf,2022-03-12,5430.12,5687.0,256.88,0,Spring,0,2025-04-01,512,471,13,75,397,767928.32,20,33.0,46.0,41.0,33.0,40.0
SKU036,2025-04-28,43,244541.0,5687.0,0,Product 036,Furniture,Shelf,2022-03-12,5430.12,5687.0,256.88,0,Spring,0,2025-04-01,512,471,13,75,397,767928.32,27,47.0,33.0,40.0,28.0,41.5
SKU036,2025-05-05,44,250228.0,5687.0,0,Product 036,Furniture,Shelf,2022-03-12,5430.12,5687.0,256.88,0,Summer,0,2025-05-01,330,635,10,135,378,494953.8,4,43.0,47.0,46.0,24.0,42.25
SKU036,2025-05-12,45,255915.0,5687.0,0,Product 036,Furniture,Shelf,2022-03-12,5430.12,5687.0,256.88,0,Summer,0,2025-05-01,330,635,10,135,378,494953.8,11,44.0,43.0,33.0,39.0,41.75
SKU036,2025-05-19,28,159236.0,5687.0,0,Product 036,Furniture,Shelf,2022-03-12,5430.12,5687.0,256.88,0,Summer,0,2025-05-01,330,635,10,135,378,494953.8,18,45.0,44.0,47.0,30.0,44.75
SKU036,2025-05-26,44,250228.0,5687.0,1,Product 036,Furniture,Shelf,2022-03-12,5430.12,5687.0,256.88,0,Summer,1,2025-05-01,330,635,10,135,378,494953.8,25,28.0,45.0,43.0,45.0,40.0
SKU036,2025-06-02,31,176297.0,5687.0,1,Product 036,Furniture,Shelf,2022-03-12,5430.12,5687.0,256.88,0,Summer,1,2025-06-01,348,375,9,84,303,521951.28,1,44.0,28.0,44.0,43.0,40.25
SKU036,2025-06-09,30,170610.0,5687.0,1,Product 036,Furniture,Shelf,2022-03-12,5430.12,5687.0,256.88,0,Summer,1,2025-06-01,348,375,9,84,303,521951.28,8,31.0,44.0,45.0,41.0,37.0
SKU036,2025-06-16,42,238854.0,5687.0,1,Product 036,Furniture,Shelf,2022-03-12,5430.12,5687.0,256.88,0,Summer,1,2025-06-01,348,375,9,84,303,521951.28,15,30.0,31.0,28.0,27.0,33.25
SKU036,2025-06-23,40,227480.0,5687.0,1,Product 036,Furniture,Shelf,2022-03-12,5430.12,5687.0,256.88,0,Summer,1,2025-06-01,348,375,9,84,303,521951.28,22,42.0,30.0,44.0,39.0,36.75
SKU036,2025-06-30,33,187671.0,5687.0,0,Product 036,Furniture,Shelf,2022-03-12,5430.12,5687.0,256.88,0,Summer,0,2025-06-01,348,375,9,84,303,521951.28,29,40.0,42.0,31.0,21.0,35.75
SKU036,2025-07-07,33,187671.0,5687.0,0,Product 036,Furniture,Shelf,2022-03-12,5430.12,5687.0,256.88,0,Monsoon,0,2025-07-01,687,362,4,183,276,1030403.82,6,33.0,40.0,30.0,21.0,36.25
SKU036,2025-07-14,37,210419.0,5687.0,0,Product 036,Furniture,Shelf,2022-03-12,5430.12,5687.0,256.88,0,Monsoon,0,2025-07-01,687,362,4,183,276,1030403.82,13,33.0,33.0,42.0,49.0,37.0
SKU036,2025-07-21,26,147862.0,5687.0,0,Product 036,Furniture,Shelf,2022-03-12,5430.12,5687.0,256.88,0,Monsoon,0,2025-07-01,687,362,4,183,276,1030403.82,20,37.0,33.0,40.0,31.0,35.75
SKU036,2025-07-28,33,187671.0,5687.0,0,Product 036,Furniture,Shelf,2022-03-12,5430.12,5687.0,256.88,0,Monsoon,0,2025-07-01,687,362,4,183,276,1030403.82,27,26.0,37.0,33.0,25.0,32.25
SKU036,2025-08-04,26,147862.0,5687.0,0,Product 036,Furniture,Shelf,2022-03-12,5430.12,5687.0,256.88,0,Monsoon,0,2025-08-01,555,373,13,67,335,832422.3,3,33.0,26.0,33.0,21.0,32.25
SKU036,2025-08-11,22,125114.0,5687.0,0,Product 036,Furniture,Shelf,2022-03-12,5430.12,5687.0,256.88,1,Monsoon,0,2025-08-01,555,373,13,67,335,832422.3,10,26.0,33.0,37.0,24.0,30.5
SKU036,2025-08-18,27,153549.0,5687.0,0,Product 036,Furniture,Shelf,2022-03-12,5430.12,5687.0,256.88,0,Monsoon,0,2025-08-01,555,373,13,67,335,832422.3,17,22.0,26.0,26.0,34.0,26.75
SKU036,2025-08-25,43,244541.0,5687.0,0,Product 036,Furniture,Shelf,2022-03-12,5430.12,5687.0,256.88,0,Monsoon,0,2025-08-01,555,373,13,67,335,832422.3,24,27.0,22.0,33.0,28.0,27.0
SKU036,2025-09-01,28,159236.0,5687.0,1,Product 036,Furniture,Shelf,2022-03-12,5430.12,5687.0,256.88,0,Monsoon,1,2025-09-01,300,447,8,119,261,449958.0,0,43.0,27.0,26.0,33.0,29.5
SKU036,2025-09-08,26,147862.0,5687.0,1,Product 036,Furniture,Shelf,2022-03-12,5430.12,5687.0,256.88,0,Monsoon,1,2025-09-01,300,447,8,119,261,449958.0,7,28.0,43.0,22.0,30.0,30.0
SKU036,2025-09-15,35,199045.0,5687.0,1,Product 036,Furniture,Shelf,2022-03-12,5430.12,5687.0,256.88,0,Monsoon,1,2025-09-01,300,447,8,119,261,449958.0,14,26.0,28.0,27.0,28.0,31.0
SKU036,2025-09-22,27,153549.0,5687.0,1,Product 036,Furniture,Shelf,2022-03-12,5430.12,5687.0,256.88,0,Monsoon,1,2025-09-01,300,447,8,119,261,449958.0,21,35.0,26.0,43.0,32.0,33.0
SKU036,2025-09-29,33,187671.0,5687.0,0,Product 036,Furniture,Shelf,2022-03-12,5430.12,5687.0,256.88,0,Monsoon,0,2025-09-01,300,447,8,119,261,449958.0,28,27.0,35.0,28.0,27.0,29.0
SKU036,2025-10-06,19,108053.0,5687.0,0,Product 036,Furniture,Shelf,2022-03-12,5430.12,5687.0,256.88,0,Autumn,0,2025-10-01,423,156,13,120,352,634440.78,5,33.0,27.0,26.0,35.0,30.25
SKU036,2025-10-13,19,108053.0,5687.0,0,Product 036,Furniture,Shelf,2022-03-12,5430.12,5687.0,256.88,0,Autumn,0,2025-10-01,423,156,13,120,352,634440.78,12,19.0,33.0,35.0,29.0,28.5
SKU036,2025-10-20,34,193358.0,5687.0,0,Product 036,Furniture,Shelf,2022-03-12,5430.12,5687.0,256.88,1,Autumn,0,2025-10-01,423,156,13,120,352,634440.78,19,19.0,19.0,27.0,21.0,24.5
SKU036,2025-10-27,29,164923.0,5687.0,1,Product 036,Furniture,Shelf,2022-03-12,5430.12,5687.0,256.88,0,Autumn,1,2025-10-01,423,156,13,120,352,634440.78,26,34.0,19.0,33.0,28.0,26.25
SKU036,2025-11-03,27,153549.0,5687.0,1,Product 036,Furniture,Shelf,2022-03-12,5430.12,5687.0,256.88,0,Autumn,1,2025-11-01,318,61,11,77,245,476955.48,2,29.0,34.0,19.0,33.0,25.25
SKU036,2025-11-10,30,170610.0,5687.0,1,Product 036,Furniture,Shelf,2022-03-12,5430.12,5687.0,256.88,0,Autumn,1,2025-11-01,318,61,11,77,245,476955.48,9,27.0,29.0,19.0,40.0,27.25
SKU036,2025-11-17,35,199045.0,5687.0,1,Product 036,Furniture,Shelf,2022-03-12,5430.12,5687.0,256.88,0,Autumn,1,2025-11-01,318,61,11,77,245,476955.48,16,30.0,27.0,34.0,33.0,30.0
SKU036,2025-11-24,31,176297.0,5687.0,1,Product 036,Furniture,Shelf,2022-03-12,5430.12,5687.0,256.88,0,Autumn,1,2025-11-01,318,61,11,77,245,476955.48,23,35.0,30.0,29.0,25.0,30.25
SKU036,2025-12-01,27,153549.0,5687.0,0,Product 036,Furniture,Shelf,2022-03-12,5430.12,5687.0,256.88,0,Winter,0,2025-12-01,383,135,3,77,129,574446.38,0,31.0,35.0,27.0,26.0,30.75
SKU036,2025-12-08,31,176297.0,5687.0,0,Product 036,Furniture,Shelf,2022-03-12,5430.12,5687.0,256.88,0,Winter,0,2025-12-01,383,135,3,77,129,574446.38,7,27.0,31.0,30.0,36.0,30.75
SKU036,2025-12-15,36,204732.0,5687.0,0,Product 036,Furniture,Shelf,2022-03-12,5430.12,5687.0,256.88,0,Winter,0,2025-12-01,383,135,3,77,129,574446.38,14,31.0,27.0,35.0,25.0,31.0
SKU036,2025-12-22,30,170610.0,5687.0,0,Product 036,Furniture,Shelf,2022-03-12,5430.12,5687.0,256.88,1,Winter,0,2025-12-01,383,135,3,77,129,574446.38,21,36.0,31.0,31.0,37.0,31.25
SKU037,2024-01-01,168,461566.56,2747.4200000000005,0,Product 037,Home Decor,Cabinet,2024-08-02,3901.0,2747.42,-1153.58,0,Winter,0,2024-01-01,32,1,4,5,10,180687.36,0,,,,,
SKU037,2024-01-08,160,439587.2,2747.4200000000005,0,Product 037,Home Decor,Cabinet,2024-08-02,3901.0,2747.42,-1153.58,0,Winter,0,2024-01-01,32,1,4,5,10,180687.36,7,168.0,,,,
SKU037,2024-01-15,169,464313.98,2747.4200000000005,0,Product 037,Home Decor,Cabinet,2024-08-02,3901.0,2747.42,-1153.58,0,Winter,0,2024-01-01,32,1,4,5,10,180687.36,14,160.0,168.0,,,
SKU037,2024-01-22,185,508272.7,2747.4200000000005,0,Product 037,Home Decor,Cabinet,2024-08-02,3901.0,2747.42,-1153.58,1,Winter,0,2024-01-01,32,1,4,5,10,180687.36,21,169.0,160.0,,,
SKU037,2024-01-29,155,425850.1,2747.4200000000005,0,Product 037,Home Decor,Cabinet,2024-08-02,3901.0,2747.42,-1153.58,0,Winter,0,2024-01-01,32,1,4,5,10,180687.36,28,185.0,169.0,168.0,,170.5
SKU037,2024-02-05,171,469808.82,2747.4200000000005,0,Product 037,Home Decor,Cabinet,2024-08-02,3901.0,2747.42,-1153.58,0,Winter,0,2024-02-01,870,906,7,352,674,4912437.6,4,155.0,185.0,160.0,,167.25
SKU037,2024-02-12,189,519262.38,2747.4200000000005,0,Product 037,Home Decor,Cabinet,2024-08-02,3901.0,2747.42,-1153.58,0,Winter,0,2024-02-01,870,906,7,352,674,4912437.6,11,171.0,155.0,169.0,,170.0
SKU037,2024-02-19,188,516514.95999999996,2747.4200000000005,0,Product 037,Home Decor,Cabinet,2024-08-02,3901.0,2747.42,-1153.58,0,Winter,0,2024-02-01,870,906,7,352,674,4912437.6,18,189.0,171.0,185.0,,175.0
SKU037,2024-02-26,194,532999.48,2747.4200000000005,1,Product 037,Home Decor,Cabinet,2024-08-02,3901.0,2747.42,-1153.58,0,Winter,1,2024-02-01,870,906,7,352,674,4912437.6,25,188.0,189.0,155.0,,175.75
SKU037,2024-03-04,213,585200.46,2747.4200000000005,1,Product 037,Home Decor,Cabinet,2024-08-02,3901.0,2747.42,-1153.58,0,Spring,1,2024-03-01,414,283,8,188,579,2337642.72,3,194.0,188.0,171.0,,185.5
SKU037,2024-03-11,221,607179.82,2747.4200000000005,1,Product 037,Home Decor,Cabinet,2024-08-02,3901.0,2747.42,-1153.58,0,Spring,1,2024-03-01,414,283,8,188,579,2337642.72,10,213.0,194.0,189.0,,196.0
SKU037,2024-03-18,197,541241.74,2747.4200000000005,1,Product 037,Home Decor,Cabinet,2024-08-02,3901.0,2747.42,-1153.58,0,Spring,1,2024-03-01,414,283,8,188,579,2337642.72,17,221.0,213.0,188.0,,204.0
SKU037,2024-03-25,203,557726.26,2747.4200000000005,1,Product 037,Home Decor,Cabinet,2024-08-02,3901.0,2747.42,-1153.58,0,Spring,1,2024-03-01,414,283,8,188,579,2337642.72,24,197.0,221.0,194.0,,206.25
SKU037,2024-04-01,184,505525.28,2747.4200000000005,0,Product 037,Home Decor,Cabinet,2024-08-02,3901.0,2747.42,-1153.58,0,Spring,0,2024-04-01,553,630,9,202,751,3122503.44,0,203.0,197.0,213.0,,208.5
SKU037,2024-04-08,221,607179.8200000001,2747.4200000000005,0,Product 037,Home Decor,Cabinet,2024-08-02,3901.0,2747.42,-1153.58,0,Spring,0,2024-04-01,553,630,9,202,751,3122503.44,7,184.0,203.0,221.0,,201.25
SKU037,2024-04-15,196,538494.32,2747.4200000000005,0,Product 037,Home Decor,Cabinet,2024-08-02,3901.0,2747.42,-1153.58,0,Spring,0,2024-04-01,553,630,9,202,751,3122503.44,14,221.0,184.0,197.0,,201.25
SKU037,2024-04-22,183,502777.86,2747.4200000000005,0,Product 037,Home Decor,Cabinet,2024-08-02,3901.0,2747.42,-1153.58,0,Spring,0,2024-04-01,553,630,9,202,751,3122503.44,21,196.0,221.0,203.0,,201.0
SKU037,2024-04-29,204,560473.68,2747.4200000000005,0,Product 037,Home Decor,Cabinet,2024-08-02,3901.0,2747.42,-1153.58,0,Spring,0,2024-04-01,553,630,9,202,751,3122503.44,28,183.0,196.0,184.0,,196.0
SKU037,2024-05-06,194,532999.48,2747.4200000000005,0,Product 037,Home Decor,Cabinet,2024-08-02,3901.0,2747.42,-1153.58,0,Summer,0,2024-05-01,283,1095,5,413,675,1597953.84,5,204.0,183.0,221.0,,201.0
SKU037,2024-05-13,198,543989.1599999999,2747.4200000000005,0,Product 037,Home Decor,Cabinet,2024-08-02,3901.0,2747.42,-1153.58,0,Summer,0,2024-05-01,283,1095,5,413,675,1597953.84,12,194.0,204.0,196.0,,194.25
SKU037,2024-05-20,190,522009.8,2747.4200000000005,0,Product 037,Home Decor,Cabinet,2024-08-02,3901.0,2747.42,-1153.58,0,Summer,0,2024-05-01,283,1095,5,413,675,1597953.84,19,198.0,194.0,183.0,,194.75
SKU037,2024-05-27,207,568715.94,2747.4200000000005,1,Product 037,Home Decor,Cabinet,2024-08-02,3901.0,2747.42,-1153.58,0,Summer,1,2024-05-01,283,1095,5,413,675,1597953.84,26,190.0,198.0,204.0,,196.5
SKU037,2024-06-03,203,557726.26,2747.4200000000005,1,Product 037,Home Decor,Cabinet,2024-08-02,3901.0,2747.42,-1153.58,0,Summer,1,2024-06-01,1382,464,9,261,728,7803435.36,2,207.0,190.0,194.0,,197.25
SKU037,2024-06-10,186,511020.12,2747.4200000000005,1,Product 037,Home Decor,Cabinet,2024-08-02,3901.0,2747.42,-1153.58,0,Summer,1,2024-06-01,1382,464,9,261,728,7803435.36,9,203.0,207.0,198.0,,199.5
SKU037,2024-06-17,191,524757.22,2747.4200000000005,1,Product 037,Home Decor,Cabinet,2024-08-02,3901.0,2747.42,-1153.58,0,Summer,1,2024-06-01,1382,464,9,261,728,7803435.36,16,186.0,203.0,190.0,,196.5
SKU037,2024-06-24,211,579705.62,2747.4200000000005,1,Product 037,Home Decor,Cabinet,2024-08-02,3901.0,2747.42,-1153.58,0,Summer,1,2024-06-01,1382,464,9,261,728,7803435.36,23,191.0,186.0,207.0,,196.75
SKU037,2024-07-01,166,456071.72,2747.4200000000005,0,Product 037,Home Decor,Cabinet,2024-08-02,3901.0,2747.42,-1153.58,0,Monsoon,0,2024-07-01,1844,510,13,251,951,10412109.12,0,211.0,191.0,203.0,,197.75
SKU037,2024-07-08,181,497283.02,2747.4200000000005,0,Product 037,Home Decor,Cabinet,2024-08-02,3901.0,2747.42,-1153.58,0,Monsoon,0,2024-07-01,1844,510,13,251,951,10412109.12,7,166.0,211.0,186.0,,188.5
SKU037,2024-07-15,178,489040.76,2747.4200000000005,0,Product 037,Home Decor,Cabinet,2024-08-02,3901.0,2747.42,-1153.58,0,Monsoon,0,2024-07-01,1844,510,13,251,951,10412109.12,14,181.0,166.0,191.0,,187.25
SKU037,2024-07-22,169,464313.98,2747.4200000000005,0,Product 037,Home Decor,Cabinet,2024-08-02,3901.0,2747.42,-1153.58,0,Monsoon,0,2024-07-01,1844,510,13,251,951,10412109.12,21,178.0,181.0,211.0,,184.0
SKU037,2024-07-29,179,491788.18,2747.4200000000005,0,Product 037,Home Decor,Cabinet,2024-08-02,3901.0,2747.42,-1153.58,0,Monsoon,0,2024-07-01,1844,510,13,251,951,10412109.12,28,169.0,178.0,166.0,,173.5
SKU037,2024-08-05,144,395628.48,2747.4200000000005,0,Product 037,Home Decor,Cabinet,2024-08-02,3901.0,2747.42,-1153.58,0,Monsoon,0,2024-08-01,1066,818,14,365,1013,6019147.68,4,179.0,169.0,181.0,,176.75
SKU037,2024-08-12,156,428597.52,2747.4200000000005,0,Product 037,Home Decor,Cabinet,2024-08-02,3901.0,2747.42,-1153.58,1,Monsoon,0,2024-08-01,1066,818,14,365,1013,6019147.68,11,144.0,179.0,178.0,,167.5
SKU037,2024-08-19,134,368154.28,2747.4200000000005,0,Product 037,Home Decor,Cabinet,2024-08-02,3901.0,2747.42,-1153.58,0,Monsoon,0,2024-08-01,1066,818,14,365,1013,6019147.68,18,156.0,144.0,169.0,,162.0
SKU037,2024-08-26,156,428597.52,2747.4200000000005,1,Product 037,Home Decor,Cabinet,2024-08-02,3901.0,2747.42,-1153.58,0,Monsoon,1,2024-08-01,1066,818,14,365,1013,6019147.68,25,134.0,156.0,179.0,,153.25
SKU037,2024-09-02,155,425850.1,2747.4200000000005,1,Product 037,Home Decor,Cabinet,2024-08-02,3901.0,2747.42,-1153.58,0,Monsoon,1,2024-09-01,1296,275,4,251,413,7317838.08,1,156.0,134.0,144.0,,147.5
SKU037,2024-09-09,149,409365.58,2747.4200000000005,1,Product 037,Home Decor,Cabinet,2024-08-02,3901.0,2747.42,-1153.58,0,Monsoon,1,2024-09-01,1296,275,4,251,413,7317838.08,8,155.0,156.0,156.0,,150.25
SKU037,2024-09-16,163,447829.46,2747.4200000000005,1,Product 037,Home Decor,Cabinet,2024-08-02,3901.0,2747.42,-1153.58,0,Monsoon,1,2024-09-01,1296,275,4,251,413,7317838.08,15,149.0,155.0,134.0,,148.5
SKU037,2024-09-23,132,362659.44,2747.4200000000005,1,Product 037,Home Decor,Cabinet,2024-08-02,3901.0,2747.42,-1153.58,0,Monsoon,1,2024-09-01,1296,275,4,251,413,7317838.08,22,163.0,149.0,156.0,,155.75
SKU037,2024-09-30,143,392881.06,2747.4200000000005,0,Product 037,Home Decor,Cabinet,2024-08-02,3901.0,2747.42,-1153.58,0,Monsoon,0,2024-09-01,1296,275,4,251,413,7317838.08,29,132.0,163.0,155.0,,149.75
SKU037,2024-10-07,132,362659.44,2747.4200000000005,0,Product 037,Home Decor,Cabinet,2024-08-02,3901.0,2747.42,-1153.58,0,Autumn,0,2024-10-01,763,906,10,175,578,4308264.24,6,143.0,132.0,149.0,,146.75
SKU037,2024-10-14,129,354417.18,2747.4200000000005,0,Product 037,Home Decor,Cabinet,2024-08-02,3901.0,2747.42,-1153.58,0,Autumn,0,2024-10-01,763,906,10,175,578,4308264.24,13,132.0,143.0,163.0,,142.5
SKU037,2024-10-21,141,387386.22,2747.4200000000005,0,Product 037,Home Decor,Cabinet,2024-08-02,3901.0,2747.42,-1153.58,0,Autumn,0,2024-10-01,763,906,10,175,578,4308264.24,20,129.0,132.0,132.0,,134.0
SKU037,2024-10-28,153,420355.26,2747.4200000000005,1,Product 037,Home Decor,Cabinet,2024-08-02,3901.0,2747.42,-1153.58,1,Autumn,1,2024-10-01,763,906,10,175,578,4308264.24,27,141.0,129.0,143.0,,136.25
SKU037,2024-11-04,162,445082.04000000004,2747.4200000000005,1,Product 037,Home Decor,Cabinet,2024-08-02,3901.0,2747.42,-1153.58,0,Autumn,1,2024-11-01,785,956,14,207,709,4432486.8,3,153.0,141.0,132.0,,138.75
SKU037,2024-11-11,161,442334.62,2747.4200000000005,1,Product 037,Home Decor,Cabinet,2024-08-02,3901.0,2747.42,-1153.58,0,Autumn,1,2024-11-01,785,956,14,207,709,4432486.8,10,162.0,153.0,129.0,,146.25
SKU037,2024-11-18,147,403870.74,2747.4200000000005,1,Product 037,Home Decor,Cabinet,2024-08-02,3901.0,2747.42,-1153.58,0,Autumn,1,2024-11-01,785,956,14,207,709,4432486.8,17,161.0,162.0,141.0,,154.25
SKU037,2024-11-25,133,365406.86,2747.4200000000005,1,Product 037,Home Decor,Cabinet,2024-08-02,3901.0,2747.42,-1153.58,0,Autumn,1,2024-11-01,785,956,14,207,709,4432486.8,24,147.0,161.0,153.0,,155.75
SKU037,2024-12-02,171,469808.82,2747.4200000000005,0,Product 037,Home Decor,Cabinet,2024-08-02,3901.0,2747.42,-1153.58,0,Winter,0,2024-12-01,986,887,12,204,712,5567429.28,1,133.0,147.0,162.0,,150.75
SKU037,2024-12-09,173,475303.66000000003,2747.4200000000005,0,Product 037,Home Decor,Cabinet,2024-08-02,3901.0,2747.42,-1153.58,0,Winter,0,2024-12-01,986,887,12,204,712,5567429.28,8,171.0,133.0,161.0,,153.0
SKU037,2024-12-16,177,486293.33999999997,2747.4200000000005,0,Product 037,Home Decor,Cabinet,2024-08-02,3901.0,2747.42,-1153.58,0,Winter,0,2024-12-01,986,887,12,204,712,5567429.28,15,173.0,171.0,147.0,,156.0
SKU037,2024-12-23,137,376396.54000000004,2747.4200000000005,0,Product 037,Home Decor,Cabinet,2024-08-02,3901.0,2747.42,-1153.58,1,Winter,0,2024-12-01,986,887,12,204,712,5567429.28,22,177.0,173.0,133.0,,163.5
SKU037,2024-12-30,159,436839.78,2747.4200000000005,0,Product 037,Home Decor,Cabinet,2024-08-02,3901.0,2747.42,-1153.58,0,Winter,0,2024-12-01,986,887,12,204,712,5567429.28,29,137.0,177.0,171.0,168.0,164.5
SKU037,2025-01-06,156,428597.52,2747.4200000000005,0,Product 037,Home Decor,Cabinet,2024-08-02,3901.0,2747.42,-1153.58,0,Winter,0,2025-01-01,906,889,11,211,655,5115710.88,5,159.0,137.0,173.0,160.0,161.5
SKU037,2025-01-13,158,434092.36,2747.4200000000005,0,Product 037,Home Decor,Cabinet,2024-08-02,3901.0,2747.42,-1153.58,0,Winter,0,2025-01-01,906,889,11,211,655,5115710.88,12,156.0,159.0,177.0,169.0,157.25
SKU037,2025-01-20,163,447829.46,2747.4200000000005,0,Product 037,Home Decor,Cabinet,2024-08-02,3901.0,2747.42,-1153.58,1,Winter,0,2025-01-01,906,889,11,211,655,5115710.88,19,158.0,156.0,137.0,185.0,152.5
SKU037,2025-01-27,167,458819.14,2747.4200000000005,0,Product 037,Home Decor,Cabinet,2024-08-02,3901.0,2747.42,-1153.58,0,Winter,0,2025-01-01,906,889,11,211,655,5115710.88,26,163.0,158.0,159.0,155.0,159.0
SKU037,2025-02-03,181,497283.02,2747.4200000000005,0,Product 037,Home Decor,Cabinet,2024-08-02,3901.0,2747.42,-1153.58,0,Winter,0,2025-02-01,548,1706,13,321,939,3094271.04,2,167.0,163.0,156.0,171.0,161.0
SKU037,2025-02-10,165,453324.3,2747.4200000000005,0,Product 037,Home Decor,Cabinet,2024-08-02,3901.0,2747.42,-1153.58,0,Winter,0,2025-02-01,548,1706,13,321,939,3094271.04,9,181.0,167.0,158.0,189.0,167.25
SKU037,2025-02-17,181,497283.01999999996,2747.4200000000005,0,Product 037,Home Decor,Cabinet,2024-08-02,3901.0,2747.42,-1153.58,0,Winter,0,2025-02-01,548,1706,13,321,939,3094271.04,16,165.0,181.0,163.0,188.0,169.0
SKU037,2025-02-24,220,604432.4,2747.4200000000005,1,Product 037,Home Decor,Cabinet,2024-08-02,3901.0,2747.42,-1153.58,0,Winter,1,2025-02-01,548,1706,13,321,939,3094271.04,23,181.0,165.0,167.0,194.0,173.5
SKU037,2025-03-03,220,604432.4,2747.4200000000005,1,Product 037,Home Decor,Cabinet,2024-08-02,3901.0,2747.42,-1153.58,0,Spring,1,2025-03-01,1199,1019,6,333,645,6770129.52,2,220.0,181.0,181.0,213.0,186.75
SKU037,2025-03-10,206,565968.52,2747.4200000000005,1,Product 037,Home Decor,Cabinet,2024-08-02,3901.0,2747.42,-1153.58,0,Spring,1,2025-03-01,1199,1019,6,333,645,6770129.52,9,220.0,220.0,165.0,221.0,196.5
SKU037,2025-03-17,217,596190.14,2747.4200000000005,1,Product 037,Home Decor,Cabinet,2024-08-02,3901.0,2747.42,-1153.58,0,Spring,1,2025-03-01,1199,1019,6,333,645,6770129.52,16,206.0,220.0,181.0,197.0,206.75
SKU037,2025-03-24,231,634654.02,2747.4200000000005,1,Product 037,Home Decor,Cabinet,2024-08-02,3901.0,2747.42,-1153.58,0,Spring,1,2025-03-01,1199,1019,6,333,645,6770129.52,23,217.0,206.0,220.0,203.0,215.75
SKU037,2025-03-31,204,560473.6799999999,2747.4200000000005,0,Product 037,Home Decor,Cabinet,2024-08-02,3901.0,2747.42,-1153.58,0,Spring,0,2025-03-01,1199,1019,6,333,645,6770129.52,30,231.0,217.0,220.0,184.0,218.5
SKU037,2025-04-07,195,535746.9,2747.4200000000005,0,Product 037,Home Decor,Cabinet,2024-08-02,3901.0,2747.42,-1153.58,0,Spring,0,2025-04-01,455,502,7,183,581,2569148.4,6,204.0,231.0,206.0,221.0,214.5
SKU037,2025-04-14,189,519262.38,2747.4200000000005,0,Product 037,Home Decor,Cabinet,2024-08-02,3901.0,2747.42,-1153.58,0,Spring,0,2025-04-01,455,502,7,183,581,2569148.4,13,195.0,204.0,217.0,196.0,211.75
SKU037,2025-04-21,182,500030.44,2747.4200000000005,0,Product 037,Home Decor,Cabinet,2024-08-02,3901.0,2747.42,-1153.58,0,Spring,0,2025-04-01,455,502,7,183,581,2569148.4,20,189.0,195.0,231.0,183.0,204.75
SKU037,2025-04-28,225,618169.5,2747.4200000000005,0,Product 037,Home Decor,Cabinet,2024-08-02,3901.0,2747.42,-1153.58,0,Spring,0,2025-04-01,455,502,7,183,581,2569148.4,27,182.0,189.0,204.0,204.0,192.5
SKU037,2025-05-05,201,552231.4199999999,2747.4200000000005,0,Product 037,Home Decor,Cabinet,2024-08-02,3901.0,2747.42,-1153.58,0,Summer,0,2025-05-01,737,831,14,295,1041,4161455.76,4,225.0,182.0,195.0,194.0,197.75
SKU037,2025-05-12,193,530252.06,2747.4200000000005,0,Product 037,Home Decor,Cabinet,2024-08-02,3901.0,2747.42,-1153.58,0,Summer,0,2025-05-01,737,831,14,295,1041,4161455.76,11,201.0,225.0,189.0,198.0,199.25
SKU037,2025-05-19,199,546736.58,2747.4200000000005,0,Product 037,Home Decor,Cabinet,2024-08-02,3901.0,2747.42,-1153.58,0,Summer,0,2025-05-01,737,831,14,295,1041,4161455.76,18,193.0,201.0,182.0,190.0,200.25
SKU037,2025-05-26,216,593442.72,2747.4200000000005,1,Product 037,Home Decor,Cabinet,2024-08-02,3901.0,2747.42,-1153.58,0,Summer,1,2025-05-01,737,831,14,295,1041,4161455.76,25,199.0,193.0,225.0,207.0,204.5
SKU037,2025-06-02,212,582453.04,2747.4200000000005,1,Product 037,Home Decor,Cabinet,2024-08-02,3901.0,2747.42,-1153.58,0,Summer,1,2025-06-01,338,638,10,391,928,1908510.24,1,216.0,199.0,201.0,203.0,202.25
SKU037,2025-06-09,195,535746.9,2747.4200000000005,1,Product 037,Home Decor,Cabinet,2024-08-02,3901.0,2747.42,-1153.58,0,Summer,1,2025-06-01,338,638,10,391,928,1908510.24,8,212.0,216.0,193.0,186.0,205.0
SKU037,2025-06-16,200,549484.0,2747.4200000000005,1,Product 037,Home Decor,Cabinet,2024-08-02,3901.0,2747.42,-1153.58,0,Summer,1,2025-06-01,338,638,10,391,928,1908510.24,15,195.0,212.0,199.0,191.0,205.5
SKU037,2025-06-23,202,554978.84,2747.4200000000005,1,Product 037,Home Decor,Cabinet,2024-08-02,3901.0,2747.42,-1153.58,0,Summer,1,2025-06-01,338,638,10,391,928,1908510.24,22,200.0,195.0,216.0,211.0,205.75
SKU037,2025-06-30,188,516514.96,2747.4200000000005,0,Product 037,Home Decor,Cabinet,2024-08-02,3901.0,2747.42,-1153.58,0,Summer,0,2025-06-01,338,638,10,391,928,1908510.24,29,202.0,200.0,212.0,166.0,202.25
SKU037,2025-07-07,210,576958.2,2747.4200000000005,0,Product 037,Home Decor,Cabinet,2024-08-02,3901.0,2747.42,-1153.58,0,Monsoon,0,2025-07-01,749,612,10,354,907,4229213.52,6,188.0,202.0,195.0,181.0,196.25
SKU037,2025-07-14,182,500030.44,2747.4200000000005,0,Product 037,Home Decor,Cabinet,2024-08-02,3901.0,2747.42,-1153.58,0,Monsoon,0,2025-07-01,749,612,10,354,907,4229213.52,13,210.0,188.0,200.0,178.0,200.0
SKU037,2025-07-21,149,409365.57999999996,2747.4200000000005,0,Product 037,Home Decor,Cabinet,2024-08-02,3901.0,2747.42,-1153.58,0,Monsoon,0,2025-07-01,749,612,10,354,907,4229213.52,20,182.0,210.0,202.0,169.0,195.5
SKU037,2025-07-28,143,392881.06,2747.4200000000005,0,Product 037,Home Decor,Cabinet,2024-08-02,3901.0,2747.42,-1153.58,0,Monsoon,0,2025-07-01,749,612,10,354,907,4229213.52,27,149.0,182.0,188.0,179.0,182.25
SKU037,2025-08-04,162,445082.04,2747.4200000000005,0,Product 037,Home Decor,Cabinet,2024-08-02,3901.0,2747.42,-1153.58,0,Monsoon,0,2025-08-01,640,585,7,304,643,3613747.2,3,143.0,149.0,210.0,144.0,171.0
SKU037,2025-08-11,146,401123.32,2747.4200000000005,0,Product 037,Home Decor,Cabinet,2024-08-02,3901.0,2747.42,-1153.58,1,Monsoon,0,2025-08-01,640,585,7,304,643,3613747.2,10,162.0,143.0,182.0,156.0,159.0
SKU037,2025-08-18,170,467061.4,2747.4200000000005,0,Product 037,Home Decor,Cabinet,2024-08-02,3901.0,2747.42,-1153.58,0,Monsoon,0,2025-08-01,640,585,7,304,643,3613747.2,17,146.0,162.0,149.0,134.0,150.0
SKU037,2025-08-25,171,469808.82,2747.4200000000005,0,Product 037,Home Decor,Cabinet,2024-08-02,3901.0,2747.42,-1153.58,0,Monsoon,0,2025-08-01,640,585,7,304,643,3613747.2,24,170.0,146.0,143.0,156.0,155.25
SKU037,2025-09-01,133,365406.86,2747.4200000000005,1,Product 037,Home Decor,Cabinet,2024-08-02,3901.0,2747.42,-1153.58,0,Monsoon,1,2025-09-01,1077,263,14,239,816,6081258.96,0,171.0,170.0,162.0,155.0,162.25
SKU037,2025-09-08,154,423102.68,2747.4200000000005,1,Product 037,Home Decor,Cabinet,2024-08-02,3901.0,2747.42,-1153.58,0,Monsoon,1,2025-09-01,1077,263,14,239,816,6081258.96,7,133.0,171.0,146.0,149.0,155.0
SKU037,2025-09-15,165,453324.3,2747.4200000000005,1,Product 037,Home Decor,Cabinet,2024-08-02,3901.0,2747.42,-1153.58,0,Monsoon,1,2025-09-01,1077,263,14,239,816,6081258.96,14,154.0,133.0,170.0,163.0,157.0
SKU037,2025-09-22,157,431344.94,2747.4200000000005,1,Product 037,Home Decor,Cabinet,2024-08-02,3901.0,2747.42,-1153.58,0,Monsoon,1,2025-09-01,1077,263,14,239,816,6081258.96,21,165.0,154.0,171.0,132.0,155.75
SKU037,2025-09-29,140,384638.8,2747.4200000000005,0,Product 037,Home Decor,Cabinet,2024-08-02,3901.0,2747.42,-1153.58,0,Monsoon,0,2025-09-01,1077,263,14,239,816,6081258.96,28,157.0,165.0,133.0,143.0,152.25
SKU037,2025-10-06,128,351669.76,2747.4200000000005,0,Product 037,Home Decor,Cabinet,2024-08-02,3901.0,2747.42,-1153.58,0,Autumn,0,2025-10-01,555,167,12,132,638,3133796.4,5,140.0,157.0,154.0,132.0,154.0
SKU037,2025-10-13,147,403870.74,2747.4200000000005,0,Product 037,Home Decor,Cabinet,2024-08-02,3901.0,2747.42,-1153.58,0,Autumn,0,2025-10-01,555,167,12,132,638,3133796.4,12,128.0,140.0,165.0,129.0,147.5
SKU037,2025-10-20,139,381891.38,2747.4200000000005,0,Product 037,Home Decor,Cabinet,2024-08-02,3901.0,2747.42,-1153.58,1,Autumn,0,2025-10-01,555,167,12,132,638,3133796.4,19,147.0,128.0,157.0,141.0,143.0
SKU037,2025-10-27,154,423102.68,2747.4200000000005,1,Product 037,Home Decor,Cabinet,2024-08-02,3901.0,2747.42,-1153.58,0,Autumn,1,2025-10-01,555,167,12,132,638,3133796.4,26,139.0,147.0,140.0,153.0,138.5
SKU037,2025-11-03,171,469808.82,2747.4200000000005,1,Product 037,Home Decor,Cabinet,2024-08-02,3901.0,2747.42,-1153.58,0,Autumn,1,2025-11-01,573,712,13,142,613,3235433.04,2,154.0,139.0,128.0,162.0,142.0
SKU037,2025-11-10,150,412113.0,2747.4200000000005,1,Product 037,Home Decor,Cabinet,2024-08-02,3901.0,2747.42,-1153.58,0,Autumn,1,2025-11-01,573,712,13,142,613,3235433.04,9,171.0,154.0,147.0,161.0,152.75
SKU037,2025-11-17,166,456071.72,2747.4200000000005,1,Product 037,Home Decor,Cabinet,2024-08-02,3901.0,2747.42,-1153.58,0,Autumn,1,2025-11-01,573,712,13,142,613,3235433.04,16,150.0,171.0,139.0,147.0,153.5
SKU037,2025-11-24,144,395628.48,2747.4200000000005,1,Product 037,Home Decor,Cabinet,2024-08-02,3901.0,2747.42,-1153.58,0,Autumn,1,2025-11-01,573,712,13,142,613,3235433.04,23,166.0,150.0,154.0,133.0,160.25
SKU037,2025-12-01,155,425850.10000000003,2747.4200000000005,0,Product 037,Home Decor,Cabinet,2024-08-02,3901.0,2747.42,-1153.58,0,Winter,0,2025-12-01,355,687,8,315,644,2004500.4,0,144.0,166.0,171.0,171.0,157.75
SKU037,2025-12-08,133,365406.86,2747.4200000000005,0,Product 037,Home Decor,Cabinet,2024-08-02,3901.0,2747.42,-1153.58,0,Winter,0,2025-12-01,355,687,8,315,644,2004500.4,7,155.0,144.0,150.0,173.0,153.75
SKU037,2025-12-15,139,381891.38,2747.4200000000005,0,Product 037,Home Decor,Cabinet,2024-08-02,3901.0,2747.42,-1153.58,0,Winter,0,2025-12-01,355,687,8,315,644,2004500.4,14,133.0,155.0,166.0,177.0,149.5
SKU037,2025-12-22,161,442334.62,2747.4200000000005,0,Product 037,Home Decor,Cabinet,2024-08-02,3901.0,2747.42,-1153.58,1,Winter,0,2025-12-01,355,687,8,315,644,2004500.4,21,139.0,133.0,144.0,137.0,142.75
SKU038,2024-01-01,50,197455.0,3949.1,0,Product 038,Kitchen,Rug,2024-06-29,4630.58,3949.1,-681.48,0,Winter,0,2024-01-01,23,21,8,7,15,73666.93,0,,,,,
SKU038,2024-01-08,62,244844.2,3949.1,0,Product 038,Kitchen,Rug,2024-06-29,4630.58,3949.1,-681.48,0,Winter,0,2024-01-01,23,21,8,7,15,73666.93,7,50.0,,,,
SKU038,2024-01-15,50,197455.0,3949.1,0,Product 038,Kitchen,Rug,2024-06-29,4630.58,3949.1,-681.48,0,Winter,0,2024-01-01,23,21,8,7,15,73666.93,14,62.0,50.0,,,
SKU038,2024-01-22,39,154014.9,3949.1,0,Product 038,Kitchen,Rug,2024-06-29,4630.58,3949.1,-681.48,1,Winter,0,2024-01-01,23,21,8,7,15,73666.93,21,50.0,62.0,,,
SKU038,2024-01-29,58,229047.8,3949.1,0,Product 038,Kitchen,Rug,2024-06-29,4630.58,3949.1,-681.48,0,Winter,0,2024-01-01,23,21,8,7,15,73666.93,28,39.0,50.0,50.0,,50.25
SKU038,2024-02-05,48,189556.8,3949.1,0,Product 038,Kitchen,Rug,2024-06-29,4630.58,3949.1,-681.48,0,Winter,0,2024-02-01,301,57,7,75,153,964075.91,4,58.0,39.0,62.0,,52.25
SKU038,2024-02-12,56,221149.6,3949.1,0,Product 038,Kitchen,Rug,2024-06-29,4630.58,3949.1,-681.48,0,Winter,0,2024-02-01,301,57,7,75,153,964075.91,11,48.0,58.0,50.0,,48.75
SKU038,2024-02-19,55,217200.5,3949.1,0,Product 038,Kitchen,Rug,2024-06-29,4630.58,3949.1,-681.48,0,Winter,0,2024-02-01,301,57,7,75,153,964075.91,18,56.0,48.0,39.0,,50.25
SKU038,2024-02-26,54,213251.4,3949.1,1,Product 038,Kitchen,Rug,2024-06-29,4630.58,3949.1,-681.48,0,Winter,1,2024-02-01,301,57,7,75,153,964075.91,25,55.0,56.0,58.0,,54.25
SKU038,2024-03-04,68,268538.8,3949.1,1,Product 038,Kitchen,Rug,2024-06-29,4630.58,3949.1,-681.48,0,Spring,1,2024-03-01,122,61,9,73,184,390755.02,3,54.0,55.0,48.0,,53.25
SKU038,2024-03-11,70,276437.0,3949.1,1,Product 038,Kitchen,Rug,2024-06-29,4630.58,3949.1,-681.48,0,Spring,1,2024-03-01,122,61,9,73,184,390755.02,10,68.0,54.0,56.0,,58.25
SKU038,2024-03-18,64,252742.4,3949.1,1,Product 038,Kitchen,Rug,2024-06-29,4630.58,3949.1,-681.48,0,Spring,1,2024-03-01,122,61,9,73,184,390755.02,17,70.0,68.0,55.0,,61.75
SKU038,2024-03-25,67,264589.7,3949.1,1,Product 038,Kitchen,Rug,2024-06-29,4630.58,3949.1,-681.48,0,Spring,1,2024-03-01,122,61,9,73,184,390755.02,24,64.0,70.0,54.0,,64.0
SKU038,2024-04-01,45,177709.5,3949.1,0,Product 038,Kitchen,Rug,2024-06-29,4630.58,3949.1,-681.48,0,Spring,0,2024-04-01,452,340,12,72,229,1447715.32,0,67.0,64.0,68.0,,67.25
SKU038,2024-04-08,74,292233.4,3949.1,0,Product 038,Kitchen,Rug,2024-06-29,4630.58,3949.1,-681.48,0,Spring,0,2024-04-01,452,340,12,72,229,1447715.32,7,45.0,67.0,70.0,,61.5
SKU038,2024-04-15,56,221149.6,3949.1,0,Product 038,Kitchen,Rug,2024-06-29,4630.58,3949.1,-681.48,0,Spring,0,2024-04-01,452,340,12,72,229,1447715.32,14,74.0,45.0,64.0,,62.5
SKU038,2024-04-22,52,205353.2,3949.1,0,Product 038,Kitchen,Rug,2024-06-29,4630.58,3949.1,-681.48,0,Spring,0,2024-04-01,452,340,12,72,229,1447715.32,21,56.0,74.0,67.0,,60.5
SKU038,2024-04-29,56,221149.6,3949.1,0,Product 038,Kitchen,Rug,2024-06-29,4630.58,3949.1,-681.48,0,Spring,0,2024-04-01,452,340,12,72,229,1447715.32,28,52.0,56.0,45.0,,56.75
SKU038,2024-05-06,62,244844.19999999998,3949.1,0,Product 038,Kitchen,Rug,2024-06-29,4630.58,3949.1,-681.48,0,Summer,0,2024-05-01,305,169,8,81,183,976887.55,5,56.0,52.0,74.0,,59.5
SKU038,2024-05-13,66,260640.6,3949.1,0,Product 038,Kitchen,Rug,2024-06-29,4630.58,3949.1,-681.48,0,Summer,0,2024-05-01,305,169,8,81,183,976887.55,12,62.0,56.0,56.0,,56.5
SKU038,2024-05-20,54,213251.4,3949.1,0,Product 038,Kitchen,Rug,2024-06-29,4630.58,3949.1,-681.48,0,Summer,0,2024-05-01,305,169,8,81,183,976887.55,19,66.0,62.0,52.0,,59.0
SKU038,2024-05-27,67,264589.7,3949.1,1,Product 038,Kitchen,Rug,2024-06-29,4630.58,3949.1,-681.48,0,Summer,1,2024-05-01,305,169,8,81,183,976887.55,26,54.0,66.0,56.0,,59.5
SKU038,2024-06-03,63,248793.3,3949.1,1,Product 038,Kitchen,Rug,2024-06-29,4630.58,3949.1,-681.48,0,Summer,1,2024-06-01,118,237,4,90,140,377943.38,2,67.0,54.0,62.0,,62.25
SKU038,2024-06-10,65,256691.5,3949.1,1,Product 038,Kitchen,Rug,2024-06-29,4630.58,3949.1,-681.48,0,Summer,1,2024-06-01,118,237,4,90,140,377943.38,9,63.0,67.0,66.0,,62.5
SKU038,2024-06-17,50,197455.0,3949.1,1,Product 038,Kitchen,Rug,2024-06-29,4630.58,3949.1,-681.48,0,Summer,1,2024-06-01,118,237,4,90,140,377943.38,16,65.0,63.0,54.0,,62.25
SKU038,2024-06-24,74,292233.4,3949.1,1,Product 038,Kitchen,Rug,2024-06-29,4630.58,3949.1,-681.48,0,Summer,1,2024-06-01,118,237,4,90,140,377943.38,23,50.0,65.0,67.0,,61.25
SKU038,2024-07-01,52,205353.2,3949.1,0,Product 038,Kitchen,Rug,2024-06-29,4630.58,3949.1,-681.48,0,Monsoon,0,2024-07-01,236,82,9,52,164,755886.76,0,74.0,50.0,63.0,,63.0
SKU038,2024-07-08,46,181658.59999999998,3949.1,0,Product 038,Kitchen,Rug,2024-06-29,4630.58,3949.1,-681.48,0,Monsoon,0,2024-07-01,236,82,9,52,164,755886.76,7,52.0,74.0,65.0,,60.25
SKU038,2024-07-15,54,213251.4,3949.1,0,Product 038,Kitchen,Rug,2024-06-29,4630.58,3949.1,-681.48,0,Monsoon,0,2024-07-01,236,82,9,52,164,755886.76,14,46.0,52.0,50.0,,55.5
SKU038,2024-07-22,60,236946.0,3949.1,0,Product 038,Kitchen,Rug,2024-06-29,4630.58,3949.1,-681.48,0,Monsoon,0,2024-07-01,236,82,9,52,164,755886.76,21,54.0,46.0,74.0,,56.5
SKU038,2024-07-29,52,205353.2,3949.1,0,Product 038,Kitchen,Rug,2024-06-29,4630.58,3949.1,-681.48,0,Monsoon,0,2024-07-01,236,82,9,52,164,755886.76,28,60.0,54.0,52.0,,53.0
SKU038,2024-08-05,51,201404.09999999998,3949.1,0,Product 038,Kitchen,Rug,2024-06-29,4630.58,3949.1,-681.48,0,Monsoon,0,2024-08-01,220,369,12,64,193,704640.2,4,52.0,60.0,46.0,,53.0
SKU038,2024-08-12,51,201404.09999999998,3949.1,0,Product 038,Kitchen,Rug,2024-06-29,4630.58,3949.1,-681.48,1,Monsoon,0,2024-08-01,220,369,12,64,193,704640.2,11,51.0,52.0,54.0,,54.25
SKU038,2024-08-19,42,165862.2,3949.1,0,Product 038,Kitchen,Rug,2024-06-29,4630.58,3949.1,-681.48,0,Monsoon,0,2024-08-01,220,369,12,64,193,704640.2,18,51.0,51.0,60.0,,53.5
SKU038,2024-08-26,48,189556.8,3949.1,1,Product 038,Kitchen,Rug,2024-06-29,4630.58,3949.1,-681.48,0,Monsoon,1,2024-08-01,220,369,12,64,193,704640.2,25,42.0,51.0,52.0,,49.0
SKU038,2024-09-02,58,229047.8,3949.1,1,Product 038,Kitchen,Rug,2024-06-29,4630.58,3949.1,-681.48,0,Monsoon,1,2024-09-01,344,177,6,63,122,1101801.04,1,48.0,42.0,51.0,,48.0
SKU038,2024-09-09,47,185607.7,3949.1,1,Product 038,Kitchen,Rug,2024-06-29,4630.58,3949.1,-681.48,0,Monsoon,1,2024-09-01,344,177,6,63,122,1101801.04,8,58.0,48.0,51.0,,49.75
SKU038,2024-09-16,43,169811.3,3949.1,1,Product 038,Kitchen,Rug,2024-06-29,4630.58,3949.1,-681.48,0,Monsoon,1,2024-09-01,344,177,6,63,122,1101801.04,15,47.0,58.0,42.0,,48.75
SKU038,2024-09-23,37,146116.7,3949.1,1,Product 038,Kitchen,Rug,2024-06-29,4630.58,3949.1,-681.48,0,Monsoon,1,2024-09-01,344,177,6,63,122,1101801.04,22,43.0,47.0,48.0,,49.0
SKU038,2024-09-30,41,161913.1,3949.1,0,Product 038,Kitchen,Rug,2024-06-29,4630.58,3949.1,-681.48,0,Monsoon,0,2024-09-01,344,177,6,63,122,1101801.04,29,37.0,43.0,58.0,,46.25
SKU038,2024-10-07,37,146116.7,3949.1,0,Product 038,Kitchen,Rug,2024-06-29,4630.58,3949.1,-681.48,0,Autumn,0,2024-10-01,245,166,9,47,129,784712.95,6,41.0,37.0,47.0,,42.0
SKU038,2024-10-14,52,205353.2,3949.1,0,Product 038,Kitchen,Rug,2024-06-29,4630.58,3949.1,-681.48,0,Autumn,0,2024-10-01,245,166,9,47,129,784712.95,13,37.0,41.0,43.0,,39.5
SKU038,2024-10-21,45,177709.5,3949.1,0,Product 038,Kitchen,Rug,2024-06-29,4630.58,3949.1,-681.48,0,Autumn,0,2024-10-01,245,166,9,47,129,784712.95,20,52.0,37.0,37.0,,41.75
SKU038,2024-10-28,55,217200.5,3949.1,1,Product 038,Kitchen,Rug,2024-06-29,4630.58,3949.1,-681.48,1,Autumn,1,2024-10-01,245,166,9,47,129,784712.95,27,45.0,52.0,41.0,,43.75
SKU038,2024-11-04,34,134269.4,3949.1,1,Product 038,Kitchen,Rug,2024-06-29,4630.58,3949.1,-681.48,0,Autumn,1,2024-11-01,68,270,12,55,172,217797.88,3,55.0,45.0,37.0,,47.25
SKU038,2024-11-11,52,205353.2,3949.1,1,Product 038,Kitchen,Rug,2024-06-29,4630.58,3949.1,-681.48,0,Autumn,1,2024-11-01,68,270,12,55,172,217797.88,10,34.0,55.0,52.0,,46.5
SKU038,2024-11-18,49,193505.9,3949.1,1,Product 038,Kitchen,Rug,2024-06-29,4630.58,3949.1,-681.48,0,Autumn,1,2024-11-01,68,270,12,55,172,217797.88,17,52.0,34.0,45.0,,46.5
SKU038,2024-11-25,34,134269.4,3949.1,1,Product 038,Kitchen,Rug,2024-06-29,4630.58,3949.1,-681.48,0,Autumn,1,2024-11-01,68,270,12,55,172,217797.88,24,49.0,52.0,55.0,,47.5
SKU038,2024-12-02,55,217200.5,3949.1,0,Product 038,Kitchen,Rug,2024-06-29,4630.58,3949.1,-681.48,0,Winter,0,2024-12-01,214,98,6,49,104,685422.74,1,34.0,49.0,34.0,,42.25
SKU038,2024-12-09,56,221149.6,3949.1,0,Product 038,Kitchen,Rug,2024-06-29,4630.58,3949.1,-681.48,0,Winter,0,2024-12-01,214,98,6,49,104,685422.74,8,55.0,34.0,52.0,,47.5
SKU038,2024-12-16,45,177709.5,3949.1,0,Product 038,Kitchen,Rug,2024-06-29,4630.58,3949.1,-681.48,0,Winter,0,2024-12-01,214,98,6,49,104,685422.74,15,56.0,55.0,49.0,,48.5
SKU038,2024-12-23,45,177709.5,3949.1,0,Product 038,Kitchen,Rug,2024-06-29,4630.58,3949.1,-681.48,1,Winter,0,2024-12-01,214,98,6,49,104,685422.74,22,45.0,56.0,34.0,,47.5
SKU038,2024-12-30,57,225098.7,3949.1,0,Product 038,Kitchen,Rug,2024-06-29,4630.58,3949.1,-681.48,0,Winter,0,2024-12-01,214,98,6,49,104,685422.74,29,45.0,45.0,55.0,50.0,50.25
SKU038,2025-01-06,48,189556.8,3949.1,0,Product 038,Kitchen,Rug,2024-06-29,4630.58,3949.1,-681.48,0,Winter,0,2025-01-01,263,300,13,61,187,842365.33,5,57.0,45.0,56.0,62.0,50.75
SKU038,2025-01-13,48,189556.8,3949.1,0,Product 038,Kitchen,Rug,2024-06-29,4630.58,3949.1,-681.48,0,Winter,0,2025-01-01,263,300,13,61,187,842365.33,12,48.0,57.0,45.0,50.0,48.75
SKU038,2025-01-20,42,165862.2,3949.1,0,Product 038,Kitchen,Rug,2024-06-29,4630.58,3949.1,-681.48,1,Winter,0,2025-01-01,263,300,13,61,187,842365.33,19,48.0,48.0,45.0,39.0,49.5
SKU038,2025-01-27,46,181658.6,3949.1,0,Product 038,Kitchen,Rug,2024-06-29,4630.58,3949.1,-681.48,0,Winter,0,2025-01-01,263,300,13,61,187,842365.33,26,42.0,48.0,57.0,58.0,48.75
SKU038,2025-02-03,47,185607.7,3949.1,0,Product 038,Kitchen,Rug,2024-06-29,4630.58,3949.1,-681.48,0,Winter,0,2025-02-01,214,201,4,73,113,685422.74,2,46.0,42.0,48.0,48.0,46.0
SKU038,2025-02-10,55,217200.5,3949.1,0,Product 038,Kitchen,Rug,2024-06-29,4630.58,3949.1,-681.48,0,Winter,0,2025-02-01,214,201,4,73,113,685422.74,9,47.0,46.0,48.0,56.0,45.75
SKU038,2025-02-17,61,240895.1,3949.1,0,Product 038,Kitchen,Rug,2024-06-29,4630.58,3949.1,-681.48,0,Winter,0,2025-02-01,214,201,4,73,113,685422.74,16,55.0,47.0,42.0,55.0,47.5
SKU038,2025-02-24,53,209302.3,3949.1,1,Product 038,Kitchen,Rug,2024-06-29,4630.58,3949.1,-681.48,0,Winter,1,2025-02-01,214,201,4,73,113,685422.74,23,61.0,55.0,46.0,54.0,52.25
SKU038,2025-03-03,59,232996.9,3949.1,1,Product 038,Kitchen,Rug,2024-06-29,4630.58,3949.1,-681.48,0,Spring,1,2025-03-01,290,202,11,45,170,928843.9,2,53.0,61.0,47.0,68.0,54.0
SKU038,2025-03-10,77,304080.7,3949.1,1,Product 038,Kitchen,Rug,2024-06-29,4630.58,3949.1,-681.48,0,Spring,1,2025-03-01,290,202,11,45,170,928843.9,9,59.0,53.0,55.0,70.0,57.0
SKU038,2025-03-17,65,256691.5,3949.1,1,Product 038,Kitchen,Rug,2024-06-29,4630.58,3949.1,-681.48,0,Spring,1,2025-03-01,290,202,11,45,170,928843.9,16,77.0,59.0,61.0,64.0,62.5
SKU038,2025-03-24,59,232996.9,3949.1,1,Product 038,Kitchen,Rug,2024-06-29,4630.58,3949.1,-681.48,0,Spring,1,2025-03-01,290,202,11,45,170,928843.9,23,65.0,77.0,53.0,67.0,63.5
SKU038,2025-03-31,73,288284.3,3949.1,0,Product 038,Kitchen,Rug,2024-06-29,4630.58,3949.1,-681.48,0,Spring,0,2025-03-01,290,202,11,45,170,928843.9,30,59.0,65.0,59.0,45.0,65.0
SKU038,2025-04-07,73,288284.3,3949.1,0,Product 038,Kitchen,Rug,2024-06-29,4630.58,3949.1,-681.48,0,Spring,0,2025-04-01,146,169,13,81,261,467624.86,6,73.0,59.0,77.0,74.0,68.5
SKU038,2025-04-14,71,280386.1,3949.1,0,Product 038,Kitchen,Rug,2024-06-29,4630.58,3949.1,-681.48,0,Spring,0,2025-04-01,146,169,13,81,261,467624.86,13,73.0,73.0,65.0,56.0,67.5
SKU038,2025-04-21,63,248793.3,3949.1,0,Product 038,Kitchen,Rug,2024-06-29,4630.58,3949.1,-681.48,0,Spring,0,2025-04-01,146,169,13,81,261,467624.86,20,71.0,73.0,59.0,52.0,69.0
SKU038,2025-04-28,51,201404.1,3949.1,0,Product 038,Kitchen,Rug,2024-06-29,4630.58,3949.1,-681.48,0,Spring,0,2025-04-01,146,169,13,81,261,467624.86,27,63.0,71.0,73.0,56.0,70.0
SKU038,2025-05-05,67,264589.7,3949.1,0,Product 038,Kitchen,Rug,2024-06-29,4630.58,3949.1,-681.48,0,Summer,0,2025-05-01,111,164,14,48,214,355523.01,4,51.0,63.0,73.0,62.0,64.5
SKU038,2025-05-12,62,244844.2,3949.1,0,Product 038,Kitchen,Rug,2024-06-29,4630.58,3949.1,-681.48,0,Summer,0,2025-05-01,111,164,14,48,214,355523.01,11,67.0,51.0,71.0,66.0,63.0
SKU038,2025-05-19,76,300131.6,3949.1,0,Product 038,Kitchen,Rug,2024-06-29,4630.58,3949.1,-681.48,0,Summer,0,2025-05-01,111,164,14,48,214,355523.01,18,62.0,67.0,63.0,54.0,60.75
SKU038,2025-05-26,60,236946.0,3949.1,1,Product 038,Kitchen,Rug,2024-06-29,4630.58,3949.1,-681.48,0,Summer,1,2025-05-01,111,164,14,48,214,355523.01,25,76.0,62.0,51.0,67.0,64.0
SKU038,2025-06-02,62,244844.2,3949.1,1,Product 038,Kitchen,Rug,2024-06-29,4630.58,3949.1,-681.48,0,Summer,1,2025-06-01,367,137,8,90,187,1175467.97,1,60.0,76.0,67.0,63.0,66.25
SKU038,2025-06-09,58,229047.8,3949.1,1,Product 038,Kitchen,Rug,2024-06-29,4630.58,3949.1,-681.48,0,Summer,1,2025-06-01,367,137,8,90,187,1175467.97,8,62.0,60.0,62.0,65.0,65.0
SKU038,2025-06-16,60,236946.0,3949.1,1,Product 038,Kitchen,Rug,2024-06-29,4630.58,3949.1,-681.48,0,Summer,1,2025-06-01,367,137,8,90,187,1175467.97,15,58.0,62.0,76.0,50.0,64.0
SKU038,2025-06-23,75,296182.5,3949.1,1,Product 038,Kitchen,Rug,2024-06-29,4630.58,3949.1,-681.48,0,Summer,1,2025-06-01,367,137,8,90,187,1175467.97,22,60.0,58.0,60.0,74.0,60.0
SKU038,2025-06-30,57,225098.69999999998,3949.1,0,Product 038,Kitchen,Rug,2024-06-29,4630.58,3949.1,-681.48,0,Summer,0,2025-06-01,367,137,8,90,187,1175467.97,29,75.0,60.0,62.0,52.0,63.75
SKU038,2025-07-07,57,225098.7,3949.1,0,Product 038,Kitchen,Rug,2024-06-29,4630.58,3949.1,-681.48,0,Monsoon,0,2025-07-01,346,93,9,60,177,1108206.86,6,57.0,75.0,58.0,46.0,62.5
SKU038,2025-07-14,59,232996.9,3949.1,0,Product 038,Kitchen,Rug,2024-06-29,4630.58,3949.1,-681.48,0,Monsoon,0,2025-07-01,346,93,9,60,177,1108206.86,13,57.0,57.0,60.0,54.0,62.25
SKU038,2025-07-21,50,197455.0,3949.1,0,Product 038,Kitchen,Rug,2024-06-29,4630.58,3949.1,-681.48,0,Monsoon,0,2025-07-01,346,93,9,60,177,1108206.86,20,59.0,57.0,75.0,60.0,62.0
SKU038,2025-07-28,45,177709.5,3949.1,0,Product 038,Kitchen,Rug,2024-06-29,4630.58,3949.1,-681.48,0,Monsoon,0,2025-07-01,346,93,9,60,177,1108206.86,27,50.0,59.0,57.0,52.0,55.75
SKU038,2025-08-04,42,165862.2,3949.1,0,Product 038,Kitchen,Rug,2024-06-29,4630.58,3949.1,-681.48,0,Monsoon,0,2025-08-01,148,73,11,35,153,474030.68,3,45.0,50.0,57.0,51.0,52.75
SKU038,2025-08-11,60,236946.0,3949.1,0,Product 038,Kitchen,Rug,2024-06-29,4630.58,3949.1,-681.48,1,Monsoon,0,2025-08-01,148,73,11,35,153,474030.68,10,42.0,45.0,59.0,51.0,49.0
SKU038,2025-08-18,47,185607.7,3949.1,0,Product 038,Kitchen,Rug,2024-06-29,4630.58,3949.1,-681.48,0,Monsoon,0,2025-08-01,148,73,11,35,153,474030.68,17,60.0,42.0,50.0,42.0,49.25
SKU038,2025-08-25,49,193505.9,3949.1,0,Product 038,Kitchen,Rug,2024-06-29,4630.58,3949.1,-681.48,0,Monsoon,0,2025-08-01,148,73,11,35,153,474030.68,24,47.0,60.0,45.0,48.0,48.5
SKU038,2025-09-01,48,189556.8,3949.1,1,Product 038,Kitchen,Rug,2024-06-29,4630.58,3949.1,-681.48,0,Monsoon,1,2025-09-01,132,118,7,73,144,422784.12,0,49.0,47.0,42.0,58.0,49.5
SKU038,2025-09-08,47,185607.7,3949.1,1,Product 038,Kitchen,Rug,2024-06-29,4630.58,3949.1,-681.48,0,Monsoon,1,2025-09-01,132,118,7,73,144,422784.12,7,48.0,49.0,60.0,47.0,51.0
SKU038,2025-09-15,40,157964.0,3949.1,1,Product 038,Kitchen,Rug,2024-06-29,4630.58,3949.1,-681.48,0,Monsoon,1,2025-09-01,132,118,7,73,144,422784.12,14,47.0,48.0,47.0,43.0,47.75
SKU038,2025-09-22,49,193505.9,3949.1,1,Product 038,Kitchen,Rug,2024-06-29,4630.58,3949.1,-681.48,0,Monsoon,1,2025-09-01,132,118,7,73,144,422784.12,21,40.0,47.0,49.0,37.0,46.0
SKU038,2025-09-29,40,157964.0,3949.1,0,Product 038,Kitchen,Rug,2024-06-29,4630.58,3949.1,-681.48,0,Monsoon,0,2025-09-01,132,118,7,73,144,422784.12,28,49.0,40.0,48.0,41.0,46.0
SKU038,2025-10-06,48,189556.8,3949.1,0,Product 038,Kitchen,Rug,2024-06-29,4630.58,3949.1,-681.48,0,Autumn,0,2025-10-01,212,80,8,42,118,679016.92,5,40.0,49.0,47.0,37.0,44.0
SKU038,2025-10-13,44,173760.4,3949.1,0,Product 038,Kitchen,Rug,2024-06-29,4630.58,3949.1,-681.48,0,Autumn,0,2025-10-01,212,80,8,42,118,679016.92,12,48.0,40.0,40.0,52.0,44.25
SKU038,2025-10-20,44,173760.4,3949.1,0,Product 038,Kitchen,Rug,2024-06-29,4630.58,3949.1,-681.48,1,Autumn,0,2025-10-01,212,80,8,42,118,679016.92,19,44.0,48.0,49.0,45.0,45.25
SKU038,2025-10-27,37,146116.69999999998,3949.1,1,Product 038,Kitchen,Rug,2024-06-29,4630.58,3949.1,-681.48,0,Autumn,1,2025-10-01,212,80,8,42,118,679016.92,26,44.0,44.0,40.0,55.0,44.0
SKU038,2025-11-03,50,197455.0,3949.1,1,Product 038,Kitchen,Rug,2024-06-29,4630.58,3949.1,-681.48,0,Autumn,1,2025-11-01,60,47,6,32,83,192174.6,2,37.0,44.0,48.0,34.0,43.25
SKU038,2025-11-10,48,189556.8,3949.1,1,Product 038,Kitchen,Rug,2024-06-29,4630.58,3949.1,-681.48,0,Autumn,1,2025-11-01,60,47,6,32,83,192174.6,9,50.0,37.0,44.0,52.0,43.75
SKU038,2025-11-17,61,240895.1,3949.1,1,Product 038,Kitchen,Rug,2024-06-29,4630.58,3949.1,-681.48,0,Autumn,1,2025-11-01,60,47,6,32,83,192174.6,16,48.0,50.0,44.0,49.0,44.75
SKU038,2025-11-24,61,240895.1,3949.1,1,Product 038,Kitchen,Rug,2024-06-29,4630.58,3949.1,-681.48,0,Autumn,1,2025-11-01,60,47,6,32,83,192174.6,23,61.0,48.0,37.0,34.0,49.0
SKU038,2025-12-01,39,154014.9,3949.1,0,Product 038,Kitchen,Rug,2024-06-29,4630.58,3949.1,-681.48,0,Winter,0,2025-12-01,159,310,12,56,175,509262.69,0,61.0,61.0,50.0,55.0,55.0
SKU038,2025-12-08,49,193505.9,3949.1,0,Product 038,Kitchen,Rug,2024-06-29,4630.58,3949.1,-681.48,0,Winter,0,2025-12-01,159,310,12,56,175,509262.69,7,39.0,61.0,48.0,56.0,52.25
SKU038,2025-12-15,49,193505.9,3949.1,0,Product 038,Kitchen,Rug,2024-06-29,4630.58,3949.1,-681.48,0,Winter,0,2025-12-01,159,310,12,56,175,509262.69,14,49.0,39.0,61.0,45.0,52.5
SKU038,2025-12-22,56,221149.59999999998,3949.1,0,Product 038,Kitchen,Rug,2024-06-29,4630.58,3949.1,-681.48,1,Winter,0,2025-12-01,159,310,12,56,175,509262.69,21,49.0,49.0,61.0,45.0,49.5
SKU039,2024-01-01,24,170854.8,7118.95,0,Product 039,Lighting,Organizer,2022-11-01,6178.74,7118.95,940.21,0,Winter,0,2024-01-01,17,25,14,6,20,51918.85,0,,,,,
SKU039,2024-01-08,16,113903.2,7118.95,0,Product 039,Lighting,Organizer,2022-11-01,6178.74,7118.95,940.21,0,Winter,0,2024-01-01,17,25,14,6,20,51918.85,7,24.0,,,,
SKU039,2024-01-15,16,113903.2,7118.95,0,Product 039,Lighting,Organizer,2022-11-01,6178.74,7118.95,940.21,0,Winter,0,2024-01-01,17,25,14,6,20,51918.85,14,16.0,24.0,,,
SKU039,2024-01-22,20,142379.0,7118.95,0,Product 039,Lighting,Organizer,2022-11-01,6178.74,7118.95,940.21,1,Winter,0,2024-01-01,17,25,14,6,20,51918.85,21,16.0,16.0,,,
SKU039,2024-01-29,27,192211.65,7118.95,0,Product 039,Lighting,Organizer,2022-11-01,6178.74,7118.95,940.21,0,Winter,0,2024-01-01,17,25,14,6,20,51918.85,28,20.0,16.0,24.0,,19.0
SKU039,2024-02-05,21,149497.95,7118.95,0,Product 039,Lighting,Organizer,2022-11-01,6178.74,7118.95,940.21,0,Winter,0,2024-02-01,24,111,5,33,56,73297.2,4,27.0,20.0,16.0,,19.75
SKU039,2024-02-12,28,199330.59999999998,7118.95,0,Product 039,Lighting,Organizer,2022-11-01,6178.74,7118.95,940.21,0,Winter,0,2024-02-01,24,111,5,33,56,73297.2,11,21.0,27.0,16.0,,21.0
SKU039,2024-02-19,30,213568.5,7118.95,0,Product 039,Lighting,Organizer,2022-11-01,6178.74,7118.95,940.21,0,Winter,0,2024-02-01,24,111,5,33,56,73297.2,18,28.0,21.0,20.0,,24.0
SKU039,2024-02-26,25,177973.75,7118.95,1,Product 039,Lighting,Organizer,2022-11-01,6178.74,7118.95,940.21,0,Winter,1,2024-02-01,24,111,5,33,56,73297.2,25,30.0,28.0,27.0,,26.5
SKU039,2024-03-04,24,170854.8,7118.95,1,Product 039,Lighting,Organizer,2022-11-01,6178.74,7118.95,940.21,0,Spring,1,2024-03-01,71,87,6,30,66,216837.55,3,25.0,30.0,21.0,,26.0
SKU039,2024-03-11,34,242044.3,7118.95,1,Product 039,Lighting,Organizer,2022-11-01,6178.74,7118.95,940.21,0,Spring,1,2024-03-01,71,87,6,30,66,216837.55,10,24.0,25.0,28.0,,26.75
SKU039,2024-03-18,27,192211.65,7118.95,1,Product 039,Lighting,Organizer,2022-11-01,6178.74,7118.95,940.21,0,Spring,1,2024-03-01,71,87,6,30,66,216837.55,17,34.0,24.0,30.0,,28.25
SKU039,2024-03-25,22,156616.9,7118.95,1,Product 039,Lighting,Organizer,2022-11-01,6178.74,7118.95,940.21,0,Spring,1,2024-03-01,71,87,6,30,66,216837.55,24,27.0,34.0,25.0,,27.5
SKU039,2024-04-01,30,213568.5,7118.95,0,Product 039,Lighting,Organizer,2022-11-01,6178.74,7118.95,940.21,0,Spring,0,2024-04-01,135,16,10,21,85,412296.75,0,22.0,27.0,24.0,,26.75
SKU039,2024-04-08,31,220687.45,7118.95,0,Product 039,Lighting,Organizer,2022-11-01,6178.74,7118.95,940.21,0,Spring,0,2024-04-01,135,16,10,21,85,412296.75,7,30.0,22.0,34.0,,28.25
SKU039,2024-04-15,17,121022.15,7118.95,0,Product 039,Lighting,Organizer,2022-11-01,6178.74,7118.95,940.21,0,Spring,0,2024-04-01,135,16,10,21,85,412296.75,14,31.0,30.0,27.0,,27.5
SKU039,2024-04-22,29,206449.55,7118.95,0,Product 039,Lighting,Organizer,2022-11-01,6178.74,7118.95,940.21,0,Spring,0,2024-04-01,135,16,10,21,85,412296.75,21,17.0,31.0,22.0,,25.0
SKU039,2024-04-29,21,149497.95,7118.95,0,Product 039,Lighting,Organizer,2022-11-01,6178.74,7118.95,940.21,0,Spring,0,2024-04-01,135,16,10,21,85,412296.75,28,29.0,17.0,30.0,,26.75
SKU039,2024-05-06,29,206449.55,7118.95,0,Product 039,Lighting,Organizer,2022-11-01,6178.74,7118.95,940.21,0,Summer,0,2024-05-01,143,155,7,47,92,436729.15,5,21.0,29.0,31.0,,24.5
SKU039,2024-05-13,27,192211.65,7118.95,0,Product 039,Lighting,Organizer,2022-11-01,6178.74,7118.95,940.21,0,Summer,0,2024-05-01,143,155,7,47,92,436729.15,12,29.0,21.0,17.0,,24.0
SKU039,2024-05-20,25,177973.75,7118.95,0,Product 039,Lighting,Organizer,2022-11-01,6178.74,7118.95,940.21,0,Summer,0,2024-05-01,143,155,7,47,92,436729.15,19,27.0,29.0,29.0,,26.5
SKU039,2024-05-27,27,192211.65,7118.95,1,Product 039,Lighting,Organizer,2022-11-01,6178.74,7118.95,940.21,0,Summer,1,2024-05-01,143,155,7,47,92,436729.15,26,25.0,27.0,21.0,,25.5
SKU039,2024-06-03,25,177973.75,7118.95,1,Product 039,Lighting,Organizer,2022-11-01,6178.74,7118.95,940.21,0,Summer,1,2024-06-01,171,195,10,42,112,522242.55,2,27.0,25.0,29.0,,27.0
SKU039,2024-06-10,24,170854.8,7118.95,1,Product 039,Lighting,Organizer,2022-11-01,6178.74,7118.95,940.21,0,Summer,1,2024-06-01,171,195,10,42,112,522242.55,9,25.0,27.0,27.0,,26.0
SKU039,2024-06-17,25,177973.75,7118.95,1,Product 039,Lighting,Organizer,2022-11-01,6178.74,7118.95,940.21,0,Summer,1,2024-06-01,171,195,10,42,112,522242.55,16,24.0,25.0,25.0,,25.25
SKU039,2024-06-24,21,149497.94999999998,7118.95,1,Product 039,Lighting,Organizer,2022-11-01,6178.74,7118.95,940.21,0,Summer,1,2024-06-01,171,195,10,42,112,522242.55,23,25.0,24.0,27.0,,25.25
SKU039,2024-07-01,21,149497.94999999998,7118.95,0,Product 039,Lighting,Organizer,2022-11-01,6178.74,7118.95,940.21,0,Monsoon,0,2024-07-01,91,63,5,53,87,277918.55,0,21.0,25.0,25.0,,23.75
SKU039,2024-07-08,18,128141.09999999999,7118.95,0,Product 039,Lighting,Organizer,2022-11-01,6178.74,7118.95,940.21,0,Monsoon,0,2024-07-01,91,63,5,53,87,277918.55,7,21.0,21.0,24.0,,22.75
SKU039,2024-07-15,18,128141.09999999999,7118.95,0,Product 039,Lighting,Organizer,2022-11-01,6178.74,7118.95,940.21,0,Monsoon,0,2024-07-01,91,63,5,53,87,277918.55,14,18.0,21.0,25.0,,21.25
SKU039,2024-07-22,16,113903.2,7118.95,0,Product 039,Lighting,Organizer,2022-11-01,6178.74,7118.95,940.21,0,Monsoon,0,2024-07-01,91,63,5,53,87,277918.55,21,18.0,18.0,21.0,,19.5
SKU039,2024-07-29,15,106784.25,7118.95,0,Product 039,Lighting,Organizer,2022-11-01,6178.74,7118.95,940.21,0,Monsoon,0,2024-07-01,91,63,5,53,87,277918.55,28,16.0,18.0,21.0,,18.25
SKU039,2024-08-05,16,113903.2,7118.95,0,Product 039,Lighting,Organizer,2022-11-01,6178.74,7118.95,940.21,0,Monsoon,0,2024-08-01,96,13,4,27,46,293188.8,4,15.0,16.0,18.0,,16.75
SKU039,2024-08-12,24,170854.8,7118.95,0,Product 039,Lighting,Organizer,2022-11-01,6178.74,7118.95,940.21,1,Monsoon,0,2024-08-01,96,13,4,27,46,293188.8,11,16.0,15.0,18.0,,16.25
SKU039,2024-08-19,29,206449.55,7118.95,0,Product 039,Lighting,Organizer,2022-11-01,6178.74,7118.95,940.21,0,Monsoon,0,2024-08-01,96,13,4,27,46,293188.8,18,24.0,16.0,16.0,,17.75
SKU039,2024-08-26,16,113903.2,7118.95,1,Product 039,Lighting,Organizer,2022-11-01,6178.74,7118.95,940.21,0,Monsoon,1,2024-08-01,96,13,4,27,46,293188.8,25,29.0,24.0,15.0,,21.0
SKU039,2024-09-02,26,185092.69999999998,7118.95,1,Product 039,Lighting,Organizer,2022-11-01,6178.74,7118.95,940.21,0,Monsoon,1,2024-09-01,79,57,9,40,85,241269.95,1,16.0,29.0,16.0,,21.25
SKU039,2024-09-09,22,156616.9,7118.95,1,Product 039,Lighting,Organizer,2022-11-01,6178.74,7118.95,940.21,0,Monsoon,1,2024-09-01,79,57,9,40,85,241269.95,8,26.0,16.0,24.0,,23.75
SKU039,2024-09-16,22,156616.9,7118.95,1,Product 039,Lighting,Organizer,2022-11-01,6178.74,7118.95,940.21,0,Monsoon,1,2024-09-01,79,57,9,40,85,241269.95,15,22.0,26.0,29.0,,23.25
SKU039,2024-09-23,24,170854.8,7118.95,1,Product 039,Lighting,Organizer,2022-11-01,6178.74,7118.95,940.21,0,Monsoon,1,2024-09-01,79,57,9,40,85,241269.95,22,22.0,22.0,16.0,,21.5
SKU039,2024-09-30,16,113903.2,7118.95,0,Product 039,Lighting,Organizer,2022-11-01,6178.74,7118.95,940.21,0,Monsoon,0,2024-09-01,79,57,9,40,85,241269.95,29,24.0,22.0,26.0,,23.5
SKU039,2024-10-07,9,64070.55,7118.95,0,Product 039,Lighting,Organizer,2022-11-01,6178.74,7118.95,940.21,0,Autumn,0,2024-10-01,108,124,13,27,89,329837.4,6,16.0,24.0,22.0,,21.0
SKU039,2024-10-14,18,128141.1,7118.95,0,Product 039,Lighting,Organizer,2022-11-01,6178.74,7118.95,940.21,0,Autumn,0,2024-10-01,108,124,13,27,89,329837.4,13,9.0,16.0,22.0,,17.75
SKU039,2024-10-21,19,135260.05,7118.95,0,Product 039,Lighting,Organizer,2022-11-01,6178.74,7118.95,940.21,0,Autumn,0,2024-10-01,108,124,13,27,89,329837.4,20,18.0,9.0,24.0,,16.75
SKU039,2024-10-28,21,149497.95,7118.95,1,Product 039,Lighting,Organizer,2022-11-01,6178.74,7118.95,940.21,1,Autumn,1,2024-10-01,108,124,13,27,89,329837.4,27,19.0,18.0,16.0,,15.5
SKU039,2024-11-04,24,170854.8,7118.95,1,Product 039,Lighting,Organizer,2022-11-01,6178.74,7118.95,940.21,0,Autumn,1,2024-11-01,63,55,5,29,52,192405.15,3,21.0,19.0,9.0,,16.75
SKU039,2024-11-11,18,128141.09999999999,7118.95,1,Product 039,Lighting,Organizer,2022-11-01,6178.74,7118.95,940.21,0,Autumn,1,2024-11-01,63,55,5,29,52,192405.15,10,24.0,21.0,18.0,,20.5
SKU039,2024-11-18,24,170854.8,7118.95,1,Product 039,Lighting,Organizer,2022-11-01,6178.74,7118.95,940.21,0,Autumn,1,2024-11-01,63,55,5,29,52,192405.15,17,18.0,24.0,19.0,,20.5
SKU039,2024-11-25,11,78308.45,7118.95,1,Product 039,Lighting,Organizer,2022-11-01,6178.74,7118.95,940.21,0,Autumn,1,2024-11-01,63,55,5,29,52,192405.15,24,24.0,18.0,21.0,,21.75
SKU039,2024-12-02,14,99665.29999999999,7118.95,0,Product 039,Lighting,Organizer,2022-11-01,6178.74,7118.95,940.21,0,Winter,0,2024-12-01,104,20,4,16,35,317621.2,1,11.0,24.0,24.0,,19.25
SKU039,2024-12-09,17,121022.15,7118.95,0,Product 039,Lighting,Organizer,2022-11-01,6178.74,7118.95,940.21,0,Winter,0,2024-12-01,104,20,4,16,35,317621.2,8,14.0,11.0,18.0,,16.75
SKU039,2024-12-16,13,92546.35,7118.95,0,Product 039,Lighting,Organizer,2022-11-01,6178.74,7118.95,940.21,0,Winter,0,2024-12-01,104,20,4,16,35,317621.2,15,17.0,14.0,24.0,,16.5
SKU039,2024-12-23,16,113903.2,7118.95,0,Product 039,Lighting,Organizer,2022-11-01,6178.74,7118.95,940.21,1,Winter,0,2024-12-01,104,20,4,16,35,317621.2,22,13.0,17.0,11.0,,13.75
SKU039,2024-12-30,13,92546.34999999999,7118.95,0,Product 039,Lighting,Organizer,2022-11-01,6178.74,7118.95,940.21,0,Winter,0,2024-12-01,104,20,4,16,35,317621.2,29,16.0,13.0,14.0,24.0,15.0
SKU039,2025-01-06,25,177973.75,7118.95,0,Product 039,Lighting,Organizer,2022-11-01,6178.74,7118.95,940.21,0,Winter,0,2025-01-01,45,5,11,28,92,137432.25,5,13.0,16.0,17.0,16.0,14.75
SKU039,2025-01-13,25,177973.75,7118.95,0,Product 039,Lighting,Organizer,2022-11-01,6178.74,7118.95,940.21,0,Winter,0,2025-01-01,45,5,11,28,92,137432.25,12,25.0,13.0,13.0,16.0,16.75
SKU039,2025-01-20,24,170854.8,7118.95,0,Product 039,Lighting,Organizer,2022-11-01,6178.74,7118.95,940.21,1,Winter,0,2025-01-01,45,5,11,28,92,137432.25,19,25.0,25.0,16.0,20.0,19.75
SKU039,2025-01-27,25,177973.75,7118.95,0,Product 039,Lighting,Organizer,2022-11-01,6178.74,7118.95,940.21,0,Winter,0,2025-01-01,45,5,11,28,92,137432.25,26,24.0,25.0,13.0,27.0,21.75
SKU039,2025-02-03,26,185092.7,7118.95,0,Product 039,Lighting,Organizer,2022-11-01,6178.74,7118.95,940.21,0,Winter,0,2025-02-01,166,63,11,26,91,506972.3,2,25.0,24.0,25.0,21.0,24.75
SKU039,2025-02-10,29,206449.55,7118.95,0,Product 039,Lighting,Organizer,2022-11-01,6178.74,7118.95,940.21,0,Winter,0,2025-02-01,166,63,11,26,91,506972.3,9,26.0,25.0,25.0,28.0,25.0
SKU039,2025-02-17,18,128141.09999999999,7118.95,0,Product 039,Lighting,Organizer,2022-11-01,6178.74,7118.95,940.21,0,Winter,0,2025-02-01,166,63,11,26,91,506972.3,16,29.0,26.0,24.0,30.0,26.0
SKU039,2025-02-24,28,199330.6,7118.95,1,Product 039,Lighting,Organizer,2022-11-01,6178.74,7118.95,940.21,0,Winter,1,2025-02-01,166,63,11,26,91,506972.3,23,18.0,29.0,25.0,25.0,24.5
SKU039,2025-03-03,31,220687.45,7118.95,1,Product 039,Lighting,Organizer,2022-11-01,6178.74,7118.95,940.21,0,Spring,1,2025-03-01,154,181,13,32,107,470323.7,2,28.0,18.0,26.0,24.0,25.25
SKU039,2025-03-10,20,142379.0,7118.95,1,Product 039,Lighting,Organizer,2022-11-01,6178.74,7118.95,940.21,0,Spring,1,2025-03-01,154,181,13,32,107,470323.7,9,31.0,28.0,29.0,34.0,26.5
SKU039,2025-03-17,23,163735.85,7118.95,1,Product 039,Lighting,Organizer,2022-11-01,6178.74,7118.95,940.21,0,Spring,1,2025-03-01,154,181,13,32,107,470323.7,16,20.0,31.0,18.0,27.0,24.25
SKU039,2025-03-24,20,142379.0,7118.95,1,Product 039,Lighting,Organizer,2022-11-01,6178.74,7118.95,940.21,0,Spring,1,2025-03-01,154,181,13,32,107,470323.7,23,23.0,20.0,28.0,22.0,25.5
SKU039,2025-03-31,27,192211.65,7118.95,0,Product 039,Lighting,Organizer,2022-11-01,6178.74,7118.95,940.21,0,Spring,0,2025-03-01,154,181,13,32,107,470323.7,30,20.0,23.0,31.0,30.0,23.5
SKU039,2025-04-07,24,170854.8,7118.95,0,Product 039,Lighting,Organizer,2022-11-01,6178.74,7118.95,940.21,0,Spring,0,2025-04-01,71,63,3,42,61,216837.55,6,27.0,20.0,20.0,31.0,22.5
SKU039,2025-04-14,24,170854.8,7118.95,0,Product 039,Lighting,Organizer,2022-11-01,6178.74,7118.95,940.21,0,Spring,0,2025-04-01,71,63,3,42,61,216837.55,13,24.0,27.0,23.0,17.0,23.5
SKU039,2025-04-21,18,128141.09999999999,7118.95,0,Product 039,Lighting,Organizer,2022-11-01,6178.74,7118.95,940.21,0,Spring,0,2025-04-01,71,63,3,42,61,216837.55,20,24.0,24.0,20.0,29.0,23.75
SKU039,2025-04-28,23,163735.85,7118.95,0,Product 039,Lighting,Organizer,2022-11-01,6178.74,7118.95,940.21,0,Spring,0,2025-04-01,71,63,3,42,61,216837.55,27,18.0,24.0,27.0,21.0,23.25
SKU039,2025-05-05,33,234925.35,7118.95,0,Product 039,Lighting,Organizer,2022-11-01,6178.74,7118.95,940.21,0,Summer,0,2025-05-01,95,38,5,25,59,290134.75,4,23.0,18.0,24.0,29.0,22.25
SKU039,2025-05-12,29,206449.55,7118.95,0,Product 039,Lighting,Organizer,2022-11-01,6178.74,7118.95,940.21,0,Summer,0,2025-05-01,95,38,5,25,59,290134.75,11,33.0,23.0,24.0,27.0,24.5
SKU039,2025-05-19,24,170854.8,7118.95,0,Product 039,Lighting,Organizer,2022-11-01,6178.74,7118.95,940.21,0,Summer,0,2025-05-01,95,38,5,25,59,290134.75,18,29.0,33.0,18.0,25.0,25.75
SKU039,2025-05-26,20,142379.0,7118.95,1,Product 039,Lighting,Organizer,2022-11-01,6178.74,7118.95,940.21,0,Summer,1,2025-05-01,95,38,5,25,59,290134.75,25,24.0,29.0,23.0,27.0,27.25
SKU039,2025-06-02,26,185092.7,7118.95,1,Product 039,Lighting,Organizer,2022-11-01,6178.74,7118.95,940.21,0,Summer,1,2025-06-01,231,38,9,40,103,705485.55,1,20.0,24.0,33.0,25.0,26.5
SKU039,2025-06-09,26,185092.69999999998,7118.95,1,Product 039,Lighting,Organizer,2022-11-01,6178.74,7118.95,940.21,0,Summer,1,2025-06-01,231,38,9,40,103,705485.55,8,26.0,20.0,29.0,24.0,24.75
SKU039,2025-06-16,32,227806.4,7118.95,1,Product 039,Lighting,Organizer,2022-11-01,6178.74,7118.95,940.21,0,Summer,1,2025-06-01,231,38,9,40,103,705485.55,15,26.0,26.0,24.0,25.0,24.0
SKU039,2025-06-23,31,220687.44999999998,7118.95,1,Product 039,Lighting,Organizer,2022-11-01,6178.74,7118.95,940.21,0,Summer,1,2025-06-01,231,38,9,40,103,705485.55,22,32.0,26.0,20.0,21.0,26.0
SKU039,2025-06-30,19,135260.05,7118.95,0,Product 039,Lighting,Organizer,2022-11-01,6178.74,7118.95,940.21,0,Summer,0,2025-06-01,231,38,9,40,103,705485.55,29,31.0,32.0,26.0,21.0,28.75
SKU039,2025-07-07,24,170854.8,7118.95,0,Product 039,Lighting,Organizer,2022-11-01,6178.74,7118.95,940.21,0,Monsoon,0,2025-07-01,122,64,4,43,65,372594.1,6,19.0,31.0,26.0,18.0,27.0
SKU039,2025-07-14,18,128141.09999999999,7118.95,0,Product 039,Lighting,Organizer,2022-11-01,6178.74,7118.95,940.21,0,Monsoon,0,2025-07-01,122,64,4,43,65,372594.1,13,24.0,19.0,32.0,18.0,26.5
SKU039,2025-07-21,34,242044.3,7118.95,0,Product 039,Lighting,Organizer,2022-11-01,6178.74,7118.95,940.21,0,Monsoon,0,2025-07-01,122,64,4,43,65,372594.1,20,18.0,24.0,31.0,16.0,23.0
SKU039,2025-07-28,23,163735.85,7118.95,0,Product 039,Lighting,Organizer,2022-11-01,6178.74,7118.95,940.21,0,Monsoon,0,2025-07-01,122,64,4,43,65,372594.1,27,34.0,18.0,19.0,15.0,23.75
SKU039,2025-08-04,23,163735.85,7118.95,0,Product 039,Lighting,Organizer,2022-11-01,6178.74,7118.95,940.21,0,Monsoon,0,2025-08-01,127,181,11,41,107,387864.35,3,23.0,34.0,24.0,16.0,24.75
SKU039,2025-08-11,20,142379.0,7118.95,0,Product 039,Lighting,Organizer,2022-11-01,6178.74,7118.95,940.21,1,Monsoon,0,2025-08-01,127,181,11,41,107,387864.35,10,23.0,23.0,18.0,24.0,24.5
SKU039,2025-08-18,18,128141.1,7118.95,0,Product 039,Lighting,Organizer,2022-11-01,6178.74,7118.95,940.21,0,Monsoon,0,2025-08-01,127,181,11,41,107,387864.35,17,20.0,23.0,34.0,29.0,25.0
SKU039,2025-08-25,13,92546.34999999999,7118.95,0,Product 039,Lighting,Organizer,2022-11-01,6178.74,7118.95,940.21,0,Monsoon,0,2025-08-01,127,181,11,41,107,387864.35,24,18.0,20.0,23.0,16.0,21.0
SKU039,2025-09-01,17,121022.15,7118.95,1,Product 039,Lighting,Organizer,2022-11-01,6178.74,7118.95,940.21,0,Monsoon,1,2025-09-01,67,150,14,32,107,204621.35,0,13.0,18.0,23.0,26.0,18.5
SKU039,2025-09-08,20,142379.0,7118.95,1,Product 039,Lighting,Organizer,2022-11-01,6178.74,7118.95,940.21,0,Monsoon,1,2025-09-01,67,150,14,32,107,204621.35,7,17.0,13.0,20.0,22.0,17.0
SKU039,2025-09-15,18,128141.09999999999,7118.95,1,Product 039,Lighting,Organizer,2022-11-01,6178.74,7118.95,940.21,0,Monsoon,1,2025-09-01,67,150,14,32,107,204621.35,14,20.0,17.0,18.0,22.0,17.0
SKU039,2025-09-22,25,177973.75,7118.95,1,Product 039,Lighting,Organizer,2022-11-01,6178.74,7118.95,940.21,0,Monsoon,1,2025-09-01,67,150,14,32,107,204621.35,21,18.0,20.0,13.0,24.0,17.0
SKU039,2025-09-29,26,185092.69999999998,7118.95,0,Product 039,Lighting,Organizer,2022-11-01,6178.74,7118.95,940.21,0,Monsoon,0,2025-09-01,67,150,14,32,107,204621.35,28,25.0,18.0,17.0,16.0,20.0
SKU039,2025-10-06,17,121022.15,7118.95,0,Product 039,Lighting,Organizer,2022-11-01,6178.74,7118.95,940.21,0,Autumn,0,2025-10-01,135,113,4,43,65,412296.75,5,26.0,25.0,20.0,9.0,22.25
SKU039,2025-10-13,16,113903.2,7118.95,0,Product 039,Lighting,Organizer,2022-11-01,6178.74,7118.95,940.21,0,Autumn,0,2025-10-01,135,113,4,43,65,412296.75,12,17.0,26.0,18.0,18.0,21.5
SKU039,2025-10-20,19,135260.05,7118.95,0,Product 039,Lighting,Organizer,2022-11-01,6178.74,7118.95,940.21,1,Autumn,0,2025-10-01,135,113,4,43,65,412296.75,19,16.0,17.0,25.0,19.0,21.0
SKU039,2025-10-27,18,128141.09999999999,7118.95,1,Product 039,Lighting,Organizer,2022-11-01,6178.74,7118.95,940.21,0,Autumn,1,2025-10-01,135,113,4,43,65,412296.75,26,19.0,16.0,26.0,21.0,19.5
SKU039,2025-11-03,18,128141.09999999999,7118.95,1,Product 039,Lighting,Organizer,2022-11-01,6178.74,7118.95,940.21,0,Autumn,1,2025-11-01,152,94,6,20,53,464215.6,2,18.0,19.0,17.0,24.0,17.5
SKU039,2025-11-10,24,170854.8,7118.95,1,Product 039,Lighting,Organizer,2022-11-01,6178.74,7118.95,940.21,0,Autumn,1,2025-11-01,152,94,6,20,53,464215.6,9,18.0,18.0,16.0,18.0,17.75
SKU039,2025-11-17,18,128141.1,7118.95,1,Product 039,Lighting,Organizer,2022-11-01,6178.74,7118.95,940.21,0,Autumn,1,2025-11-01,152,94,6,20,53,464215.6,16,24.0,18.0,19.0,24.0,19.75
SKU039,2025-11-24,13,92546.35,7118.95,1,Product 039,Lighting,Organizer,2022-11-01,6178.74,7118.95,940.21,0,Autumn,1,2025-11-01,152,94,6,20,53,464215.6,23,18.0,24.0,18.0,11.0,19.5
SKU039,2025-12-01,23,163735.85,7118.95,0,Product 039,Lighting,Organizer,2022-11-01,6178.74,7118.95,940.21,0,Winter,0,2025-12-01,93,35,3,17,31,284026.65,0,13.0,18.0,18.0,14.0,18.25
SKU039,2025-12-08,15,106784.25,7118.95,0,Product 039,Lighting,Organizer,2022-11-01,6178.74,7118.95,940.21,0,Winter,0,2025-12-01,93,35,3,17,31,284026.65,7,23.0,13.0,24.0,17.0,19.5
SKU039,2025-12-15,12,85427.4,7118.95,0,Product 039,Lighting,Organizer,2022-11-01,6178.74,7118.95,940.21,0,Winter,0,2025-12-01,93,35,3,17,31,284026.65,14,15.0,23.0,18.0,13.0,17.25
SKU039,2025-12-22,21,149497.94999999998,7118.95,0,Product 039,Lighting,Organizer,2022-11-01,6178.74,7118.95,940.21,1,Winter,0,2025-12-01,93,35,3,17,31,284026.65,21,12.0,15.0,13.0,16.0,15.75
SKU040,2024-01-01,104,254858.24,2450.56,0,Product 040,Storage,Sofa,2023-11-26,5169.07,2450.56,-2718.51,0,Winter,0,2024-01-01,22,0,4,5,10,25620.1,0,,,,,
SKU040,2024-01-08,116,284264.95999999996,2450.56,0,Product 040,Storage,Sofa,2023-11-26,5169.07,2450.56,-2718.51,0,Winter,0,2024-01-01,22,0,4,5,10,25620.1,7,104.0,,,,
SKU040,2024-01-15,105,257308.8,2450.56,0,Product 040,Storage,Sofa,2023-11-26,5169.07,2450.56,-2718.51,0,Winter,0,2024-01-01,22,0,4,5,10,25620.1,14,116.0,104.0,,,
SKU040,2024-01-22,92,225451.52,2450.56,0,Product 040,Storage,Sofa,2023-11-26,5169.07,2450.56,-2718.51,1,Winter,0,2024-01-01,22,0,4,5,10,25620.1,21,105.0,116.0,,,
SKU040,2024-01-29,118,289166.08,2450.56,0,Product 040,Storage,Sofa,2023-11-26,5169.07,2450.56,-2718.51,0,Winter,0,2024-01-01,22,0,4,5,10,25620.1,28,92.0,105.0,104.0,,104.25
SKU040,2024-02-05,117,286715.51999999996,2450.56,0,Product 040,Storage,Sofa,2023-11-26,5169.07,2450.56,-2718.51,0,Winter,0,2024-02-01,67,68,3,36,55,78024.85,4,118.0,92.0,116.0,,107.75
SKU040,2024-02-12,122,298968.32,2450.56,0,Product 040,Storage,Sofa,2023-11-26,5169.07,2450.56,-2718.51,0,Winter,0,2024-02-01,67,68,3,36,55,78024.85,11,117.0,118.0,105.0,,108.0
SKU040,2024-02-19,110,269561.6,2450.56,0,Product 040,Storage,Sofa,2023-11-26,5169.07,2450.56,-2718.51,0,Winter,0,2024-02-01,67,68,3,36,55,78024.85,18,122.0,117.0,92.0,,112.25
SKU040,2024-02-26,137,335726.72,2450.56,1,Product 040,Storage,Sofa,2023-11-26,5169.07,2450.56,-2718.51,0,Winter,1,2024-02-01,67,68,3,36,55,78024.85,25,110.0,122.0,118.0,,116.75
SKU040,2024-03-04,114,279363.83999999997,2450.56,1,Product 040,Storage,Sofa,2023-11-26,5169.07,2450.56,-2718.51,0,Spring,1,2024-03-01,86,155,9,38,97,100151.3,3,137.0,110.0,117.0,,121.5
SKU040,2024-03-11,140,343078.4,2450.56,1,Product 040,Storage,Sofa,2023-11-26,5169.07,2450.56,-2718.51,0,Spring,1,2024-03-01,86,155,9,38,97,100151.3,10,114.0,137.0,122.0,,120.75
SKU040,2024-03-18,173,423946.88,2450.56,1,Product 040,Storage,Sofa,2023-11-26,5169.07,2450.56,-2718.51,0,Spring,1,2024-03-01,86,155,9,38,97,100151.3,17,140.0,114.0,110.0,,125.25
SKU040,2024-03-25,147,360232.32,2450.56,1,Product 040,Storage,Sofa,2023-11-26,5169.07,2450.56,-2718.51,0,Spring,1,2024-03-01,86,155,9,38,97,100151.3,24,173.0,140.0,137.0,,141.0
SKU040,2024-04-01,109,267111.04,2450.56,0,Product 040,Storage,Sofa,2023-11-26,5169.07,2450.56,-2718.51,0,Spring,0,2024-04-01,185,32,5,37,79,215441.75,0,147.0,173.0,114.0,,143.5
SKU040,2024-04-08,126,308770.56,2450.56,0,Product 040,Storage,Sofa,2023-11-26,5169.07,2450.56,-2718.51,0,Spring,0,2024-04-01,185,32,5,37,79,215441.75,7,109.0,147.0,140.0,,142.25
SKU040,2024-04-15,131,321023.36,2450.56,0,Product 040,Storage,Sofa,2023-11-26,5169.07,2450.56,-2718.51,0,Spring,0,2024-04-01,185,32,5,37,79,215441.75,14,126.0,109.0,173.0,,138.75
SKU040,2024-04-22,117,286715.52,2450.56,0,Product 040,Storage,Sofa,2023-11-26,5169.07,2450.56,-2718.51,0,Spring,0,2024-04-01,185,32,5,37,79,215441.75,21,131.0,126.0,147.0,,128.25
SKU040,2024-04-29,119,291616.64,2450.56,0,Product 040,Storage,Sofa,2023-11-26,5169.07,2450.56,-2718.51,0,Spring,0,2024-04-01,185,32,5,37,79,215441.75,28,117.0,131.0,109.0,,120.75
SKU040,2024-05-06,125,306320.0,2450.56,0,Product 040,Storage,Sofa,2023-11-26,5169.07,2450.56,-2718.51,0,Summer,0,2024-05-01,222,98,11,45,124,258530.1,5,119.0,117.0,126.0,,123.25
SKU040,2024-05-13,108,264660.48,2450.56,0,Product 040,Storage,Sofa,2023-11-26,5169.07,2450.56,-2718.51,0,Summer,0,2024-05-01,222,98,11,45,124,258530.1,12,125.0,119.0,131.0,,123.0
SKU040,2024-05-20,119,291616.64,2450.56,0,Product 040,Storage,Sofa,2023-11-26,5169.07,2450.56,-2718.51,0,Summer,0,2024-05-01,222,98,11,45,124,258530.1,19,108.0,125.0,117.0,,117.25
SKU040,2024-05-27,135,330825.6,2450.56,1,Product 040,Storage,Sofa,2023-11-26,5169.07,2450.56,-2718.51,0,Summer,1,2024-05-01,222,98,11,45,124,258530.1,26,119.0,108.0,119.0,,117.75
SKU040,2024-06-03,128,313671.68,2450.56,1,Product 040,Storage,Sofa,2023-11-26,5169.07,2450.56,-2718.51,0,Summer,1,2024-06-01,262,4,9,50,120,305112.1,2,135.0,119.0,125.0,,121.75
SKU040,2024-06-10,128,313671.68,2450.56,1,Product 040,Storage,Sofa,2023-11-26,5169.07,2450.56,-2718.51,0,Summer,1,2024-06-01,262,4,9,50,120,305112.1,9,128.0,135.0,108.0,,122.5
SKU040,2024-06-17,124,303869.44,2450.56,1,Product 040,Storage,Sofa,2023-11-26,5169.07,2450.56,-2718.51,0,Summer,1,2024-06-01,262,4,9,50,120,305112.1,16,128.0,128.0,119.0,,127.5
SKU040,2024-06-24,97,237704.32,2450.56,1,Product 040,Storage,Sofa,2023-11-26,5169.07,2450.56,-2718.51,0,Summer,1,2024-06-01,262,4,9,50,120,305112.1,23,124.0,128.0,135.0,,128.75
SKU040,2024-07-01,103,252407.68,2450.56,0,Product 040,Storage,Sofa,2023-11-26,5169.07,2450.56,-2718.51,0,Monsoon,0,2024-07-01,175,90,3,29,53,203796.25,0,97.0,124.0,128.0,,119.25
SKU040,2024-07-08,116,284264.96,2450.56,0,Product 040,Storage,Sofa,2023-11-26,5169.07,2450.56,-2718.51,0,Monsoon,0,2024-07-01,175,90,3,29,53,203796.25,7,103.0,97.0,128.0,,113.0
SKU040,2024-07-15,102,249957.12,2450.56,0,Product 040,Storage,Sofa,2023-11-26,5169.07,2450.56,-2718.51,0,Monsoon,0,2024-07-01,175,90,3,29,53,203796.25,14,116.0,103.0,124.0,,110.0
SKU040,2024-07-22,109,267111.04,2450.56,0,Product 040,Storage,Sofa,2023-11-26,5169.07,2450.56,-2718.51,0,Monsoon,0,2024-07-01,175,90,3,29,53,203796.25,21,102.0,116.0,97.0,,104.5
SKU040,2024-07-29,109,267111.04,2450.56,0,Product 040,Storage,Sofa,2023-11-26,5169.07,2450.56,-2718.51,0,Monsoon,0,2024-07-01,175,90,3,29,53,203796.25,28,109.0,102.0,103.0,,107.5
SKU040,2024-08-05,103,252407.68,2450.56,0,Product 040,Storage,Sofa,2023-11-26,5169.07,2450.56,-2718.51,0,Monsoon,0,2024-08-01,47,64,3,27,44,54733.85,4,109.0,109.0,116.0,,109.0
SKU040,2024-08-12,109,267111.04,2450.56,0,Product 040,Storage,Sofa,2023-11-26,5169.07,2450.56,-2718.51,1,Monsoon,0,2024-08-01,47,64,3,27,44,54733.85,11,103.0,109.0,102.0,,105.75
SKU040,2024-08-19,110,269561.6,2450.56,0,Product 040,Storage,Sofa,2023-11-26,5169.07,2450.56,-2718.51,0,Monsoon,0,2024-08-01,47,64,3,27,44,54733.85,18,109.0,103.0,109.0,,107.5
SKU040,2024-08-26,85,208297.6,2450.56,1,Product 040,Storage,Sofa,2023-11-26,5169.07,2450.56,-2718.51,0,Monsoon,1,2024-08-01,47,64,3,27,44,54733.85,25,110.0,109.0,109.0,,107.75
SKU040,2024-09-02,94,230352.64,2450.56,1,Product 040,Storage,Sofa,2023-11-26,5169.07,2450.56,-2718.51,0,Monsoon,1,2024-09-01,149,27,8,17,63,173517.95,1,85.0,110.0,103.0,,101.75
SKU040,2024-09-09,109,267111.04,2450.56,1,Product 040,Storage,Sofa,2023-11-26,5169.07,2450.56,-2718.51,0,Monsoon,1,2024-09-01,149,27,8,17,63,173517.95,8,94.0,85.0,109.0,,99.5
SKU040,2024-09-16,89,218099.84,2450.56,1,Product 040,Storage,Sofa,2023-11-26,5169.07,2450.56,-2718.51,0,Monsoon,1,2024-09-01,149,27,8,17,63,173517.95,15,109.0,94.0,110.0,,99.5
SKU040,2024-09-23,84,205847.04,2450.56,1,Product 040,Storage,Sofa,2023-11-26,5169.07,2450.56,-2718.51,0,Monsoon,1,2024-09-01,149,27,8,17,63,173517.95,22,89.0,109.0,85.0,,94.25
SKU040,2024-09-30,91,223000.96,2450.56,0,Product 040,Storage,Sofa,2023-11-26,5169.07,2450.56,-2718.51,0,Monsoon,0,2024-09-01,149,27,8,17,63,173517.95,29,84.0,89.0,94.0,,94.0
SKU040,2024-10-07,93,227902.08,2450.56,0,Product 040,Storage,Sofa,2023-11-26,5169.07,2450.56,-2718.51,0,Autumn,0,2024-10-01,35,48,5,38,70,40759.25,6,91.0,84.0,109.0,,93.25
SKU040,2024-10-14,96,235253.76,2450.56,0,Product 040,Storage,Sofa,2023-11-26,5169.07,2450.56,-2718.51,0,Autumn,0,2024-10-01,35,48,5,38,70,40759.25,13,93.0,91.0,89.0,,89.25
SKU040,2024-10-21,92,225451.52,2450.56,0,Product 040,Storage,Sofa,2023-11-26,5169.07,2450.56,-2718.51,0,Autumn,0,2024-10-01,35,48,5,38,70,40759.25,20,96.0,93.0,84.0,,91.0
SKU040,2024-10-28,89,218099.84,2450.56,1,Product 040,Storage,Sofa,2023-11-26,5169.07,2450.56,-2718.51,1,Autumn,1,2024-10-01,35,48,5,38,70,40759.25,27,92.0,96.0,91.0,,93.0
SKU040,2024-11-04,114,279363.83999999997,2450.56,1,Product 040,Storage,Sofa,2023-11-26,5169.07,2450.56,-2718.51,0,Autumn,1,2024-11-01,67,6,9,18,71,78024.85,3,89.0,92.0,93.0,,92.5
SKU040,2024-11-11,101,247506.56,2450.56,1,Product 040,Storage,Sofa,2023-11-26,5169.07,2450.56,-2718.51,0,Autumn,1,2024-11-01,67,6,9,18,71,78024.85,10,114.0,89.0,96.0,,97.75
SKU040,2024-11-18,92,225451.52,2450.56,1,Product 040,Storage,Sofa,2023-11-26,5169.07,2450.56,-2718.51,0,Autumn,1,2024-11-01,67,6,9,18,71,78024.85,17,101.0,114.0,92.0,,99.0
SKU040,2024-11-25,92,225451.52,2450.56,1,Product 040,Storage,Sofa,2023-11-26,5169.07,2450.56,-2718.51,0,Autumn,1,2024-11-01,67,6,9,18,71,78024.85,24,92.0,101.0,89.0,,99.0
SKU040,2024-12-02,97,237704.32,2450.56,0,Product 040,Storage,Sofa,2023-11-26,5169.07,2450.56,-2718.51,0,Winter,0,2024-12-01,53,78,7,40,77,61721.15,1,92.0,92.0,114.0,,99.75
SKU040,2024-12-09,90,220550.4,2450.56,0,Product 040,Storage,Sofa,2023-11-26,5169.07,2450.56,-2718.51,0,Winter,0,2024-12-01,53,78,7,40,77,61721.15,8,97.0,92.0,101.0,,95.5
SKU040,2024-12-16,99,242605.44,2450.56,0,Product 040,Storage,Sofa,2023-11-26,5169.07,2450.56,-2718.51,0,Winter,0,2024-12-01,53,78,7,40,77,61721.15,15,90.0,97.0,92.0,,92.75
SKU040,2024-12-23,103,252407.68,2450.56,0,Product 040,Storage,Sofa,2023-11-26,5169.07,2450.56,-2718.51,1,Winter,0,2024-12-01,53,78,7,40,77,61721.15,22,99.0,90.0,92.0,,94.5
SKU040,2024-12-30,101,247506.56,2450.56,0,Product 040,Storage,Sofa,2023-11-26,5169.07,2450.56,-2718.51,0,Winter,0,2024-12-01,53,78,7,40,77,61721.15,29,103.0,99.0,97.0,104.0,97.25
SKU040,2025-01-06,115,281814.4,2450.56,0,Product 040,Storage,Sofa,2023-11-26,5169.07,2450.56,-2718.51,0,Winter,0,2025-01-01,84,25,10,31,99,97822.2,5,101.0,103.0,90.0,116.0,98.25
SKU040,2025-01-13,112,274462.72,2450.56,0,Product 040,Storage,Sofa,2023-11-26,5169.07,2450.56,-2718.51,0,Winter,0,2025-01-01,84,25,10,31,99,97822.2,12,115.0,101.0,99.0,105.0,104.5
SKU040,2025-01-20,101,247506.56,2450.56,0,Product 040,Storage,Sofa,2023-11-26,5169.07,2450.56,-2718.51,1,Winter,0,2025-01-01,84,25,10,31,99,97822.2,19,112.0,115.0,103.0,92.0,107.75
SKU040,2025-01-27,110,269561.6,2450.56,0,Product 040,Storage,Sofa,2023-11-26,5169.07,2450.56,-2718.51,0,Winter,0,2025-01-01,84,25,10,31,99,97822.2,26,101.0,112.0,101.0,118.0,107.25
SKU040,2025-02-03,102,249957.12,2450.56,0,Product 040,Storage,Sofa,2023-11-26,5169.07,2450.56,-2718.51,0,Winter,0,2025-02-01,71,103,7,43,92,82683.05,2,110.0,101.0,115.0,117.0,109.5
SKU040,2025-02-10,125,306320.0,2450.56,0,Product 040,Storage,Sofa,2023-11-26,5169.07,2450.56,-2718.51,0,Winter,0,2025-02-01,71,103,7,43,92,82683.05,9,102.0,110.0,112.0,122.0,106.25
SKU040,2025-02-17,111,272012.16000000003,2450.56,0,Product 040,Storage,Sofa,2023-11-26,5169.07,2450.56,-2718.51,0,Winter,0,2025-02-01,71,103,7,43,92,82683.05,16,125.0,102.0,101.0,110.0,109.5
SKU040,2025-02-24,136,333276.16,2450.56,1,Product 040,Storage,Sofa,2023-11-26,5169.07,2450.56,-2718.51,0,Winter,1,2025-02-01,71,103,7,43,92,82683.05,23,111.0,125.0,110.0,137.0,112.0
SKU040,2025-03-03,126,308770.56,2450.56,1,Product 040,Storage,Sofa,2023-11-26,5169.07,2450.56,-2718.51,0,Spring,1,2025-03-01,64,146,13,24,103,74531.2,2,136.0,111.0,102.0,114.0,118.5
SKU040,2025-03-10,146,357781.76,2450.56,1,Product 040,Storage,Sofa,2023-11-26,5169.07,2450.56,-2718.51,0,Spring,1,2025-03-01,64,146,13,24,103,74531.2,9,126.0,136.0,125.0,140.0,124.5
SKU040,2025-03-17,151,370034.56,2450.56,1,Product 040,Storage,Sofa,2023-11-26,5169.07,2450.56,-2718.51,0,Spring,1,2025-03-01,64,146,13,24,103,74531.2,16,146.0,126.0,111.0,173.0,129.75
SKU040,2025-03-24,120,294067.2,2450.56,1,Product 040,Storage,Sofa,2023-11-26,5169.07,2450.56,-2718.51,0,Spring,1,2025-03-01,64,146,13,24,103,74531.2,23,151.0,146.0,136.0,147.0,139.75
SKU040,2025-03-31,135,330825.6,2450.56,0,Product 040,Storage,Sofa,2023-11-26,5169.07,2450.56,-2718.51,0,Spring,0,2025-03-01,64,146,13,24,103,74531.2,30,120.0,151.0,126.0,109.0,135.75
SKU040,2025-04-07,122,298968.32,2450.56,0,Product 040,Storage,Sofa,2023-11-26,5169.07,2450.56,-2718.51,0,Spring,0,2025-04-01,205,97,13,66,176,238732.75,6,135.0,120.0,146.0,126.0,138.0
SKU040,2025-04-14,116,284264.95999999996,2450.56,0,Product 040,Storage,Sofa,2023-11-26,5169.07,2450.56,-2718.51,0,Spring,0,2025-04-01,205,97,13,66,176,238732.75,13,122.0,135.0,151.0,131.0,132.0
SKU040,2025-04-21,100,245056.0,2450.56,0,Product 040,Storage,Sofa,2023-11-26,5169.07,2450.56,-2718.51,0,Spring,0,2025-04-01,205,97,13,66,176,238732.75,20,116.0,122.0,120.0,117.0,123.25
SKU040,2025-04-28,136,333276.16,2450.56,0,Product 040,Storage,Sofa,2023-11-26,5169.07,2450.56,-2718.51,0,Spring,0,2025-04-01,205,97,13,66,176,238732.75,27,100.0,116.0,135.0,119.0,118.25
SKU040,2025-05-05,129,316122.24,2450.56,0,Product 040,Storage,Sofa,2023-11-26,5169.07,2450.56,-2718.51,0,Summer,0,2025-05-01,188,241,12,55,153,218935.4,4,136.0,100.0,122.0,125.0,118.5
SKU040,2025-05-12,122,298968.32,2450.56,0,Product 040,Storage,Sofa,2023-11-26,5169.07,2450.56,-2718.51,0,Summer,0,2025-05-01,188,241,12,55,153,218935.4,11,129.0,136.0,116.0,108.0,120.25
SKU040,2025-05-19,123,301418.88,2450.56,0,Product 040,Storage,Sofa,2023-11-26,5169.07,2450.56,-2718.51,0,Summer,0,2025-05-01,188,241,12,55,153,218935.4,18,122.0,129.0,100.0,119.0,121.75
SKU040,2025-05-26,134,328375.04,2450.56,1,Product 040,Storage,Sofa,2023-11-26,5169.07,2450.56,-2718.51,0,Summer,1,2025-05-01,188,241,12,55,153,218935.4,25,123.0,122.0,136.0,135.0,127.5
SKU040,2025-06-02,124,303869.44,2450.56,1,Product 040,Storage,Sofa,2023-11-26,5169.07,2450.56,-2718.51,0,Summer,1,2025-06-01,152,208,13,56,160,177011.6,1,134.0,123.0,129.0,128.0,127.0
SKU040,2025-06-09,113,276913.28,2450.56,1,Product 040,Storage,Sofa,2023-11-26,5169.07,2450.56,-2718.51,0,Summer,1,2025-06-01,152,208,13,56,160,177011.6,8,124.0,134.0,122.0,128.0,125.75
SKU040,2025-06-16,125,306320.0,2450.56,1,Product 040,Storage,Sofa,2023-11-26,5169.07,2450.56,-2718.51,0,Summer,1,2025-06-01,152,208,13,56,160,177011.6,15,113.0,124.0,123.0,124.0,123.5
SKU040,2025-06-23,119,291616.64,2450.56,1,Product 040,Storage,Sofa,2023-11-26,5169.07,2450.56,-2718.51,0,Summer,1,2025-06-01,152,208,13,56,160,177011.6,22,125.0,113.0,134.0,97.0,124.0
SKU040,2025-06-30,117,286715.52,2450.56,0,Product 040,Storage,Sofa,2023-11-26,5169.07,2450.56,-2718.51,0,Summer,0,2025-06-01,152,208,13,56,160,177011.6,29,119.0,125.0,124.0,103.0,120.25
SKU040,2025-07-07,106,259759.36,2450.56,0,Product 040,Storage,Sofa,2023-11-26,5169.07,2450.56,-2718.51,0,Monsoon,0,2025-07-01,145,53,3,31,54,168859.75,6,117.0,119.0,113.0,116.0,118.5
SKU040,2025-07-14,99,242605.44,2450.56,0,Product 040,Storage,Sofa,2023-11-26,5169.07,2450.56,-2718.51,0,Monsoon,0,2025-07-01,145,53,3,31,54,168859.75,13,106.0,117.0,125.0,102.0,116.75
SKU040,2025-07-21,97,237704.32,2450.56,0,Product 040,Storage,Sofa,2023-11-26,5169.07,2450.56,-2718.51,0,Monsoon,0,2025-07-01,145,53,3,31,54,168859.75,20,99.0,106.0,119.0,109.0,110.25
SKU040,2025-07-28,108,264660.48,2450.56,0,Product 040,Storage,Sofa,2023-11-26,5169.07,2450.56,-2718.51,0,Monsoon,0,2025-07-01,145,53,3,31,54,168859.75,27,97.0,99.0,117.0,109.0,104.75
SKU040,2025-08-04,90,220550.4,2450.56,0,Product 040,Storage,Sofa,2023-11-26,5169.07,2450.56,-2718.51,0,Monsoon,0,2025-08-01,52,83,14,50,143,60556.6,3,108.0,97.0,106.0,103.0,102.5
SKU040,2025-08-11,92,225451.52000000002,2450.56,0,Product 040,Storage,Sofa,2023-11-26,5169.07,2450.56,-2718.51,1,Monsoon,0,2025-08-01,52,83,14,50,143,60556.6,10,90.0,108.0,99.0,109.0,98.5
SKU040,2025-08-18,110,269561.6,2450.56,0,Product 040,Storage,Sofa,2023-11-26,5169.07,2450.56,-2718.51,0,Monsoon,0,2025-08-01,52,83,14,50,143,60556.6,17,92.0,90.0,97.0,110.0,96.75
SKU040,2025-08-25,99,242605.44,2450.56,0,Product 040,Storage,Sofa,2023-11-26,5169.07,2450.56,-2718.51,0,Monsoon,0,2025-08-01,52,83,14,50,143,60556.6,24,110.0,92.0,108.0,85.0,100.0
SKU040,2025-09-01,105,257308.8,2450.56,1,Product 040,Storage,Sofa,2023-11-26,5169.07,2450.56,-2718.51,0,Monsoon,1,2025-09-01,32,122,11,29,84,37265.6,0,99.0,110.0,90.0,94.0,97.75
SKU040,2025-09-08,106,259759.36,2450.56,1,Product 040,Storage,Sofa,2023-11-26,5169.07,2450.56,-2718.51,0,Monsoon,1,2025-09-01,32,122,11,29,84,37265.6,7,105.0,99.0,92.0,109.0,101.5
SKU040,2025-09-15,109,267111.04,2450.56,1,Product 040,Storage,Sofa,2023-11-26,5169.07,2450.56,-2718.51,0,Monsoon,1,2025-09-01,32,122,11,29,84,37265.6,14,106.0,105.0,110.0,89.0,105.0
SKU040,2025-09-22,87,213198.72,2450.56,1,Product 040,Storage,Sofa,2023-11-26,5169.07,2450.56,-2718.51,0,Monsoon,1,2025-09-01,32,122,11,29,84,37265.6,21,109.0,106.0,99.0,84.0,104.75
SKU040,2025-09-29,76,186242.56,2450.56,0,Product 040,Storage,Sofa,2023-11-26,5169.07,2450.56,-2718.51,0,Monsoon,0,2025-09-01,32,122,11,29,84,37265.6,28,87.0,109.0,105.0,91.0,101.75
SKU040,2025-10-06,82,200945.91999999998,2450.56,0,Product 040,Storage,Sofa,2023-11-26,5169.07,2450.56,-2718.51,0,Autumn,0,2025-10-01,123,119,11,36,99,143239.65,5,76.0,87.0,106.0,93.0,94.5
SKU040,2025-10-13,81,198495.36,2450.56,0,Product 040,Storage,Sofa,2023-11-26,5169.07,2450.56,-2718.51,0,Autumn,0,2025-10-01,123,119,11,36,99,143239.65,12,82.0,76.0,109.0,96.0,88.5
SKU040,2025-10-20,91,223000.96,2450.56,0,Product 040,Storage,Sofa,2023-11-26,5169.07,2450.56,-2718.51,1,Autumn,0,2025-10-01,123,119,11,36,99,143239.65,19,81.0,82.0,87.0,92.0,81.5
SKU040,2025-10-27,103,252407.68,2450.56,1,Product 040,Storage,Sofa,2023-11-26,5169.07,2450.56,-2718.51,0,Autumn,1,2025-10-01,123,119,11,36,99,143239.65,26,91.0,81.0,76.0,89.0,82.5
SKU040,2025-11-03,89,218099.84,2450.56,1,Product 040,Storage,Sofa,2023-11-26,5169.07,2450.56,-2718.51,0,Autumn,1,2025-11-01,181,30,10,22,81,210783.55,2,103.0,91.0,82.0,114.0,89.25
SKU040,2025-11-10,98,240154.88,2450.56,1,Product 040,Storage,Sofa,2023-11-26,5169.07,2450.56,-2718.51,0,Autumn,1,2025-11-01,181,30,10,22,81,210783.55,9,89.0,103.0,81.0,101.0,91.0
SKU040,2025-11-17,86,210748.15999999997,2450.56,1,Product 040,Storage,Sofa,2023-11-26,5169.07,2450.56,-2718.51,0,Autumn,1,2025-11-01,181,30,10,22,81,210783.55,16,98.0,89.0,91.0,92.0,95.25
SKU040,2025-11-24,76,186242.56,2450.56,1,Product 040,Storage,Sofa,2023-11-26,5169.07,2450.56,-2718.51,0,Autumn,1,2025-11-01,181,30,10,22,81,210783.55,23,86.0,98.0,103.0,92.0,94.0
SKU040,2025-12-01,103,252407.68,2450.56,0,Product 040,Storage,Sofa,2023-11-26,5169.07,2450.56,-2718.51,0,Winter,0,2025-12-01,67,29,9,36,93,78024.85,0,76.0,86.0,89.0,97.0,87.25
SKU040,2025-12-08,101,247506.56,2450.56,0,Product 040,Storage,Sofa,2023-11-26,5169.07,2450.56,-2718.51,0,Winter,0,2025-12-01,67,29,9,36,93,78024.85,7,103.0,76.0,98.0,90.0,90.75
SKU040,2025-12-15,93,227902.08,2450.56,0,Product 040,Storage,Sofa,2023-11-26,5169.07,2450.56,-2718.51,0,Winter,0,2025-12-01,67,29,9,36,93,78024.85,14,101.0,103.0,86.0,99.0,91.5
SKU040,2025-12-22,76,186242.56,2450.56,0,Product 040,Storage,Sofa,2023-11-26,5169.07,2450.56,-2718.51,1,Winter,0,2025-12-01,67,29,9,36,93,78024.85,21,93.0,101.0,76.0,103.0,93.25
SKU041,2024-01-01,73,754581.29,10336.73,0,Product 041,Furniture,Chair,2022-07-01,4540.24,10336.73,5796.49,0,Winter,0,2024-01-01,23,8,9,5,14,130472.79,0,,,,,
SKU041,2024-01-08,80,826938.3999999999,10336.73,0,Product 041,Furniture,Chair,2022-07-01,4540.24,10336.73,5796.49,0,Winter,0,2024-01-01,23,8,9,5,14,130472.79,7,73.0,,,,
SKU041,2024-01-15,66,682224.18,10336.73,0,Product 041,Furniture,Chair,2022-07-01,4540.24,10336.73,5796.49,0,Winter,0,2024-01-01,23,8,9,5,14,130472.79,14,80.0,73.0,,,
SKU041,2024-01-22,82,847611.86,10336.73,0,Product 041,Furniture,Chair,2022-07-01,4540.24,10336.73,5796.49,1,Winter,0,2024-01-01,23,8,9,5,14,130472.79,21,66.0,80.0,,,
SKU041,2024-01-29,83,857948.59,10336.73,0,Product 041,Furniture,Chair,2022-07-01,4540.24,10336.73,5796.49,0,Winter,0,2024-01-01,23,8,9,5,14,130472.79,28,82.0,66.0,73.0,,75.25
SKU041,2024-02-05,76,785591.48,10336.73,0,Product 041,Furniture,Chair,2022-07-01,4540.24,10336.73,5796.49,0,Winter,0,2024-02-01,301,16,6,71,170,1707491.73,4,83.0,82.0,80.0,,77.75
SKU041,2024-02-12,77,795928.21,10336.73,0,Product 041,Furniture,Chair,2022-07-01,4540.24,10336.73,5796.49,0,Winter,0,2024-02-01,301,16,6,71,170,1707491.73,11,76.0,83.0,66.0,,76.75
SKU041,2024-02-19,72,744244.5599999999,10336.73,0,Product 041,Furniture,Chair,2022-07-01,4540.24,10336.73,5796.49,0,Winter,0,2024-02-01,301,16,6,71,170,1707491.73,18,77.0,76.0,82.0,,79.5
SKU041,2024-02-26,94,971652.62,10336.73,1,Product 041,Furniture,Chair,2022-07-01,4540.24,10336.73,5796.49,0,Winter,1,2024-02-01,301,16,6,71,170,1707491.73,25,72.0,77.0,83.0,,77.0
SKU041,2024-03-04,91,940642.43,10336.73,1,Product 041,Furniture,Chair,2022-07-01,4540.24,10336.73,5796.49,0,Spring,1,2024-03-01,234,279,11,85,293,1327418.82,3,94.0,72.0,76.0,,79.75
SKU041,2024-03-11,101,1044009.73,10336.73,1,Product 041,Furniture,Chair,2022-07-01,4540.24,10336.73,5796.49,0,Spring,1,2024-03-01,234,279,11,85,293,1327418.82,10,91.0,94.0,77.0,,83.5
SKU041,2024-03-18,110,1137040.3,10336.73,1,Product 041,Furniture,Chair,2022-07-01,4540.24,10336.73,5796.49,0,Spring,1,2024-03-01,234,279,11,85,293,1327418.82,17,101.0,91.0,72.0,,89.5
SKU041,2024-03-25,115,1188723.95,10336.73,1,Product 041,Furniture,Chair,2022-07-01,4540.24,10336.73,5796.49,0,Spring,1,2024-03-01,234,279,11,85,293,1327418.82,24,110.0,101.0,94.0,,99.0
SKU041,2024-04-01,95,981989.35,10336.73,0,Product 041,Furniture,Chair,2022-07-01,4540.24,10336.73,5796.49,0,Spring,0,2024-04-01,179,159,3,69,135,1015418.67,0,115.0,110.0,91.0,,104.25
SKU041,2024-04-08,78,806264.94,10336.73,0,Product 041,Furniture,Chair,2022-07-01,4540.24,10336.73,5796.49,0,Spring,0,2024-04-01,179,159,3,69,135,1015418.67,7,95.0,115.0,101.0,,105.25
SKU041,2024-04-15,99,1023336.27,10336.73,0,Product 041,Furniture,Chair,2022-07-01,4540.24,10336.73,5796.49,0,Spring,0,2024-04-01,179,159,3,69,135,1015418.67,14,78.0,95.0,110.0,,99.5
SKU041,2024-04-22,73,754581.29,10336.73,0,Product 041,Furniture,Chair,2022-07-01,4540.24,10336.73,5796.49,0,Spring,0,2024-04-01,179,159,3,69,135,1015418.67,21,99.0,78.0,115.0,,96.75
SKU041,2024-04-29,98,1012999.54,10336.73,0,Product 041,Furniture,Chair,2022-07-01,4540.24,10336.73,5796.49,0,Spring,0,2024-04-01,179,159,3,69,135,1015418.67,28,73.0,99.0,95.0,,86.25
SKU041,2024-05-06,101,1044009.73,10336.73,0,Product 041,Furniture,Chair,2022-07-01,4540.24,10336.73,5796.49,0,Summer,0,2024-05-01,480,764,13,146,401,2722910.4,5,98.0,73.0,78.0,,87.0
SKU041,2024-05-13,78,806264.94,10336.73,0,Product 041,Furniture,Chair,2022-07-01,4540.24,10336.73,5796.49,0,Summer,0,2024-05-01,480,764,13,146,401,2722910.4,12,101.0,98.0,99.0,,92.75
SKU041,2024-05-20,79,816601.67,10336.73,0,Product 041,Furniture,Chair,2022-07-01,4540.24,10336.73,5796.49,0,Summer,0,2024-05-01,480,764,13,146,401,2722910.4,19,78.0,101.0,73.0,,87.5
SKU041,2024-05-27,100,1033673.0,10336.73,1,Product 041,Furniture,Chair,2022-07-01,4540.24,10336.73,5796.49,0,Summer,1,2024-05-01,480,764,13,146,401,2722910.4,26,79.0,78.0,98.0,,89.0
SKU041,2024-06-03,89,919968.97,10336.73,1,Product 041,Furniture,Chair,2022-07-01,4540.24,10336.73,5796.49,0,Summer,1,2024-06-01,449,392,11,146,360,2547055.77,2,100.0,79.0,101.0,,89.5
SKU041,2024-06-10,90,930305.7000000001,10336.73,1,Product 041,Furniture,Chair,2022-07-01,4540.24,10336.73,5796.49,0,Summer,1,2024-06-01,449,392,11,146,360,2547055.77,9,89.0,100.0,78.0,,86.5
SKU041,2024-06-17,89,919968.97,10336.73,1,Product 041,Furniture,Chair,2022-07-01,4540.24,10336.73,5796.49,0,Summer,1,2024-06-01,449,392,11,146,360,2547055.77,16,90.0,89.0,79.0,,89.5
SKU041,2024-06-24,88,909632.24,10336.73,1,Product 041,Furniture,Chair,2022-07-01,4540.24,10336.73,5796.49,0,Summer,1,2024-06-01,449,392,11,146,360,2547055.77,23,89.0,90.0,100.0,,92.0
SKU041,2024-07-01,62,640877.26,10336.73,0,Product 041,Furniture,Chair,2022-07-01,4540.24,10336.73,5796.49,0,Monsoon,0,2024-07-01,746,322,12,149,413,4231856.58,0,88.0,89.0,89.0,,89.0
SKU041,2024-07-08,63,651213.99,10336.73,0,Product 041,Furniture,Chair,2022-07-01,4540.24,10336.73,5796.49,0,Monsoon,0,2024-07-01,746,322,12,149,413,4231856.58,7,62.0,88.0,90.0,,82.25
SKU041,2024-07-15,70,723571.1,10336.73,0,Product 041,Furniture,Chair,2022-07-01,4540.24,10336.73,5796.49,0,Monsoon,0,2024-07-01,746,322,12,149,413,4231856.58,14,63.0,62.0,89.0,,75.5
SKU041,2024-07-22,66,682224.1799999999,10336.73,0,Product 041,Furniture,Chair,2022-07-01,4540.24,10336.73,5796.49,0,Monsoon,0,2024-07-01,746,322,12,149,413,4231856.58,21,70.0,63.0,88.0,,70.75
SKU041,2024-07-29,71,733907.83,10336.73,0,Product 041,Furniture,Chair,2022-07-01,4540.24,10336.73,5796.49,0,Monsoon,0,2024-07-01,746,322,12,149,413,4231856.58,28,66.0,70.0,62.0,,65.25
SKU041,2024-08-05,71,733907.8300000001,10336.73,0,Product 041,Furniture,Chair,2022-07-01,4540.24,10336.73,5796.49,0,Monsoon,0,2024-08-01,123,254,3,106,156,697745.79,4,71.0,66.0,63.0,,67.5
SKU041,2024-08-12,71,733907.83,10336.73,0,Product 041,Furniture,Chair,2022-07-01,4540.24,10336.73,5796.49,1,Monsoon,0,2024-08-01,123,254,3,106,156,697745.79,11,71.0,71.0,70.0,,69.5
SKU041,2024-08-19,67,692560.9099999999,10336.73,0,Product 041,Furniture,Chair,2022-07-01,4540.24,10336.73,5796.49,0,Monsoon,0,2024-08-01,123,254,3,106,156,697745.79,18,71.0,71.0,66.0,,69.75
SKU041,2024-08-26,77,795928.21,10336.73,1,Product 041,Furniture,Chair,2022-07-01,4540.24,10336.73,5796.49,0,Monsoon,1,2024-08-01,123,254,3,106,156,697745.79,25,67.0,71.0,71.0,,70.0
SKU041,2024-09-02,63,651213.99,10336.73,1,Product 041,Furniture,Chair,2022-07-01,4540.24,10336.73,5796.49,0,Monsoon,1,2024-09-01,168,457,10,88,236,953018.64,1,77.0,67.0,71.0,,71.5
SKU041,2024-09-09,66,682224.1799999999,10336.73,1,Product 041,Furniture,Chair,2022-07-01,4540.24,10336.73,5796.49,0,Monsoon,1,2024-09-01,168,457,10,88,236,953018.64,8,63.0,77.0,71.0,,69.5
SKU041,2024-09-16,74,764918.02,10336.73,1,Product 041,Furniture,Chair,2022-07-01,4540.24,10336.73,5796.49,0,Monsoon,1,2024-09-01,168,457,10,88,236,953018.64,15,66.0,63.0,67.0,,68.25
SKU041,2024-09-23,62,640877.26,10336.73,1,Product 041,Furniture,Chair,2022-07-01,4540.24,10336.73,5796.49,0,Monsoon,1,2024-09-01,168,457,10,88,236,953018.64,22,74.0,66.0,77.0,,70.0
SKU041,2024-09-30,62,640877.26,10336.73,0,Product 041,Furniture,Chair,2022-07-01,4540.24,10336.73,5796.49,0,Monsoon,0,2024-09-01,168,457,10,88,236,953018.64,29,62.0,74.0,63.0,,66.25
SKU041,2024-10-07,82,847611.86,10336.73,0,Product 041,Furniture,Chair,2022-07-01,4540.24,10336.73,5796.49,0,Autumn,0,2024-10-01,248,219,4,61,126,1406837.04,6,62.0,62.0,66.0,,66.0
SKU041,2024-10-14,63,651213.99,10336.73,0,Product 041,Furniture,Chair,2022-07-01,4540.24,10336.73,5796.49,0,Autumn,0,2024-10-01,248,219,4,61,126,1406837.04,13,82.0,62.0,74.0,,70.0
SKU041,2024-10-21,63,651213.99,10336.73,0,Product 041,Furniture,Chair,2022-07-01,4540.24,10336.73,5796.49,0,Autumn,0,2024-10-01,248,219,4,61,126,1406837.04,20,63.0,82.0,62.0,,67.25
SKU041,2024-10-28,66,682224.1799999999,10336.73,1,Product 041,Furniture,Chair,2022-07-01,4540.24,10336.73,5796.49,1,Autumn,1,2024-10-01,248,219,4,61,126,1406837.04,27,63.0,63.0,62.0,,67.5
SKU041,2024-11-04,75,775254.75,10336.73,1,Product 041,Furniture,Chair,2022-07-01,4540.24,10336.73,5796.49,0,Autumn,1,2024-11-01,330,260,11,85,238,1872000.9,3,66.0,63.0,82.0,,68.5
SKU041,2024-11-11,65,671887.45,10336.73,1,Product 041,Furniture,Chair,2022-07-01,4540.24,10336.73,5796.49,0,Autumn,1,2024-11-01,330,260,11,85,238,1872000.9,10,75.0,66.0,63.0,,66.75
SKU041,2024-11-18,62,640877.26,10336.73,1,Product 041,Furniture,Chair,2022-07-01,4540.24,10336.73,5796.49,0,Autumn,1,2024-11-01,330,260,11,85,238,1872000.9,17,65.0,75.0,63.0,,67.25
SKU041,2024-11-25,66,682224.18,10336.73,1,Product 041,Furniture,Chair,2022-07-01,4540.24,10336.73,5796.49,0,Autumn,1,2024-11-01,330,260,11,85,238,1872000.9,24,62.0,65.0,66.0,,67.0
SKU041,2024-12-02,75,775254.75,10336.73,0,Product 041,Furniture,Chair,2022-07-01,4540.24,10336.73,5796.49,0,Winter,0,2024-12-01,222,206,13,96,286,1259346.06,1,66.0,62.0,75.0,,67.0
SKU041,2024-12-09,54,558183.42,10336.73,0,Product 041,Furniture,Chair,2022-07-01,4540.24,10336.73,5796.49,0,Winter,0,2024-12-01,222,206,13,96,286,1259346.06,8,75.0,66.0,65.0,,67.0
SKU041,2024-12-16,79,816601.67,10336.73,0,Product 041,Furniture,Chair,2022-07-01,4540.24,10336.73,5796.49,0,Winter,0,2024-12-01,222,206,13,96,286,1259346.06,15,54.0,75.0,62.0,,64.25
SKU041,2024-12-23,80,826938.4,10336.73,0,Product 041,Furniture,Chair,2022-07-01,4540.24,10336.73,5796.49,1,Winter,0,2024-12-01,222,206,13,96,286,1259346.06,22,79.0,54.0,66.0,,68.5
SKU041,2024-12-30,74,764918.02,10336.73,0,Product 041,Furniture,Chair,2022-07-01,4540.24,10336.73,5796.49,0,Winter,0,2024-12-01,222,206,13,96,286,1259346.06,29,80.0,79.0,75.0,73.0,72.0
SKU041,2025-01-06,98,1012999.54,10336.73,0,Product 041,Furniture,Chair,2022-07-01,4540.24,10336.73,5796.49,0,Winter,0,2025-01-01,329,151,6,82,167,1866328.17,5,74.0,80.0,54.0,80.0,71.75
SKU041,2025-01-13,74,764918.02,10336.73,0,Product 041,Furniture,Chair,2022-07-01,4540.24,10336.73,5796.49,0,Winter,0,2025-01-01,329,151,6,82,167,1866328.17,12,98.0,74.0,79.0,66.0,82.75
SKU041,2025-01-20,72,744244.56,10336.73,0,Product 041,Furniture,Chair,2022-07-01,4540.24,10336.73,5796.49,1,Winter,0,2025-01-01,329,151,6,82,167,1866328.17,19,74.0,98.0,80.0,82.0,81.5
SKU041,2025-01-27,80,826938.3999999999,10336.73,0,Product 041,Furniture,Chair,2022-07-01,4540.24,10336.73,5796.49,0,Winter,0,2025-01-01,329,151,6,82,167,1866328.17,26,72.0,74.0,74.0,83.0,79.5
SKU041,2025-02-03,77,795928.21,10336.73,0,Product 041,Furniture,Chair,2022-07-01,4540.24,10336.73,5796.49,0,Winter,0,2025-02-01,186,33,7,129,247,1055127.78,2,80.0,72.0,98.0,76.0,81.0
SKU041,2025-02-10,76,785591.48,10336.73,0,Product 041,Furniture,Chair,2022-07-01,4540.24,10336.73,5796.49,0,Winter,0,2025-02-01,186,33,7,129,247,1055127.78,9,77.0,80.0,74.0,77.0,75.75
SKU041,2025-02-17,96,992326.0800000001,10336.73,0,Product 041,Furniture,Chair,2022-07-01,4540.24,10336.73,5796.49,0,Winter,0,2025-02-01,186,33,7,129,247,1055127.78,16,76.0,77.0,72.0,72.0,76.25
SKU041,2025-02-24,99,1023336.27,10336.73,1,Product 041,Furniture,Chair,2022-07-01,4540.24,10336.73,5796.49,0,Winter,1,2025-02-01,186,33,7,129,247,1055127.78,23,96.0,76.0,80.0,94.0,82.25
SKU041,2025-03-03,101,1044009.73,10336.73,1,Product 041,Furniture,Chair,2022-07-01,4540.24,10336.73,5796.49,0,Spring,1,2025-03-01,110,436,11,80,278,624000.3,2,99.0,96.0,77.0,91.0,87.0
SKU041,2025-03-10,101,1044009.73,10336.73,1,Product 041,Furniture,Chair,2022-07-01,4540.24,10336.73,5796.49,0,Spring,1,2025-03-01,110,436,11,80,278,624000.3,9,101.0,99.0,76.0,101.0,93.0
SKU041,2025-03-17,90,930305.7,10336.73,1,Product 041,Furniture,Chair,2022-07-01,4540.24,10336.73,5796.49,0,Spring,1,2025-03-01,110,436,11,80,278,624000.3,16,101.0,101.0,96.0,110.0,99.25
SKU041,2025-03-24,105,1085356.65,10336.73,1,Product 041,Furniture,Chair,2022-07-01,4540.24,10336.73,5796.49,0,Spring,1,2025-03-01,110,436,11,80,278,624000.3,23,90.0,101.0,99.0,115.0,97.75
SKU041,2025-03-31,93,961315.89,10336.73,0,Product 041,Furniture,Chair,2022-07-01,4540.24,10336.73,5796.49,0,Spring,0,2025-03-01,110,436,11,80,278,624000.3,30,105.0,90.0,101.0,95.0,99.25
SKU041,2025-04-07,96,992326.08,10336.73,0,Product 041,Furniture,Chair,2022-07-01,4540.24,10336.73,5796.49,0,Spring,0,2025-04-01,737,235,6,126,259,4180802.01,6,93.0,105.0,101.0,78.0,97.25
SKU041,2025-04-14,91,940642.4299999999,10336.73,0,Product 041,Furniture,Chair,2022-07-01,4540.24,10336.73,5796.49,0,Spring,0,2025-04-01,737,235,6,126,259,4180802.01,13,96.0,93.0,90.0,99.0,96.0
SKU041,2025-04-21,97,1002662.81,10336.73,0,Product 041,Furniture,Chair,2022-07-01,4540.24,10336.73,5796.49,0,Spring,0,2025-04-01,737,235,6,126,259,4180802.01,20,91.0,96.0,105.0,73.0,96.25
SKU041,2025-04-28,99,1023336.27,10336.73,0,Product 041,Furniture,Chair,2022-07-01,4540.24,10336.73,5796.49,0,Spring,0,2025-04-01,737,235,6,126,259,4180802.01,27,97.0,91.0,93.0,98.0,94.25
SKU041,2025-05-05,67,692560.91,10336.73,0,Product 041,Furniture,Chair,2022-07-01,4540.24,10336.73,5796.49,0,Summer,0,2025-05-01,327,1,4,58,134,1854982.71,4,99.0,97.0,96.0,101.0,95.75
SKU041,2025-05-12,89,919968.97,10336.73,0,Product 041,Furniture,Chair,2022-07-01,4540.24,10336.73,5796.49,0,Summer,0,2025-05-01,327,1,4,58,134,1854982.71,11,67.0,99.0,91.0,78.0,88.5
SKU041,2025-05-19,79,816601.67,10336.73,0,Product 041,Furniture,Chair,2022-07-01,4540.24,10336.73,5796.49,0,Summer,0,2025-05-01,327,1,4,58,134,1854982.71,18,89.0,67.0,97.0,79.0,88.0
SKU041,2025-05-26,81,837275.13,10336.73,1,Product 041,Furniture,Chair,2022-07-01,4540.24,10336.73,5796.49,0,Summer,1,2025-05-01,327,1,4,58,134,1854982.71,25,79.0,89.0,99.0,100.0,83.5
SKU041,2025-06-02,93,961315.89,10336.73,1,Product 041,Furniture,Chair,2022-07-01,4540.24,10336.73,5796.49,0,Summer,1,2025-06-01,476,429,11,75,290,2700219.48,1,81.0,79.0,67.0,89.0,79.0
SKU041,2025-06-09,98,1012999.54,10336.73,1,Product 041,Furniture,Chair,2022-07-01,4540.24,10336.73,5796.49,0,Summer,1,2025-06-01,476,429,11,75,290,2700219.48,8,93.0,81.0,89.0,90.0,85.5
SKU041,2025-06-16,78,806264.94,10336.73,1,Product 041,Furniture,Chair,2022-07-01,4540.24,10336.73,5796.49,0,Summer,1,2025-06-01,476,429,11,75,290,2700219.48,15,98.0,93.0,79.0,89.0,87.75
SKU041,2025-06-23,72,744244.56,10336.73,1,Product 041,Furniture,Chair,2022-07-01,4540.24,10336.73,5796.49,0,Summer,1,2025-06-01,476,429,11,75,290,2700219.48,22,78.0,98.0,81.0,88.0,87.5
SKU041,2025-06-30,79,816601.6699999999,10336.73,0,Product 041,Furniture,Chair,2022-07-01,4540.24,10336.73,5796.49,0,Summer,0,2025-06-01,476,429,11,75,290,2700219.48,29,72.0,78.0,93.0,62.0,85.25
SKU041,2025-07-07,73,754581.29,10336.73,0,Product 041,Furniture,Chair,2022-07-01,4540.24,10336.73,5796.49,0,Monsoon,0,2025-07-01,620,70,14,145,424,3517092.6,6,79.0,72.0,98.0,63.0,81.75
SKU041,2025-07-14,93,961315.89,10336.73,0,Product 041,Furniture,Chair,2022-07-01,4540.24,10336.73,5796.49,0,Monsoon,0,2025-07-01,620,70,14,145,424,3517092.6,13,73.0,79.0,78.0,70.0,75.5
SKU041,2025-07-21,69,713234.37,10336.73,0,Product 041,Furniture,Chair,2022-07-01,4540.24,10336.73,5796.49,0,Monsoon,0,2025-07-01,620,70,14,145,424,3517092.6,20,93.0,73.0,72.0,66.0,79.25
SKU041,2025-07-28,63,651213.99,10336.73,0,Product 041,Furniture,Chair,2022-07-01,4540.24,10336.73,5796.49,0,Monsoon,0,2025-07-01,620,70,14,145,424,3517092.6,27,69.0,93.0,79.0,71.0,78.5
SKU041,2025-08-04,72,744244.56,10336.73,0,Product 041,Furniture,Chair,2022-07-01,4540.24,10336.73,5796.49,0,Monsoon,0,2025-08-01,145,50,10,97,271,822545.85,3,63.0,69.0,73.0,71.0,74.5
SKU041,2025-08-11,81,837275.13,10336.73,0,Product 041,Furniture,Chair,2022-07-01,4540.24,10336.73,5796.49,1,Monsoon,0,2025-08-01,145,50,10,97,271,822545.85,10,72.0,63.0,93.0,71.0,74.25
SKU041,2025-08-18,66,682224.1799999999,10336.73,0,Product 041,Furniture,Chair,2022-07-01,4540.24,10336.73,5796.49,0,Monsoon,0,2025-08-01,145,50,10,97,271,822545.85,17,81.0,72.0,69.0,67.0,71.25
SKU041,2025-08-25,80,826938.4,10336.73,0,Product 041,Furniture,Chair,2022-07-01,4540.24,10336.73,5796.49,0,Monsoon,0,2025-08-01,145,50,10,97,271,822545.85,24,66.0,81.0,63.0,77.0,70.5
SKU041,2025-09-01,72,744244.56,10336.73,1,Product 041,Furniture,Chair,2022-07-01,4540.24,10336.73,5796.49,0,Monsoon,1,2025-09-01,324,195,3,96,143,1837964.52,0,80.0,66.0,72.0,63.0,74.75
SKU041,2025-09-08,58,599530.34,10336.73,1,Product 041,Furniture,Chair,2022-07-01,4540.24,10336.73,5796.49,0,Monsoon,1,2025-09-01,324,195,3,96,143,1837964.52,7,72.0,80.0,81.0,66.0,74.75
SKU041,2025-09-15,66,682224.1799999999,10336.73,1,Product 041,Furniture,Chair,2022-07-01,4540.24,10336.73,5796.49,0,Monsoon,1,2025-09-01,324,195,3,96,143,1837964.52,14,58.0,72.0,66.0,74.0,69.0
SKU041,2025-09-22,62,640877.26,10336.73,1,Product 041,Furniture,Chair,2022-07-01,4540.24,10336.73,5796.49,0,Monsoon,1,2025-09-01,324,195,3,96,143,1837964.52,21,66.0,58.0,80.0,62.0,69.0
SKU041,2025-09-29,67,692560.9099999999,10336.73,0,Product 041,Furniture,Chair,2022-07-01,4540.24,10336.73,5796.49,0,Monsoon,0,2025-09-01,324,195,3,96,143,1837964.52,28,62.0,66.0,72.0,62.0,64.5
SKU041,2025-10-06,54,558183.42,10336.73,0,Product 041,Furniture,Chair,2022-07-01,4540.24,10336.73,5796.49,0,Autumn,0,2025-10-01,469,261,12,63,250,2660510.37,5,67.0,62.0,58.0,82.0,63.25
SKU041,2025-10-13,62,640877.26,10336.73,0,Product 041,Furniture,Chair,2022-07-01,4540.24,10336.73,5796.49,0,Autumn,0,2025-10-01,469,261,12,63,250,2660510.37,12,54.0,67.0,66.0,63.0,62.25
SKU041,2025-10-20,52,537509.96,10336.73,0,Product 041,Furniture,Chair,2022-07-01,4540.24,10336.73,5796.49,1,Autumn,0,2025-10-01,469,261,12,63,250,2660510.37,19,62.0,54.0,62.0,63.0,61.25
SKU041,2025-10-27,67,692560.91,10336.73,1,Product 041,Furniture,Chair,2022-07-01,4540.24,10336.73,5796.49,0,Autumn,1,2025-10-01,469,261,12,63,250,2660510.37,26,52.0,62.0,67.0,66.0,58.75
SKU041,2025-11-03,79,816601.67,10336.73,1,Product 041,Furniture,Chair,2022-07-01,4540.24,10336.73,5796.49,0,Autumn,1,2025-11-01,292,418,14,97,311,1656437.16,2,67.0,52.0,54.0,75.0,58.75
SKU041,2025-11-10,65,671887.45,10336.73,1,Product 041,Furniture,Chair,2022-07-01,4540.24,10336.73,5796.49,0,Autumn,1,2025-11-01,292,418,14,97,311,1656437.16,9,79.0,67.0,62.0,65.0,65.0
SKU041,2025-11-17,52,537509.96,10336.73,1,Product 041,Furniture,Chair,2022-07-01,4540.24,10336.73,5796.49,0,Autumn,1,2025-11-01,292,418,14,97,311,1656437.16,16,65.0,79.0,52.0,62.0,65.75
SKU041,2025-11-24,83,857948.59,10336.73,1,Product 041,Furniture,Chair,2022-07-01,4540.24,10336.73,5796.49,0,Autumn,1,2025-11-01,292,418,14,97,311,1656437.16,23,52.0,65.0,67.0,66.0,65.75
SKU041,2025-12-01,78,806264.94,10336.73,0,Product 041,Furniture,Chair,2022-07-01,4540.24,10336.73,5796.49,0,Winter,0,2025-12-01,440,40,4,78,139,2496001.2,0,83.0,52.0,79.0,75.0,69.75
SKU041,2025-12-08,66,682224.18,10336.73,0,Product 041,Furniture,Chair,2022-07-01,4540.24,10336.73,5796.49,0,Winter,0,2025-12-01,440,40,4,78,139,2496001.2,7,78.0,83.0,65.0,54.0,69.5
SKU041,2025-12-15,71,733907.8300000001,10336.73,0,Product 041,Furniture,Chair,2022-07-01,4540.24,10336.73,5796.49,0,Winter,0,2025-12-01,440,40,4,78,139,2496001.2,14,66.0,78.0,52.0,79.0,69.75
SKU041,2025-12-22,70,723571.1,10336.73,0,Product 041,Furniture,Chair,2022-07-01,4540.24,10336.73,5796.49,1,Winter,0,2025-12-01,440,40,4,78,139,2496001.2,21,71.0,66.0,83.0,80.0,74.5
SKU042,2024-01-01,166,1527005.78,9198.83,0,Product 042,Home Decor,Table,2024-04-13,4583.86,9198.83,4614.97,0,Winter,0,2024-01-01,15,26,9,6,15,116416.8,0,,,,,
SKU042,2024-01-08,157,1444216.31,9198.83,0,Product 042,Home Decor,Table,2024-04-13,4583.86,9198.83,4614.97,0,Winter,0,2024-01-01,15,26,9,6,15,116416.8,7,166.0,,,,
SKU042,2024-01-15,136,1251040.88,9198.83,0,Product 042,Home Decor,Table,2024-04-13,4583.86,9198.83,4614.97,0,Winter,0,2024-01-01,15,26,9,6,15,116416.8,14,157.0,166.0,,,
SKU042,2024-01-22,155,1425818.65,9198.83,0,Product 042,Home Decor,Table,2024-04-13,4583.86,9198.83,4614.97,1,Winter,0,2024-01-01,15,26,9,6,15,116416.8,21,136.0,157.0,,,
SKU042,2024-01-29,157,1444216.31,9198.83,0,Product 042,Home Decor,Table,2024-04-13,4583.86,9198.83,4614.97,0,Winter,0,2024-01-01,15,26,9,6,15,116416.8,28,155.0,136.0,166.0,,153.5
SKU042,2024-02-05,165,1517806.95,9198.83,0,Product 042,Home Decor,Table,2024-04-13,4583.86,9198.83,4614.97,0,Winter,0,2024-02-01,70,86,4,37,67,543278.4,4,157.0,155.0,157.0,,151.25
SKU042,2024-02-12,148,1361426.84,9198.83,0,Product 042,Home Decor,Table,2024-04-13,4583.86,9198.83,4614.97,0,Winter,0,2024-02-01,70,86,4,37,67,543278.4,11,165.0,157.0,136.0,,153.25
SKU042,2024-02-19,162,1490210.46,9198.83,0,Product 042,Home Decor,Table,2024-04-13,4583.86,9198.83,4614.97,0,Winter,0,2024-02-01,70,86,4,37,67,543278.4,18,148.0,165.0,155.0,,156.25
SKU042,2024-02-26,208,1913356.6400000001,9198.83,1,Product 042,Home Decor,Table,2024-04-13,4583.86,9198.83,4614.97,0,Winter,1,2024-02-01,70,86,4,37,67,543278.4,25,162.0,148.0,157.0,,158.0
SKU042,2024-03-04,182,1674187.06,9198.83,1,Product 042,Home Decor,Table,2024-04-13,4583.86,9198.83,4614.97,0,Spring,1,2024-03-01,72,50,10,62,141,558800.64,3,208.0,162.0,165.0,,170.75
SKU042,2024-03-11,181,1664988.23,9198.83,1,Product 042,Home Decor,Table,2024-04-13,4583.86,9198.83,4614.97,0,Spring,1,2024-03-01,72,50,10,62,141,558800.64,10,182.0,208.0,148.0,,175.0
SKU042,2024-03-18,189,1738578.87,9198.83,1,Product 042,Home Decor,Table,2024-04-13,4583.86,9198.83,4614.97,0,Spring,1,2024-03-01,72,50,10,62,141,558800.64,17,181.0,182.0,162.0,,183.25
SKU042,2024-03-25,196,1802970.68,9198.83,1,Product 042,Home Decor,Table,2024-04-13,4583.86,9198.83,4614.97,0,Spring,1,2024-03-01,72,50,10,62,141,558800.64,24,189.0,181.0,208.0,,190.0
SKU042,2024-04-01,193,1775374.19,9198.83,0,Product 042,Home Decor,Table,2024-04-13,4583.86,9198.83,4614.97,0,Spring,0,2024-04-01,164,37,5,44,92,1272823.68,0,196.0,189.0,182.0,,187.0
SKU042,2024-04-08,194,1784573.02,9198.83,0,Product 042,Home Decor,Table,2024-04-13,4583.86,9198.83,4614.97,0,Spring,0,2024-04-01,164,37,5,44,92,1272823.68,7,193.0,196.0,181.0,,189.75
SKU042,2024-04-15,163,1499409.29,9198.83,0,Product 042,Home Decor,Table,2024-04-13,4583.86,9198.83,4614.97,0,Spring,0,2024-04-01,164,37,5,44,92,1272823.68,14,194.0,193.0,189.0,,193.0
SKU042,2024-04-22,199,1830567.17,9198.83,0,Product 042,Home Decor,Table,2024-04-13,4583.86,9198.83,4614.97,0,Spring,0,2024-04-01,164,37,5,44,92,1272823.68,21,163.0,194.0,196.0,,186.5
SKU042,2024-04-29,201,1848964.83,9198.83,0,Product 042,Home Decor,Table,2024-04-13,4583.86,9198.83,4614.97,0,Spring,0,2024-04-01,164,37,5,44,92,1272823.68,28,199.0,163.0,193.0,,187.25
SKU042,2024-05-06,166,1527005.78,9198.83,0,Product 042,Home Decor,Table,2024-04-13,4583.86,9198.83,4614.97,0,Summer,0,2024-05-01,170,50,3,51,78,1319390.4,5,201.0,199.0,194.0,,189.25
SKU042,2024-05-13,191,1756976.53,9198.83,0,Product 042,Home Decor,Table,2024-04-13,4583.86,9198.83,4614.97,0,Summer,0,2024-05-01,170,50,3,51,78,1319390.4,12,166.0,201.0,163.0,,182.25
SKU042,2024-05-20,172,1582198.76,9198.83,0,Product 042,Home Decor,Table,2024-04-13,4583.86,9198.83,4614.97,0,Summer,0,2024-05-01,170,50,3,51,78,1319390.4,19,191.0,166.0,199.0,,189.25
SKU042,2024-05-27,212,1950151.96,9198.83,1,Product 042,Home Decor,Table,2024-04-13,4583.86,9198.83,4614.97,0,Summer,1,2024-05-01,170,50,3,51,78,1319390.4,26,172.0,191.0,201.0,,182.5
SKU042,2024-06-03,158,1453415.1400000001,9198.83,1,Product 042,Home Decor,Table,2024-04-13,4583.86,9198.83,4614.97,0,Summer,1,2024-06-01,271,295,14,39,156,2103263.52,2,212.0,172.0,166.0,,185.25
SKU042,2024-06-10,195,1793771.85,9198.83,1,Product 042,Home Decor,Table,2024-04-13,4583.86,9198.83,4614.97,0,Summer,1,2024-06-01,271,295,14,39,156,2103263.52,9,158.0,212.0,191.0,,183.25
SKU042,2024-06-17,184,1692584.72,9198.83,1,Product 042,Home Decor,Table,2024-04-13,4583.86,9198.83,4614.97,0,Summer,1,2024-06-01,271,295,14,39,156,2103263.52,16,195.0,158.0,172.0,,184.25
SKU042,2024-06-24,159,1462613.97,9198.83,1,Product 042,Home Decor,Table,2024-04-13,4583.86,9198.83,4614.97,0,Summer,1,2024-06-01,271,295,14,39,156,2103263.52,23,184.0,195.0,212.0,,187.25
SKU042,2024-07-01,142,1306233.86,9198.83,0,Product 042,Home Decor,Table,2024-04-13,4583.86,9198.83,4614.97,0,Monsoon,0,2024-07-01,123,197,14,63,185,954617.76,0,159.0,184.0,158.0,,174.0
SKU042,2024-07-08,145,1333830.35,9198.83,0,Product 042,Home Decor,Table,2024-04-13,4583.86,9198.83,4614.97,0,Monsoon,0,2024-07-01,123,197,14,63,185,954617.76,7,142.0,159.0,195.0,,170.0
SKU042,2024-07-15,147,1352228.01,9198.83,0,Product 042,Home Decor,Table,2024-04-13,4583.86,9198.83,4614.97,0,Monsoon,0,2024-07-01,123,197,14,63,185,954617.76,14,145.0,142.0,184.0,,157.5
SKU042,2024-07-22,158,1453415.1400000001,9198.83,0,Product 042,Home Decor,Table,2024-04-13,4583.86,9198.83,4614.97,0,Monsoon,0,2024-07-01,123,197,14,63,185,954617.76,21,147.0,145.0,159.0,,148.25
SKU042,2024-07-29,143,1315432.69,9198.83,0,Product 042,Home Decor,Table,2024-04-13,4583.86,9198.83,4614.97,0,Monsoon,0,2024-07-01,123,197,14,63,185,954617.76,28,158.0,147.0,142.0,,148.0
SKU042,2024-08-05,139,1278637.37,9198.83,0,Product 042,Home Decor,Table,2024-04-13,4583.86,9198.83,4614.97,0,Monsoon,0,2024-08-01,188,97,7,45,96,1459090.56,4,143.0,158.0,145.0,,148.25
SKU042,2024-08-12,141,1297035.03,9198.83,0,Product 042,Home Decor,Table,2024-04-13,4583.86,9198.83,4614.97,1,Monsoon,0,2024-08-01,188,97,7,45,96,1459090.56,11,139.0,143.0,147.0,,146.75
SKU042,2024-08-19,126,1159052.58,9198.83,0,Product 042,Home Decor,Table,2024-04-13,4583.86,9198.83,4614.97,0,Monsoon,0,2024-08-01,188,97,7,45,96,1459090.56,18,141.0,139.0,158.0,,145.25
SKU042,2024-08-26,147,1352228.01,9198.83,1,Product 042,Home Decor,Table,2024-04-13,4583.86,9198.83,4614.97,0,Monsoon,1,2024-08-01,188,97,7,45,96,1459090.56,25,126.0,141.0,143.0,,137.25
SKU042,2024-09-02,147,1352228.01,9198.83,1,Product 042,Home Decor,Table,2024-04-13,4583.86,9198.83,4614.97,0,Monsoon,1,2024-09-01,228,132,8,38,95,1769535.36,1,147.0,126.0,139.0,,138.25
SKU042,2024-09-09,126,1159052.58,9198.83,1,Product 042,Home Decor,Table,2024-04-13,4583.86,9198.83,4614.97,0,Monsoon,1,2024-09-01,228,132,8,38,95,1769535.36,8,147.0,147.0,141.0,,140.25
SKU042,2024-09-16,147,1352228.01,9198.83,1,Product 042,Home Decor,Table,2024-04-13,4583.86,9198.83,4614.97,0,Monsoon,1,2024-09-01,228,132,8,38,95,1769535.36,15,126.0,147.0,126.0,,136.5
SKU042,2024-09-23,133,1223444.39,9198.83,1,Product 042,Home Decor,Table,2024-04-13,4583.86,9198.83,4614.97,0,Monsoon,1,2024-09-01,228,132,8,38,95,1769535.36,22,147.0,126.0,147.0,,141.75
SKU042,2024-09-30,120,1103859.6,9198.83,0,Product 042,Home Decor,Table,2024-04-13,4583.86,9198.83,4614.97,0,Monsoon,0,2024-09-01,228,132,8,38,95,1769535.36,29,133.0,147.0,147.0,,138.25
SKU042,2024-10-07,125,1149853.75,9198.83,0,Product 042,Home Decor,Table,2024-04-13,4583.86,9198.83,4614.97,0,Autumn,0,2024-10-01,233,11,4,48,76,1808340.96,6,120.0,133.0,126.0,,131.5
SKU042,2024-10-14,131,1205046.73,9198.83,0,Product 042,Home Decor,Table,2024-04-13,4583.86,9198.83,4614.97,0,Autumn,0,2024-10-01,233,11,4,48,76,1808340.96,13,125.0,120.0,147.0,,131.25
SKU042,2024-10-21,114,1048666.62,9198.83,0,Product 042,Home Decor,Table,2024-04-13,4583.86,9198.83,4614.97,0,Autumn,0,2024-10-01,233,11,4,48,76,1808340.96,20,131.0,125.0,133.0,,127.25
SKU042,2024-10-28,136,1251040.88,9198.83,1,Product 042,Home Decor,Table,2024-04-13,4583.86,9198.83,4614.97,1,Autumn,1,2024-10-01,233,11,4,48,76,1808340.96,27,114.0,131.0,120.0,,122.5
SKU042,2024-11-04,121,1113058.43,9198.83,1,Product 042,Home Decor,Table,2024-04-13,4583.86,9198.83,4614.97,0,Autumn,1,2024-11-01,161,26,3,38,56,1249540.32,3,136.0,114.0,125.0,,126.5
SKU042,2024-11-11,148,1361426.84,9198.83,1,Product 042,Home Decor,Table,2024-04-13,4583.86,9198.83,4614.97,0,Autumn,1,2024-11-01,161,26,3,38,56,1249540.32,10,121.0,136.0,131.0,,125.5
SKU042,2024-11-18,138,1269438.54,9198.83,1,Product 042,Home Decor,Table,2024-04-13,4583.86,9198.83,4614.97,0,Autumn,1,2024-11-01,161,26,3,38,56,1249540.32,17,148.0,121.0,114.0,,129.75
SKU042,2024-11-25,133,1223444.3900000001,9198.83,1,Product 042,Home Decor,Table,2024-04-13,4583.86,9198.83,4614.97,0,Autumn,1,2024-11-01,161,26,3,38,56,1249540.32,24,138.0,148.0,136.0,,135.75
SKU042,2024-12-02,159,1462613.97,9198.83,0,Product 042,Home Decor,Table,2024-04-13,4583.86,9198.83,4614.97,0,Winter,0,2024-12-01,95,68,11,46,117,737306.4,1,133.0,138.0,121.0,,135.0
SKU042,2024-12-09,132,1214245.56,9198.83,0,Product 042,Home Decor,Table,2024-04-13,4583.86,9198.83,4614.97,0,Winter,0,2024-12-01,95,68,11,46,117,737306.4,8,159.0,133.0,148.0,,144.5
SKU042,2024-12-16,122,1122257.26,9198.83,0,Product 042,Home Decor,Table,2024-04-13,4583.86,9198.83,4614.97,0,Winter,0,2024-12-01,95,68,11,46,117,737306.4,15,132.0,159.0,138.0,,140.5
SKU042,2024-12-23,158,1453415.14,9198.83,0,Product 042,Home Decor,Table,2024-04-13,4583.86,9198.83,4614.97,1,Winter,0,2024-12-01,95,68,11,46,117,737306.4,22,122.0,132.0,133.0,,136.5
SKU042,2024-12-30,157,1444216.31,9198.83,0,Product 042,Home Decor,Table,2024-04-13,4583.86,9198.83,4614.97,0,Winter,0,2024-12-01,95,68,11,46,117,737306.4,29,158.0,122.0,159.0,166.0,142.75
SKU042,2025-01-06,137,1260239.71,9198.83,0,Product 042,Home Decor,Table,2024-04-13,4583.86,9198.83,4614.97,0,Winter,0,2025-01-01,65,24,12,29,101,504472.8,5,157.0,158.0,132.0,157.0,142.25
SKU042,2025-01-13,155,1425818.65,9198.83,0,Product 042,Home Decor,Table,2024-04-13,4583.86,9198.83,4614.97,0,Winter,0,2025-01-01,65,24,12,29,101,504472.8,12,137.0,157.0,122.0,136.0,143.5
SKU042,2025-01-20,149,1370625.67,9198.83,0,Product 042,Home Decor,Table,2024-04-13,4583.86,9198.83,4614.97,1,Winter,0,2025-01-01,65,24,12,29,101,504472.8,19,155.0,137.0,158.0,155.0,151.75
SKU042,2025-01-27,162,1490210.46,9198.83,0,Product 042,Home Decor,Table,2024-04-13,4583.86,9198.83,4614.97,0,Winter,0,2025-01-01,65,24,12,29,101,504472.8,26,149.0,155.0,157.0,157.0,149.5
SKU042,2025-02-03,151,1389023.33,9198.83,0,Product 042,Home Decor,Table,2024-04-13,4583.86,9198.83,4614.97,0,Winter,0,2025-02-01,226,108,9,54,125,1754013.12,2,162.0,149.0,137.0,165.0,150.75
SKU042,2025-02-10,179,1646590.57,9198.83,0,Product 042,Home Decor,Table,2024-04-13,4583.86,9198.83,4614.97,0,Winter,0,2025-02-01,226,108,9,54,125,1754013.12,9,151.0,162.0,155.0,148.0,154.25
SKU042,2025-02-17,165,1517806.95,9198.83,0,Product 042,Home Decor,Table,2024-04-13,4583.86,9198.83,4614.97,0,Winter,0,2025-02-01,226,108,9,54,125,1754013.12,16,179.0,151.0,149.0,162.0,160.25
SKU042,2025-02-24,175,1609795.25,9198.83,1,Product 042,Home Decor,Table,2024-04-13,4583.86,9198.83,4614.97,0,Winter,1,2025-02-01,226,108,9,54,125,1754013.12,23,165.0,179.0,162.0,208.0,164.25
SKU042,2025-03-03,193,1775374.19,9198.83,1,Product 042,Home Decor,Table,2024-04-13,4583.86,9198.83,4614.97,0,Spring,1,2025-03-01,215,42,3,61,86,1668640.8,2,175.0,165.0,151.0,182.0,167.5
SKU042,2025-03-10,194,1784573.02,9198.83,1,Product 042,Home Decor,Table,2024-04-13,4583.86,9198.83,4614.97,0,Spring,1,2025-03-01,215,42,3,61,86,1668640.8,9,193.0,175.0,179.0,181.0,178.0
SKU042,2025-03-17,182,1674187.06,9198.83,1,Product 042,Home Decor,Table,2024-04-13,4583.86,9198.83,4614.97,0,Spring,1,2025-03-01,215,42,3,61,86,1668640.8,16,194.0,193.0,165.0,189.0,181.75
SKU042,2025-03-24,183,1683385.8900000001,9198.83,1,Product 042,Home Decor,Table,2024-04-13,4583.86,9198.83,4614.97,0,Spring,1,2025-03-01,215,42,3,61,86,1668640.8,23,182.0,194.0,175.0,196.0,186.0
SKU042,2025-03-31,201,1848964.83,9198.83,0,Product 042,Home Decor,Table,2024-04-13,4583.86,9198.83,4614.97,0,Spring,0,2025-03-01,215,42,3,61,86,1668640.8,30,183.0,182.0,193.0,193.0,188.0
SKU042,2025-04-07,168,1545403.44,9198.83,0,Product 042,Home Decor,Table,2024-04-13,4583.86,9198.83,4614.97,0,Spring,0,2025-04-01,272,38,8,43,113,2111024.64,6,201.0,183.0,194.0,194.0,190.0
SKU042,2025-04-14,174,1600596.42,9198.83,0,Product 042,Home Decor,Table,2024-04-13,4583.86,9198.83,4614.97,0,Spring,0,2025-04-01,272,38,8,43,113,2111024.64,13,168.0,201.0,182.0,163.0,183.5
SKU042,2025-04-21,180,1655789.4,9198.83,0,Product 042,Home Decor,Table,2024-04-13,4583.86,9198.83,4614.97,0,Spring,0,2025-04-01,272,38,8,43,113,2111024.64,20,174.0,168.0,183.0,199.0,181.5
SKU042,2025-04-28,194,1784573.02,9198.83,0,Product 042,Home Decor,Table,2024-04-13,4583.86,9198.83,4614.97,0,Spring,0,2025-04-01,272,38,8,43,113,2111024.64,27,180.0,174.0,201.0,201.0,180.75
SKU042,2025-05-05,192,1766175.3599999999,9198.83,0,Product 042,Home Decor,Table,2024-04-13,4583.86,9198.83,4614.97,0,Summer,0,2025-05-01,224,150,9,57,141,1738490.88,4,194.0,180.0,168.0,166.0,179.0
SKU042,2025-05-12,202,1858163.66,9198.83,0,Product 042,Home Decor,Table,2024-04-13,4583.86,9198.83,4614.97,0,Summer,0,2025-05-01,224,150,9,57,141,1738490.88,11,192.0,194.0,174.0,191.0,185.0
SKU042,2025-05-19,180,1655789.4,9198.83,0,Product 042,Home Decor,Table,2024-04-13,4583.86,9198.83,4614.97,0,Summer,0,2025-05-01,224,150,9,57,141,1738490.88,18,202.0,192.0,180.0,172.0,192.0
SKU042,2025-05-26,172,1582198.76,9198.83,1,Product 042,Home Decor,Table,2024-04-13,4583.86,9198.83,4614.97,0,Summer,1,2025-05-01,224,150,9,57,141,1738490.88,25,180.0,202.0,194.0,212.0,192.0
SKU042,2025-06-02,199,1830567.17,9198.83,1,Product 042,Home Decor,Table,2024-04-13,4583.86,9198.83,4614.97,0,Summer,1,2025-06-01,117,126,4,38,75,908051.04,1,172.0,180.0,192.0,158.0,186.5
SKU042,2025-06-09,181,1664988.23,9198.83,1,Product 042,Home Decor,Table,2024-04-13,4583.86,9198.83,4614.97,0,Summer,1,2025-06-01,117,126,4,38,75,908051.04,8,199.0,172.0,202.0,195.0,188.25
SKU042,2025-06-16,179,1646590.5699999998,9198.83,1,Product 042,Home Decor,Table,2024-04-13,4583.86,9198.83,4614.97,0,Summer,1,2025-06-01,117,126,4,38,75,908051.04,15,181.0,199.0,180.0,184.0,183.0
SKU042,2025-06-23,197,1812169.5099999998,9198.83,1,Product 042,Home Decor,Table,2024-04-13,4583.86,9198.83,4614.97,0,Summer,1,2025-06-01,117,126,4,38,75,908051.04,22,179.0,181.0,172.0,159.0,182.75
SKU042,2025-06-30,163,1499409.29,9198.83,0,Product 042,Home Decor,Table,2024-04-13,4583.86,9198.83,4614.97,0,Summer,0,2025-06-01,117,126,4,38,75,908051.04,29,197.0,179.0,199.0,142.0,189.0
SKU042,2025-07-07,158,1453415.1400000001,9198.83,0,Product 042,Home Decor,Table,2024-04-13,4583.86,9198.83,4614.97,0,Monsoon,0,2025-07-01,186,40,8,37,106,1443568.32,6,163.0,197.0,181.0,145.0,180.0
SKU042,2025-07-14,161,1481011.63,9198.83,0,Product 042,Home Decor,Table,2024-04-13,4583.86,9198.83,4614.97,0,Monsoon,0,2025-07-01,186,40,8,37,106,1443568.32,13,158.0,163.0,179.0,147.0,174.25
SKU042,2025-07-21,157,1444216.31,9198.83,0,Product 042,Home Decor,Table,2024-04-13,4583.86,9198.83,4614.97,0,Monsoon,0,2025-07-01,186,40,8,37,106,1443568.32,20,161.0,158.0,197.0,158.0,169.75
SKU042,2025-07-28,167,1536204.61,9198.83,0,Product 042,Home Decor,Table,2024-04-13,4583.86,9198.83,4614.97,0,Monsoon,0,2025-07-01,186,40,8,37,106,1443568.32,27,157.0,161.0,163.0,143.0,159.75
SKU042,2025-08-04,141,1297035.03,9198.83,0,Product 042,Home Decor,Table,2024-04-13,4583.86,9198.83,4614.97,0,Monsoon,0,2025-08-01,116,68,3,19,38,900289.92,3,167.0,157.0,158.0,139.0,160.75
SKU042,2025-08-11,142,1306233.8599999999,9198.83,0,Product 042,Home Decor,Table,2024-04-13,4583.86,9198.83,4614.97,1,Monsoon,0,2025-08-01,116,68,3,19,38,900289.92,10,141.0,167.0,161.0,141.0,156.5
SKU042,2025-08-18,154,1416619.8199999998,9198.83,0,Product 042,Home Decor,Table,2024-04-13,4583.86,9198.83,4614.97,0,Monsoon,0,2025-08-01,116,68,3,19,38,900289.92,17,142.0,141.0,157.0,126.0,151.75
SKU042,2025-08-25,162,1490210.46,9198.83,0,Product 042,Home Decor,Table,2024-04-13,4583.86,9198.83,4614.97,0,Monsoon,0,2025-08-01,116,68,3,19,38,900289.92,24,154.0,142.0,167.0,147.0,151.0
SKU042,2025-09-01,146,1343029.18,9198.83,1,Product 042,Home Decor,Table,2024-04-13,4583.86,9198.83,4614.97,0,Monsoon,1,2025-09-01,206,190,13,41,123,1598790.72,0,162.0,154.0,141.0,147.0,149.75
SKU042,2025-09-08,149,1370625.67,9198.83,1,Product 042,Home Decor,Table,2024-04-13,4583.86,9198.83,4614.97,0,Monsoon,1,2025-09-01,206,190,13,41,123,1598790.72,7,146.0,162.0,142.0,126.0,151.0
SKU042,2025-09-15,169,1554602.27,9198.83,1,Product 042,Home Decor,Table,2024-04-13,4583.86,9198.83,4614.97,0,Monsoon,1,2025-09-01,206,190,13,41,123,1598790.72,14,149.0,146.0,154.0,147.0,152.75
SKU042,2025-09-22,123,1131456.09,9198.83,1,Product 042,Home Decor,Table,2024-04-13,4583.86,9198.83,4614.97,0,Monsoon,1,2025-09-01,206,190,13,41,123,1598790.72,21,169.0,149.0,162.0,133.0,156.5
SKU042,2025-09-29,132,1214245.56,9198.83,0,Product 042,Home Decor,Table,2024-04-13,4583.86,9198.83,4614.97,0,Monsoon,0,2025-09-01,206,190,13,41,123,1598790.72,28,123.0,169.0,146.0,120.0,146.75
SKU042,2025-10-06,137,1260239.71,9198.83,0,Product 042,Home Decor,Table,2024-04-13,4583.86,9198.83,4614.97,0,Autumn,0,2025-10-01,70,82,8,53,109,543278.4,5,132.0,123.0,149.0,125.0,143.25
SKU042,2025-10-13,138,1269438.54,9198.83,0,Product 042,Home Decor,Table,2024-04-13,4583.86,9198.83,4614.97,0,Autumn,0,2025-10-01,70,82,8,53,109,543278.4,12,137.0,132.0,169.0,131.0,140.25
SKU042,2025-10-20,117,1076263.1099999999,9198.83,0,Product 042,Home Decor,Table,2024-04-13,4583.86,9198.83,4614.97,1,Autumn,0,2025-10-01,70,82,8,53,109,543278.4,19,138.0,137.0,123.0,114.0,132.5
SKU042,2025-10-27,134,1232643.22,9198.83,1,Product 042,Home Decor,Table,2024-04-13,4583.86,9198.83,4614.97,0,Autumn,1,2025-10-01,70,82,8,53,109,543278.4,26,117.0,138.0,132.0,136.0,131.0
SKU042,2025-11-03,141,1297035.03,9198.83,1,Product 042,Home Decor,Table,2024-04-13,4583.86,9198.83,4614.97,0,Autumn,1,2025-11-01,151,48,8,44,96,1171929.12,2,134.0,117.0,137.0,121.0,131.5
SKU042,2025-11-10,132,1214245.56,9198.83,1,Product 042,Home Decor,Table,2024-04-13,4583.86,9198.83,4614.97,0,Autumn,1,2025-11-01,151,48,8,44,96,1171929.12,9,141.0,134.0,138.0,148.0,132.5
SKU042,2025-11-17,124,1140654.92,9198.83,1,Product 042,Home Decor,Table,2024-04-13,4583.86,9198.83,4614.97,0,Autumn,1,2025-11-01,151,48,8,44,96,1171929.12,16,132.0,141.0,117.0,138.0,131.0
SKU042,2025-11-24,142,1306233.8599999999,9198.83,1,Product 042,Home Decor,Table,2024-04-13,4583.86,9198.83,4614.97,0,Autumn,1,2025-11-01,151,48,8,44,96,1171929.12,23,124.0,132.0,134.0,133.0,132.75
SKU042,2025-12-01,156,1435017.48,9198.83,0,Product 042,Home Decor,Table,2024-04-13,4583.86,9198.83,4614.97,0,Winter,0,2025-12-01,90,120,6,41,88,698500.8,0,142.0,124.0,141.0,159.0,134.75
SKU042,2025-12-08,125,1149853.75,9198.83,0,Product 042,Home Decor,Table,2024-04-13,4583.86,9198.83,4614.97,0,Winter,0,2025-12-01,90,120,6,41,88,698500.8,7,156.0,142.0,132.0,132.0,138.5
SKU042,2025-12-15,173,1591397.5899999999,9198.83,0,Product 042,Home Decor,Table,2024-04-13,4583.86,9198.83,4614.97,0,Winter,0,2025-12-01,90,120,6,41,88,698500.8,14,125.0,156.0,124.0,122.0,136.75
SKU042,2025-12-22,148,1361426.8399999999,9198.83,0,Product 042,Home Decor,Table,2024-04-13,4583.86,9198.83,4614.97,1,Winter,0,2025-12-01,90,120,6,41,88,698500.8,21,173.0,125.0,142.0,158.0,149.0
SKU043,2024-01-01,157,1373085.8900000001,8745.77,0,Product 043,Kitchen,Cushion,2024-02-10,2605.61,8745.77,6140.16,0,Winter,0,2024-01-01,17,2,13,5,18,63453.35,0,,,,,
SKU043,2024-01-08,141,1233153.57,8745.77,0,Product 043,Kitchen,Cushion,2024-02-10,2605.61,8745.77,6140.16,0,Winter,0,2024-01-01,17,2,13,5,18,63453.35,7,157.0,,,,
SKU043,2024-01-15,140,1224407.8,8745.77,0,Product 043,Kitchen,Cushion,2024-02-10,2605.61,8745.77,6140.16,0,Winter,0,2024-01-01,17,2,13,5,18,63453.35,14,141.0,157.0,,,
SKU043,2024-01-22,166,1451797.82,8745.77,0,Product 043,Kitchen,Cushion,2024-02-10,2605.61,8745.77,6140.16,1,Winter,0,2024-01-01,17,2,13,5,18,63453.35,21,140.0,141.0,,,
SKU043,2024-01-29,173,1513018.21,8745.77,0,Product 043,Kitchen,Cushion,2024-02-10,2605.61,8745.77,6140.16,0,Winter,0,2024-01-01,17,2,13,5,18,63453.35,28,166.0,140.0,157.0,,151.0
SKU043,2024-02-05,177,1548001.29,8745.77,0,Product 043,Kitchen,Cushion,2024-02-10,2605.61,8745.77,6140.16,0,Winter,0,2024-02-01,114,410,5,97,208,425510.7,4,173.0,166.0,141.0,,155.0
SKU043,2024-02-12,152,1329357.04,8745.77,0,Product 043,Kitchen,Cushion,2024-02-10,2605.61,8745.77,6140.16,0,Winter,0,2024-02-01,114,410,5,97,208,425510.7,11,177.0,173.0,140.0,,164.0
SKU043,2024-02-19,168,1469289.36,8745.77,0,Product 043,Kitchen,Cushion,2024-02-10,2605.61,8745.77,6140.16,0,Winter,0,2024-02-01,114,410,5,97,208,425510.7,18,152.0,177.0,166.0,,167.0
SKU043,2024-02-26,182,1591730.1400000001,8745.77,1,Product 043,Kitchen,Cushion,2024-02-10,2605.61,8745.77,6140.16,0,Winter,1,2024-02-01,114,410,5,97,208,425510.7,25,168.0,152.0,173.0,,167.5
SKU043,2024-03-04,175,1530509.75,8745.77,1,Product 043,Kitchen,Cushion,2024-02-10,2605.61,8745.77,6140.16,0,Spring,1,2024-03-01,165,429,9,125,336,615870.75,3,182.0,168.0,177.0,,169.75
SKU043,2024-03-11,175,1530509.75,8745.77,1,Product 043,Kitchen,Cushion,2024-02-10,2605.61,8745.77,6140.16,0,Spring,1,2024-03-01,165,429,9,125,336,615870.75,10,175.0,182.0,152.0,,169.25
SKU043,2024-03-18,171,1495526.67,8745.77,1,Product 043,Kitchen,Cushion,2024-02-10,2605.61,8745.77,6140.16,0,Spring,1,2024-03-01,165,429,9,125,336,615870.75,17,175.0,175.0,168.0,,175.0
SKU043,2024-03-25,177,1548001.29,8745.77,1,Product 043,Kitchen,Cushion,2024-02-10,2605.61,8745.77,6140.16,0,Spring,1,2024-03-01,165,429,9,125,336,615870.75,24,171.0,175.0,182.0,,175.75
SKU043,2024-04-01,172,1504272.44,8745.77,0,Product 043,Kitchen,Cushion,2024-02-10,2605.61,8745.77,6140.16,0,Spring,0,2024-04-01,340,841,13,141,494,1269067.0,0,177.0,171.0,175.0,,174.5
SKU043,2024-04-08,170,1486780.9,8745.77,0,Product 043,Kitchen,Cushion,2024-02-10,2605.61,8745.77,6140.16,0,Spring,0,2024-04-01,340,841,13,141,494,1269067.0,7,172.0,177.0,175.0,,173.75
SKU043,2024-04-15,187,1635458.99,8745.77,0,Product 043,Kitchen,Cushion,2024-02-10,2605.61,8745.77,6140.16,0,Spring,0,2024-04-01,340,841,13,141,494,1269067.0,14,170.0,172.0,171.0,,172.5
SKU043,2024-04-22,192,1679187.8399999999,8745.77,0,Product 043,Kitchen,Cushion,2024-02-10,2605.61,8745.77,6140.16,0,Spring,0,2024-04-01,340,841,13,141,494,1269067.0,21,187.0,170.0,177.0,,176.5
SKU043,2024-04-29,174,1521763.98,8745.77,0,Product 043,Kitchen,Cushion,2024-02-10,2605.61,8745.77,6140.16,0,Spring,0,2024-04-01,340,841,13,141,494,1269067.0,28,192.0,187.0,172.0,,180.25
SKU043,2024-05-06,179,1565492.83,8745.77,0,Product 043,Kitchen,Cushion,2024-02-10,2605.61,8745.77,6140.16,0,Summer,0,2024-05-01,534,236,13,80,422,1993181.7,5,174.0,192.0,170.0,,180.75
SKU043,2024-05-13,181,1582984.3699999999,8745.77,0,Product 043,Kitchen,Cushion,2024-02-10,2605.61,8745.77,6140.16,0,Summer,0,2024-05-01,534,236,13,80,422,1993181.7,12,179.0,174.0,187.0,,183.0
SKU043,2024-05-20,178,1556747.06,8745.77,0,Product 043,Kitchen,Cushion,2024-02-10,2605.61,8745.77,6140.16,0,Summer,0,2024-05-01,534,236,13,80,422,1993181.7,19,181.0,179.0,192.0,,181.5
SKU043,2024-05-27,191,1670442.07,8745.77,1,Product 043,Kitchen,Cushion,2024-02-10,2605.61,8745.77,6140.16,0,Summer,1,2024-05-01,534,236,13,80,422,1993181.7,26,178.0,181.0,174.0,,178.0
SKU043,2024-06-03,169,1478035.13,8745.77,1,Product 043,Kitchen,Cushion,2024-02-10,2605.61,8745.77,6140.16,0,Summer,1,2024-06-01,553,22,12,86,399,2064100.15,2,191.0,178.0,179.0,,182.25
SKU043,2024-06-10,179,1565492.83,8745.77,1,Product 043,Kitchen,Cushion,2024-02-10,2605.61,8745.77,6140.16,0,Summer,1,2024-06-01,553,22,12,86,399,2064100.15,9,169.0,191.0,181.0,,179.75
SKU043,2024-06-17,169,1478035.13,8745.77,1,Product 043,Kitchen,Cushion,2024-02-10,2605.61,8745.77,6140.16,0,Summer,1,2024-06-01,553,22,12,86,399,2064100.15,16,179.0,169.0,178.0,,179.25
SKU043,2024-06-24,172,1504272.44,8745.77,1,Product 043,Kitchen,Cushion,2024-02-10,2605.61,8745.77,6140.16,0,Summer,1,2024-06-01,553,22,12,86,399,2064100.15,23,169.0,179.0,191.0,,177.0
SKU043,2024-07-01,136,1189424.72,8745.77,0,Product 043,Kitchen,Cushion,2024-02-10,2605.61,8745.77,6140.16,0,Monsoon,0,2024-07-01,873,729,13,117,454,3258516.15,0,172.0,169.0,169.0,,172.25
SKU043,2024-07-08,172,1504272.44,8745.77,0,Product 043,Kitchen,Cushion,2024-02-10,2605.61,8745.77,6140.16,0,Monsoon,0,2024-07-01,873,729,13,117,454,3258516.15,7,136.0,172.0,179.0,,164.0
SKU043,2024-07-15,141,1233153.57,8745.77,0,Product 043,Kitchen,Cushion,2024-02-10,2605.61,8745.77,6140.16,0,Monsoon,0,2024-07-01,873,729,13,117,454,3258516.15,14,172.0,136.0,169.0,,162.25
SKU043,2024-07-22,160,1399323.2,8745.77,0,Product 043,Kitchen,Cushion,2024-02-10,2605.61,8745.77,6140.16,0,Monsoon,0,2024-07-01,873,729,13,117,454,3258516.15,21,141.0,172.0,172.0,,155.25
SKU043,2024-07-29,160,1399323.2,8745.77,0,Product 043,Kitchen,Cushion,2024-02-10,2605.61,8745.77,6140.16,0,Monsoon,0,2024-07-01,873,729,13,117,454,3258516.15,28,160.0,141.0,136.0,,152.25
SKU043,2024-08-05,123,1075729.71,8745.77,0,Product 043,Kitchen,Cushion,2024-02-10,2605.61,8745.77,6140.16,0,Monsoon,0,2024-08-01,444,39,11,64,300,1657252.2,4,160.0,160.0,172.0,,158.25
SKU043,2024-08-12,136,1189424.72,8745.77,0,Product 043,Kitchen,Cushion,2024-02-10,2605.61,8745.77,6140.16,1,Monsoon,0,2024-08-01,444,39,11,64,300,1657252.2,11,123.0,160.0,141.0,,146.0
SKU043,2024-08-19,123,1075729.71,8745.77,0,Product 043,Kitchen,Cushion,2024-02-10,2605.61,8745.77,6140.16,0,Monsoon,0,2024-08-01,444,39,11,64,300,1657252.2,18,136.0,123.0,160.0,,144.75
SKU043,2024-08-26,140,1224407.8,8745.77,1,Product 043,Kitchen,Cushion,2024-02-10,2605.61,8745.77,6140.16,0,Monsoon,1,2024-08-01,444,39,11,64,300,1657252.2,25,123.0,136.0,160.0,,135.5
SKU043,2024-09-02,148,1294373.96,8745.77,1,Product 043,Kitchen,Cushion,2024-02-10,2605.61,8745.77,6140.16,0,Monsoon,1,2024-09-01,188,117,5,125,222,701719.4,1,140.0,123.0,123.0,,130.5
SKU043,2024-09-09,124,1084475.48,8745.77,1,Product 043,Kitchen,Cushion,2024-02-10,2605.61,8745.77,6140.16,0,Monsoon,1,2024-09-01,188,117,5,125,222,701719.4,8,148.0,140.0,136.0,,136.75
SKU043,2024-09-16,136,1189424.72,8745.77,1,Product 043,Kitchen,Cushion,2024-02-10,2605.61,8745.77,6140.16,0,Monsoon,1,2024-09-01,188,117,5,125,222,701719.4,15,124.0,148.0,123.0,,133.75
SKU043,2024-09-23,140,1224407.8,8745.77,1,Product 043,Kitchen,Cushion,2024-02-10,2605.61,8745.77,6140.16,0,Monsoon,1,2024-09-01,188,117,5,125,222,701719.4,22,136.0,124.0,140.0,,137.0
SKU043,2024-09-30,130,1136950.1,8745.77,0,Product 043,Kitchen,Cushion,2024-02-10,2605.61,8745.77,6140.16,0,Monsoon,0,2024-09-01,188,117,5,125,222,701719.4,29,140.0,136.0,148.0,,137.0
SKU043,2024-10-07,113,988272.01,8745.77,0,Product 043,Kitchen,Cushion,2024-02-10,2605.61,8745.77,6140.16,0,Autumn,0,2024-10-01,466,28,9,104,287,1739368.3,6,130.0,140.0,124.0,,132.5
SKU043,2024-10-14,121,1058238.17,8745.77,0,Product 043,Kitchen,Cushion,2024-02-10,2605.61,8745.77,6140.16,0,Autumn,0,2024-10-01,466,28,9,104,287,1739368.3,13,113.0,130.0,136.0,,129.75
SKU043,2024-10-21,132,1154441.6400000001,8745.77,0,Product 043,Kitchen,Cushion,2024-02-10,2605.61,8745.77,6140.16,0,Autumn,0,2024-10-01,466,28,9,104,287,1739368.3,20,121.0,113.0,140.0,,126.0
SKU043,2024-10-28,130,1136950.0999999999,8745.77,1,Product 043,Kitchen,Cushion,2024-02-10,2605.61,8745.77,6140.16,1,Autumn,1,2024-10-01,466,28,9,104,287,1739368.3,27,132.0,121.0,130.0,,124.0
SKU043,2024-11-04,128,1119458.56,8745.77,1,Product 043,Kitchen,Cushion,2024-02-10,2605.61,8745.77,6140.16,0,Autumn,1,2024-11-01,104,213,11,138,336,388185.2,3,130.0,132.0,113.0,,124.0
SKU043,2024-11-11,140,1224407.8,8745.77,1,Product 043,Kitchen,Cushion,2024-02-10,2605.61,8745.77,6140.16,0,Autumn,1,2024-11-01,104,213,11,138,336,388185.2,10,128.0,130.0,121.0,,127.75
SKU043,2024-11-18,142,1241899.3399999999,8745.77,1,Product 043,Kitchen,Cushion,2024-02-10,2605.61,8745.77,6140.16,0,Autumn,1,2024-11-01,104,213,11,138,336,388185.2,17,140.0,128.0,132.0,,132.5
SKU043,2024-11-25,127,1110712.79,8745.77,1,Product 043,Kitchen,Cushion,2024-02-10,2605.61,8745.77,6140.16,0,Autumn,1,2024-11-01,104,213,11,138,336,388185.2,24,142.0,140.0,130.0,,135.0
SKU043,2024-12-02,147,1285628.19,8745.77,0,Product 043,Kitchen,Cushion,2024-02-10,2605.61,8745.77,6140.16,0,Winter,0,2024-12-01,338,353,4,107,193,1261601.9,1,127.0,142.0,128.0,,134.25
SKU043,2024-12-09,133,1163187.41,8745.77,0,Product 043,Kitchen,Cushion,2024-02-10,2605.61,8745.77,6140.16,0,Winter,0,2024-12-01,338,353,4,107,193,1261601.9,8,147.0,127.0,140.0,,139.0
SKU043,2024-12-16,133,1163187.41,8745.77,0,Product 043,Kitchen,Cushion,2024-02-10,2605.61,8745.77,6140.16,0,Winter,0,2024-12-01,338,353,4,107,193,1261601.9,15,133.0,147.0,142.0,,137.25
SKU043,2024-12-23,131,1145695.8699999999,8745.77,0,Product 043,Kitchen,Cushion,2024-02-10,2605.61,8745.77,6140.16,1,Winter,0,2024-12-01,338,353,4,107,193,1261601.9,22,133.0,133.0,127.0,,135.0
SKU043,2024-12-30,169,1478035.1300000001,8745.77,0,Product 043,Kitchen,Cushion,2024-02-10,2605.61,8745.77,6140.16,0,Winter,0,2024-12-01,338,353,4,107,193,1261601.9,29,131.0,133.0,147.0,157.0,136.0
SKU043,2025-01-06,166,1451797.82,8745.77,0,Product 043,Kitchen,Cushion,2024-02-10,2605.61,8745.77,6140.16,0,Winter,0,2025-01-01,425,218,11,114,325,1586333.75,5,169.0,131.0,133.0,141.0,141.5
SKU043,2025-01-13,157,1373085.89,8745.77,0,Product 043,Kitchen,Cushion,2024-02-10,2605.61,8745.77,6140.16,0,Winter,0,2025-01-01,425,218,11,114,325,1586333.75,12,166.0,169.0,133.0,140.0,149.75
SKU043,2025-01-20,155,1355594.3499999999,8745.77,0,Product 043,Kitchen,Cushion,2024-02-10,2605.61,8745.77,6140.16,1,Winter,0,2025-01-01,425,218,11,114,325,1586333.75,19,157.0,166.0,131.0,166.0,155.75
SKU043,2025-01-27,161,1408068.97,8745.77,0,Product 043,Kitchen,Cushion,2024-02-10,2605.61,8745.77,6140.16,0,Winter,0,2025-01-01,425,218,11,114,325,1586333.75,26,155.0,157.0,169.0,173.0,161.75
SKU043,2025-02-03,191,1670442.07,8745.77,0,Product 043,Kitchen,Cushion,2024-02-10,2605.61,8745.77,6140.16,0,Winter,0,2025-02-01,589,11,10,120,317,2198471.95,2,161.0,155.0,166.0,177.0,159.75
SKU043,2025-02-10,168,1469289.3599999999,8745.77,0,Product 043,Kitchen,Cushion,2024-02-10,2605.61,8745.77,6140.16,0,Winter,0,2025-02-01,589,11,10,120,317,2198471.95,9,191.0,161.0,157.0,152.0,166.0
SKU043,2025-02-17,153,1338102.81,8745.77,0,Product 043,Kitchen,Cushion,2024-02-10,2605.61,8745.77,6140.16,0,Winter,0,2025-02-01,589,11,10,120,317,2198471.95,16,168.0,191.0,155.0,168.0,168.75
SKU043,2025-02-24,193,1687933.6099999999,8745.77,1,Product 043,Kitchen,Cushion,2024-02-10,2605.61,8745.77,6140.16,0,Winter,1,2025-02-01,589,11,10,120,317,2198471.95,23,153.0,168.0,161.0,182.0,168.25
SKU043,2025-03-03,186,1626713.22,8745.77,1,Product 043,Kitchen,Cushion,2024-02-10,2605.61,8745.77,6140.16,0,Spring,1,2025-03-01,428,7,8,80,281,1597531.4,2,193.0,153.0,191.0,175.0,176.25
SKU043,2025-03-10,184,1609221.68,8745.77,1,Product 043,Kitchen,Cushion,2024-02-10,2605.61,8745.77,6140.16,0,Spring,1,2025-03-01,428,7,8,80,281,1597531.4,9,186.0,193.0,168.0,175.0,175.0
SKU043,2025-03-17,191,1670442.07,8745.77,1,Product 043,Kitchen,Cushion,2024-02-10,2605.61,8745.77,6140.16,0,Spring,1,2025-03-01,428,7,8,80,281,1597531.4,16,184.0,186.0,153.0,171.0,179.0
SKU043,2025-03-24,200,1749154.0,8745.77,1,Product 043,Kitchen,Cushion,2024-02-10,2605.61,8745.77,6140.16,0,Spring,1,2025-03-01,428,7,8,80,281,1597531.4,23,191.0,184.0,193.0,177.0,188.5
SKU043,2025-03-31,188,1644204.76,8745.77,0,Product 043,Kitchen,Cushion,2024-02-10,2605.61,8745.77,6140.16,0,Spring,0,2025-03-01,428,7,8,80,281,1597531.4,30,200.0,191.0,186.0,172.0,190.25
SKU043,2025-04-07,176,1539255.52,8745.77,0,Product 043,Kitchen,Cushion,2024-02-10,2605.61,8745.77,6140.16,0,Spring,0,2025-04-01,785,470,13,166,534,2930051.75,6,188.0,200.0,184.0,170.0,190.75
SKU043,2025-04-14,184,1609221.6800000002,8745.77,0,Product 043,Kitchen,Cushion,2024-02-10,2605.61,8745.77,6140.16,0,Spring,0,2025-04-01,785,470,13,166,534,2930051.75,13,176.0,188.0,191.0,187.0,188.75
SKU043,2025-04-21,176,1539255.52,8745.77,0,Product 043,Kitchen,Cushion,2024-02-10,2605.61,8745.77,6140.16,0,Spring,0,2025-04-01,785,470,13,166,534,2930051.75,20,184.0,176.0,200.0,192.0,187.0
SKU043,2025-04-28,179,1565492.83,8745.77,0,Product 043,Kitchen,Cushion,2024-02-10,2605.61,8745.77,6140.16,0,Spring,0,2025-04-01,785,470,13,166,534,2930051.75,27,176.0,184.0,188.0,174.0,181.0
SKU043,2025-05-05,165,1443052.05,8745.77,0,Product 043,Kitchen,Cushion,2024-02-10,2605.61,8745.77,6140.16,0,Summer,0,2025-05-01,213,479,6,117,273,795033.15,4,179.0,176.0,176.0,179.0,178.75
SKU043,2025-05-12,170,1486780.9,8745.77,0,Product 043,Kitchen,Cushion,2024-02-10,2605.61,8745.77,6140.16,0,Summer,0,2025-05-01,213,479,6,117,273,795033.15,11,165.0,179.0,184.0,181.0,176.0
SKU043,2025-05-19,184,1609221.68,8745.77,0,Product 043,Kitchen,Cushion,2024-02-10,2605.61,8745.77,6140.16,0,Summer,0,2025-05-01,213,479,6,117,273,795033.15,18,170.0,165.0,176.0,178.0,172.5
SKU043,2025-05-26,192,1679187.84,8745.77,1,Product 043,Kitchen,Cushion,2024-02-10,2605.61,8745.77,6140.16,0,Summer,1,2025-05-01,213,479,6,117,273,795033.15,25,184.0,170.0,179.0,191.0,174.5
SKU043,2025-06-02,194,1696679.38,8745.77,1,Product 043,Kitchen,Cushion,2024-02-10,2605.61,8745.77,6140.16,0,Summer,1,2025-06-01,490,465,5,195,326,1828949.5,1,192.0,184.0,165.0,169.0,177.75
SKU043,2025-06-09,178,1556747.06,8745.77,1,Product 043,Kitchen,Cushion,2024-02-10,2605.61,8745.77,6140.16,0,Summer,1,2025-06-01,490,465,5,195,326,1828949.5,8,194.0,192.0,170.0,179.0,185.0
SKU043,2025-06-16,180,1574238.6,8745.77,1,Product 043,Kitchen,Cushion,2024-02-10,2605.61,8745.77,6140.16,0,Summer,1,2025-06-01,490,465,5,195,326,1828949.5,15,178.0,194.0,184.0,169.0,187.0
SKU043,2025-06-23,179,1565492.83,8745.77,1,Product 043,Kitchen,Cushion,2024-02-10,2605.61,8745.77,6140.16,0,Summer,1,2025-06-01,490,465,5,195,326,1828949.5,22,180.0,178.0,192.0,172.0,186.0
SKU043,2025-06-30,155,1355594.35,8745.77,0,Product 043,Kitchen,Cushion,2024-02-10,2605.61,8745.77,6140.16,0,Summer,0,2025-06-01,490,465,5,195,326,1828949.5,29,179.0,180.0,194.0,136.0,182.75
SKU043,2025-07-07,161,1408068.97,8745.77,0,Product 043,Kitchen,Cushion,2024-02-10,2605.61,8745.77,6140.16,0,Monsoon,0,2025-07-01,565,297,12,176,505,2108890.75,6,155.0,179.0,178.0,172.0,173.0
SKU043,2025-07-14,161,1408068.97,8745.77,0,Product 043,Kitchen,Cushion,2024-02-10,2605.61,8745.77,6140.16,0,Monsoon,0,2025-07-01,565,297,12,176,505,2108890.75,13,161.0,155.0,180.0,141.0,168.75
SKU043,2025-07-21,132,1154441.64,8745.77,0,Product 043,Kitchen,Cushion,2024-02-10,2605.61,8745.77,6140.16,0,Monsoon,0,2025-07-01,565,297,12,176,505,2108890.75,20,161.0,161.0,179.0,160.0,164.0
SKU043,2025-07-28,149,1303119.73,8745.77,0,Product 043,Kitchen,Cushion,2024-02-10,2605.61,8745.77,6140.16,0,Monsoon,0,2025-07-01,565,297,12,176,505,2108890.75,27,132.0,161.0,155.0,160.0,152.25
SKU043,2025-08-04,156,1364340.12,8745.77,0,Product 043,Kitchen,Cushion,2024-02-10,2605.61,8745.77,6140.16,0,Monsoon,0,2025-08-01,337,437,5,156,264,1257869.35,3,149.0,132.0,161.0,123.0,150.75
SKU043,2025-08-11,142,1241899.34,8745.77,0,Product 043,Kitchen,Cushion,2024-02-10,2605.61,8745.77,6140.16,1,Monsoon,0,2025-08-01,337,437,5,156,264,1257869.35,10,156.0,149.0,161.0,136.0,149.5
SKU043,2025-08-18,130,1136950.1,8745.77,0,Product 043,Kitchen,Cushion,2024-02-10,2605.61,8745.77,6140.16,0,Monsoon,0,2025-08-01,337,437,5,156,264,1257869.35,17,142.0,156.0,132.0,123.0,144.75
SKU043,2025-08-25,139,1215662.03,8745.77,0,Product 043,Kitchen,Cushion,2024-02-10,2605.61,8745.77,6140.16,0,Monsoon,0,2025-08-01,337,437,5,156,264,1257869.35,24,130.0,142.0,149.0,140.0,144.25
SKU043,2025-09-01,133,1163187.4100000001,8745.77,1,Product 043,Kitchen,Cushion,2024-02-10,2605.61,8745.77,6140.16,0,Monsoon,1,2025-09-01,617,326,12,66,320,2302983.35,0,139.0,130.0,156.0,148.0,141.75
SKU043,2025-09-08,143,1250645.1099999999,8745.77,1,Product 043,Kitchen,Cushion,2024-02-10,2605.61,8745.77,6140.16,0,Monsoon,1,2025-09-01,617,326,12,66,320,2302983.35,7,133.0,139.0,142.0,124.0,136.0
SKU043,2025-09-15,143,1250645.1099999999,8745.77,1,Product 043,Kitchen,Cushion,2024-02-10,2605.61,8745.77,6140.16,0,Monsoon,1,2025-09-01,617,326,12,66,320,2302983.35,14,143.0,133.0,130.0,136.0,136.25
SKU043,2025-09-22,121,1058238.17,8745.77,1,Product 043,Kitchen,Cushion,2024-02-10,2605.61,8745.77,6140.16,0,Monsoon,1,2025-09-01,617,326,12,66,320,2302983.35,21,143.0,143.0,139.0,140.0,139.5
SKU043,2025-09-29,115,1005763.55,8745.77,0,Product 043,Kitchen,Cushion,2024-02-10,2605.61,8745.77,6140.16,0,Monsoon,0,2025-09-01,617,326,12,66,320,2302983.35,28,121.0,143.0,133.0,130.0,135.0
SKU043,2025-10-06,125,1093221.25,8745.77,0,Product 043,Kitchen,Cushion,2024-02-10,2605.61,8745.77,6140.16,0,Autumn,0,2025-10-01,540,528,11,63,276,2015577.0,5,115.0,121.0,143.0,113.0,130.5
SKU043,2025-10-13,123,1075729.71,8745.77,0,Product 043,Kitchen,Cushion,2024-02-10,2605.61,8745.77,6140.16,0,Autumn,0,2025-10-01,540,528,11,63,276,2015577.0,12,125.0,115.0,143.0,121.0,126.0
SKU043,2025-10-20,117,1023255.09,8745.77,0,Product 043,Kitchen,Cushion,2024-02-10,2605.61,8745.77,6140.16,1,Autumn,0,2025-10-01,540,528,11,63,276,2015577.0,19,123.0,125.0,121.0,132.0,121.0
SKU043,2025-10-27,147,1285628.19,8745.77,1,Product 043,Kitchen,Cushion,2024-02-10,2605.61,8745.77,6140.16,0,Autumn,1,2025-10-01,540,528,11,63,276,2015577.0,26,117.0,123.0,115.0,130.0,120.0
SKU043,2025-11-03,148,1294373.96,8745.77,1,Product 043,Kitchen,Cushion,2024-02-10,2605.61,8745.77,6140.16,0,Autumn,1,2025-11-01,112,491,10,75,251,418045.6,2,147.0,117.0,125.0,128.0,128.0
SKU043,2025-11-10,145,1268136.65,8745.77,1,Product 043,Kitchen,Cushion,2024-02-10,2605.61,8745.77,6140.16,0,Autumn,1,2025-11-01,112,491,10,75,251,418045.6,9,148.0,147.0,123.0,140.0,133.75
SKU043,2025-11-17,144,1259390.88,8745.77,1,Product 043,Kitchen,Cushion,2024-02-10,2605.61,8745.77,6140.16,0,Autumn,1,2025-11-01,112,491,10,75,251,418045.6,16,145.0,148.0,117.0,142.0,139.25
SKU043,2025-11-24,113,988272.01,8745.77,1,Product 043,Kitchen,Cushion,2024-02-10,2605.61,8745.77,6140.16,0,Autumn,1,2025-11-01,112,491,10,75,251,418045.6,23,144.0,145.0,147.0,127.0,146.0
SKU043,2025-12-01,127,1110712.79,8745.77,0,Product 043,Kitchen,Cushion,2024-02-10,2605.61,8745.77,6140.16,0,Winter,0,2025-12-01,559,211,12,142,393,2086495.45,0,113.0,144.0,148.0,147.0,137.5
SKU043,2025-12-08,142,1241899.34,8745.77,0,Product 043,Kitchen,Cushion,2024-02-10,2605.61,8745.77,6140.16,0,Winter,0,2025-12-01,559,211,12,142,393,2086495.45,7,127.0,113.0,145.0,133.0,132.25
SKU043,2025-12-15,132,1154441.6400000001,8745.77,0,Product 043,Kitchen,Cushion,2024-02-10,2605.61,8745.77,6140.16,0,Winter,0,2025-12-01,559,211,12,142,393,2086495.45,14,142.0,127.0,144.0,133.0,131.5
SKU043,2025-12-22,126,1101967.02,8745.77,0,Product 043,Kitchen,Cushion,2024-02-10,2605.61,8745.77,6140.16,1,Winter,0,2025-12-01,559,211,12,142,393,2086495.45,21,132.0,142.0,113.0,131.0,128.5
SKU044,2024-01-01,66,357210.48,5412.28,0,Product 044,Lighting,Cookware,2023-01-25,488.84,5412.28,4923.44,0,Winter,0,2024-01-01,27,6,13,5,18,26919.81,0,,,,,
SKU044,2024-01-08,83,449219.24,5412.28,0,Product 044,Lighting,Cookware,2023-01-25,488.84,5412.28,4923.44,0,Winter,0,2024-01-01,27,6,13,5,18,26919.81,7,66.0,,,,
SKU044,2024-01-15,71,384271.88,5412.28,0,Product 044,Lighting,Cookware,2023-01-25,488.84,5412.28,4923.44,0,Winter,0,2024-01-01,27,6,13,5,18,26919.81,14,83.0,66.0,,,
SKU044,2024-01-22,64,346385.92,5412.28,0,Product 044,Lighting,Cookware,2023-01-25,488.84,5412.28,4923.44,1,Winter,0,2024-01-01,27,6,13,5,18,26919.81,21,71.0,83.0,,,
SKU044,2024-01-29,76,411333.28,5412.28,0,Product 044,Lighting,Cookware,2023-01-25,488.84,5412.28,4923.44,0,Winter,0,2024-01-01,27,6,13,5,18,26919.81,28,64.0,71.0,66.0,,71.0
SKU044,2024-02-05,65,351798.2,5412.28,0,Product 044,Lighting,Cookware,2023-01-25,488.84,5412.28,4923.44,0,Winter,0,2024-02-01,257,185,14,27,136,256236.71,4,76.0,64.0,83.0,,73.5
SKU044,2024-02-12,77,416745.56,5412.28,0,Product 044,Lighting,Cookware,2023-01-25,488.84,5412.28,4923.44,0,Winter,0,2024-02-01,257,185,14,27,136,256236.71,11,65.0,76.0,71.0,,69.0
SKU044,2024-02-19,70,378859.6,5412.28,0,Product 044,Lighting,Cookware,2023-01-25,488.84,5412.28,4923.44,0,Winter,0,2024-02-01,257,185,14,27,136,256236.71,18,77.0,65.0,64.0,,70.5
SKU044,2024-02-26,89,481692.92,5412.28,1,Product 044,Lighting,Cookware,2023-01-25,488.84,5412.28,4923.44,0,Winter,1,2024-02-01,257,185,14,27,136,256236.71,25,70.0,77.0,76.0,,72.0
SKU044,2024-03-04,69,373447.32,5412.28,1,Product 044,Lighting,Cookware,2023-01-25,488.84,5412.28,4923.44,0,Spring,1,2024-03-01,47,64,3,44,68,46860.41,3,89.0,70.0,65.0,,75.25
SKU044,2024-03-11,94,508754.32,5412.28,1,Product 044,Lighting,Cookware,2023-01-25,488.84,5412.28,4923.44,0,Spring,1,2024-03-01,47,64,3,44,68,46860.41,10,69.0,89.0,77.0,,76.25
SKU044,2024-03-18,78,422157.83999999997,5412.28,1,Product 044,Lighting,Cookware,2023-01-25,488.84,5412.28,4923.44,0,Spring,1,2024-03-01,47,64,3,44,68,46860.41,17,94.0,69.0,70.0,,80.5
SKU044,2024-03-25,88,476280.64,5412.28,1,Product 044,Lighting,Cookware,2023-01-25,488.84,5412.28,4923.44,0,Spring,1,2024-03-01,47,64,3,44,68,46860.41,24,78.0,94.0,89.0,,82.5
SKU044,2024-04-01,81,438394.68,5412.28,0,Product 044,Lighting,Cookware,2023-01-25,488.84,5412.28,4923.44,0,Spring,0,2024-04-01,143,148,3,81,112,142575.29,0,88.0,78.0,69.0,,82.25
SKU044,2024-04-08,76,411333.28,5412.28,0,Product 044,Lighting,Cookware,2023-01-25,488.84,5412.28,4923.44,0,Spring,0,2024-04-01,143,148,3,81,112,142575.29,7,81.0,88.0,94.0,,85.25
SKU044,2024-04-15,77,416745.56,5412.28,0,Product 044,Lighting,Cookware,2023-01-25,488.84,5412.28,4923.44,0,Spring,0,2024-04-01,143,148,3,81,112,142575.29,14,76.0,81.0,78.0,,80.75
SKU044,2024-04-22,84,454631.52,5412.28,0,Product 044,Lighting,Cookware,2023-01-25,488.84,5412.28,4923.44,0,Spring,0,2024-04-01,143,148,3,81,112,142575.29,21,77.0,76.0,88.0,,80.5
SKU044,2024-04-29,79,427570.12,5412.28,0,Product 044,Lighting,Cookware,2023-01-25,488.84,5412.28,4923.44,0,Spring,0,2024-04-01,143,148,3,81,112,142575.29,28,84.0,77.0,81.0,,79.5
SKU044,2024-05-06,84,454631.51999999996,5412.28,0,Product 044,Lighting,Cookware,2023-01-25,488.84,5412.28,4923.44,0,Summer,0,2024-05-01,205,170,7,52,118,204391.15,5,79.0,84.0,76.0,,79.0
SKU044,2024-05-13,70,378859.6,5412.28,0,Product 044,Lighting,Cookware,2023-01-25,488.84,5412.28,4923.44,0,Summer,0,2024-05-01,205,170,7,52,118,204391.15,12,84.0,79.0,77.0,,81.0
SKU044,2024-05-20,77,416745.56,5412.28,0,Product 044,Lighting,Cookware,2023-01-25,488.84,5412.28,4923.44,0,Summer,0,2024-05-01,205,170,7,52,118,204391.15,19,70.0,84.0,84.0,,79.25
SKU044,2024-05-27,85,460043.8,5412.28,1,Product 044,Lighting,Cookware,2023-01-25,488.84,5412.28,4923.44,0,Summer,1,2024-05-01,205,170,7,52,118,204391.15,26,77.0,70.0,79.0,,77.5
SKU044,2024-06-03,78,422157.83999999997,5412.28,1,Product 044,Lighting,Cookware,2023-01-25,488.84,5412.28,4923.44,0,Summer,1,2024-06-01,321,323,14,67,205,320046.63,2,85.0,77.0,84.0,,79.0
SKU044,2024-06-10,81,438394.68,5412.28,1,Product 044,Lighting,Cookware,2023-01-25,488.84,5412.28,4923.44,0,Summer,1,2024-06-01,321,323,14,67,205,320046.63,9,78.0,85.0,70.0,,77.5
SKU044,2024-06-17,77,416745.56,5412.28,1,Product 044,Lighting,Cookware,2023-01-25,488.84,5412.28,4923.44,0,Summer,1,2024-06-01,321,323,14,67,205,320046.63,16,81.0,78.0,77.0,,80.25
SKU044,2024-06-24,90,487105.2,5412.28,1,Product 044,Lighting,Cookware,2023-01-25,488.84,5412.28,4923.44,0,Summer,1,2024-06-01,321,323,14,67,205,320046.63,23,77.0,81.0,85.0,,80.25
SKU044,2024-07-01,71,384271.88,5412.28,0,Product 044,Lighting,Cookware,2023-01-25,488.84,5412.28,4923.44,0,Monsoon,0,2024-07-01,60,26,3,45,74,59821.8,0,90.0,77.0,78.0,,81.5
SKU044,2024-07-08,71,384271.88,5412.28,0,Product 044,Lighting,Cookware,2023-01-25,488.84,5412.28,4923.44,0,Monsoon,0,2024-07-01,60,26,3,45,74,59821.8,7,71.0,90.0,81.0,,79.75
SKU044,2024-07-15,78,422157.83999999997,5412.28,0,Product 044,Lighting,Cookware,2023-01-25,488.84,5412.28,4923.44,0,Monsoon,0,2024-07-01,60,26,3,45,74,59821.8,14,71.0,71.0,77.0,,77.25
SKU044,2024-07-22,78,422157.83999999997,5412.28,0,Product 044,Lighting,Cookware,2023-01-25,488.84,5412.28,4923.44,0,Monsoon,0,2024-07-01,60,26,3,45,74,59821.8,21,78.0,71.0,90.0,,77.5
SKU044,2024-07-29,66,357210.48,5412.28,0,Product 044,Lighting,Cookware,2023-01-25,488.84,5412.28,4923.44,0,Monsoon,0,2024-07-01,60,26,3,45,74,59821.8,28,78.0,78.0,71.0,,74.5
SKU044,2024-08-05,60,324736.8,5412.28,0,Product 044,Lighting,Cookware,2023-01-25,488.84,5412.28,4923.44,0,Monsoon,0,2024-08-01,194,231,10,65,147,193423.82,4,66.0,78.0,71.0,,73.25
SKU044,2024-08-12,76,411333.28,5412.28,0,Product 044,Lighting,Cookware,2023-01-25,488.84,5412.28,4923.44,1,Monsoon,0,2024-08-01,194,231,10,65,147,193423.82,11,60.0,66.0,78.0,,70.5
SKU044,2024-08-19,55,297675.39999999997,5412.28,0,Product 044,Lighting,Cookware,2023-01-25,488.84,5412.28,4923.44,0,Monsoon,0,2024-08-01,194,231,10,65,147,193423.82,18,76.0,60.0,78.0,,70.0
SKU044,2024-08-26,70,378859.6,5412.28,1,Product 044,Lighting,Cookware,2023-01-25,488.84,5412.28,4923.44,0,Monsoon,1,2024-08-01,194,231,10,65,147,193423.82,25,55.0,76.0,66.0,,64.25
SKU044,2024-09-02,60,324736.8,5412.28,1,Product 044,Lighting,Cookware,2023-01-25,488.84,5412.28,4923.44,0,Monsoon,1,2024-09-01,73,164,10,37,105,72783.19,1,70.0,55.0,60.0,,65.25
SKU044,2024-09-09,63,340973.64,5412.28,1,Product 044,Lighting,Cookware,2023-01-25,488.84,5412.28,4923.44,0,Monsoon,1,2024-09-01,73,164,10,37,105,72783.19,8,60.0,70.0,76.0,,65.25
SKU044,2024-09-16,56,303087.68,5412.28,1,Product 044,Lighting,Cookware,2023-01-25,488.84,5412.28,4923.44,0,Monsoon,1,2024-09-01,73,164,10,37,105,72783.19,15,63.0,60.0,55.0,,62.0
SKU044,2024-09-23,68,368035.04,5412.28,1,Product 044,Lighting,Cookware,2023-01-25,488.84,5412.28,4923.44,0,Monsoon,1,2024-09-01,73,164,10,37,105,72783.19,22,56.0,63.0,70.0,,62.25
SKU044,2024-09-30,48,259789.44,5412.28,0,Product 044,Lighting,Cookware,2023-01-25,488.84,5412.28,4923.44,0,Monsoon,0,2024-09-01,73,164,10,37,105,72783.19,29,68.0,56.0,60.0,,61.75
SKU044,2024-10-07,57,308499.95999999996,5412.28,0,Product 044,Lighting,Cookware,2023-01-25,488.84,5412.28,4923.44,0,Autumn,0,2024-10-01,174,31,11,55,138,173483.22,6,48.0,68.0,63.0,,58.75
SKU044,2024-10-14,61,330149.08,5412.28,0,Product 044,Lighting,Cookware,2023-01-25,488.84,5412.28,4923.44,0,Autumn,0,2024-10-01,174,31,11,55,138,173483.22,13,57.0,48.0,56.0,,57.25
SKU044,2024-10-21,57,308499.96,5412.28,0,Product 044,Lighting,Cookware,2023-01-25,488.84,5412.28,4923.44,0,Autumn,0,2024-10-01,174,31,11,55,138,173483.22,20,61.0,57.0,68.0,,58.5
SKU044,2024-10-28,59,319324.52,5412.28,1,Product 044,Lighting,Cookware,2023-01-25,488.84,5412.28,4923.44,1,Autumn,1,2024-10-01,174,31,11,55,138,173483.22,27,57.0,61.0,48.0,,55.75
SKU044,2024-11-04,48,259789.44,5412.28,1,Product 044,Lighting,Cookware,2023-01-25,488.84,5412.28,4923.44,0,Autumn,1,2024-11-01,53,201,11,30,111,52842.59,3,59.0,57.0,57.0,,58.5
SKU044,2024-11-11,54,292263.12,5412.28,1,Product 044,Lighting,Cookware,2023-01-25,488.84,5412.28,4923.44,0,Autumn,1,2024-11-01,53,201,11,30,111,52842.59,10,48.0,59.0,61.0,,56.25
SKU044,2024-11-18,44,238140.32,5412.28,1,Product 044,Lighting,Cookware,2023-01-25,488.84,5412.28,4923.44,0,Autumn,1,2024-11-01,53,201,11,30,111,52842.59,17,54.0,48.0,57.0,,54.5
SKU044,2024-11-25,59,319324.52,5412.28,1,Product 044,Lighting,Cookware,2023-01-25,488.84,5412.28,4923.44,0,Autumn,1,2024-11-01,53,201,11,30,111,52842.59,24,44.0,54.0,59.0,,51.25
SKU044,2024-12-02,50,270614.0,5412.28,0,Product 044,Lighting,Cookware,2023-01-25,488.84,5412.28,4923.44,0,Winter,0,2024-12-01,129,102,10,35,118,128616.87,1,59.0,44.0,48.0,,51.25
SKU044,2024-12-09,54,292263.12,5412.28,0,Product 044,Lighting,Cookware,2023-01-25,488.84,5412.28,4923.44,0,Winter,0,2024-12-01,129,102,10,35,118,128616.87,8,50.0,59.0,54.0,,51.75
SKU044,2024-12-16,52,281438.56,5412.28,0,Product 044,Lighting,Cookware,2023-01-25,488.84,5412.28,4923.44,0,Winter,0,2024-12-01,129,102,10,35,118,128616.87,15,54.0,50.0,44.0,,51.75
SKU044,2024-12-23,60,324736.8,5412.28,0,Product 044,Lighting,Cookware,2023-01-25,488.84,5412.28,4923.44,1,Winter,0,2024-12-01,129,102,10,35,118,128616.87,22,52.0,54.0,59.0,,53.75
SKU044,2024-12-30,63,340973.64,5412.28,0,Product 044,Lighting,Cookware,2023-01-25,488.84,5412.28,4923.44,0,Winter,0,2024-12-01,129,102,10,35,118,128616.87,29,60.0,52.0,50.0,66.0,54.0
SKU044,2025-01-06,76,411333.27999999997,5412.28,0,Product 044,Lighting,Cookware,2023-01-25,488.84,5412.28,4923.44,0,Winter,0,2025-01-01,193,49,6,36,80,192426.79,5,63.0,60.0,54.0,83.0,57.25
SKU044,2025-01-13,81,438394.68,5412.28,0,Product 044,Lighting,Cookware,2023-01-25,488.84,5412.28,4923.44,0,Winter,0,2025-01-01,193,49,6,36,80,192426.79,12,76.0,63.0,52.0,71.0,62.75
SKU044,2025-01-20,71,384271.88,5412.28,0,Product 044,Lighting,Cookware,2023-01-25,488.84,5412.28,4923.44,1,Winter,0,2025-01-01,193,49,6,36,80,192426.79,19,81.0,76.0,60.0,64.0,70.0
SKU044,2025-01-27,67,362622.76,5412.28,0,Product 044,Lighting,Cookware,2023-01-25,488.84,5412.28,4923.44,0,Winter,0,2025-01-01,193,49,6,36,80,192426.79,26,71.0,81.0,63.0,76.0,72.75
SKU044,2025-02-03,69,373447.32,5412.28,0,Product 044,Lighting,Cookware,2023-01-25,488.84,5412.28,4923.44,0,Winter,0,2025-02-01,165,7,4,24,54,164509.95,2,67.0,71.0,76.0,65.0,73.75
SKU044,2025-02-10,66,357210.48,5412.28,0,Product 044,Lighting,Cookware,2023-01-25,488.84,5412.28,4923.44,0,Winter,0,2025-02-01,165,7,4,24,54,164509.95,9,69.0,67.0,81.0,77.0,72.0
SKU044,2025-02-17,67,362622.76,5412.28,0,Product 044,Lighting,Cookware,2023-01-25,488.84,5412.28,4923.44,0,Winter,0,2025-02-01,165,7,4,24,54,164509.95,16,66.0,69.0,71.0,70.0,68.25
SKU044,2025-02-24,75,405921.0,5412.28,1,Product 044,Lighting,Cookware,2023-01-25,488.84,5412.28,4923.44,0,Winter,1,2025-02-01,165,7,4,24,54,164509.95,23,67.0,66.0,67.0,89.0,67.25
SKU044,2025-03-03,90,487105.2,5412.28,1,Product 044,Lighting,Cookware,2023-01-25,488.84,5412.28,4923.44,0,Spring,1,2025-03-01,170,125,8,47,119,169495.1,2,75.0,67.0,69.0,69.0,69.25
SKU044,2025-03-10,88,476280.64,5412.28,1,Product 044,Lighting,Cookware,2023-01-25,488.84,5412.28,4923.44,0,Spring,1,2025-03-01,170,125,8,47,119,169495.1,9,90.0,75.0,66.0,94.0,74.5
SKU044,2025-03-17,85,460043.8,5412.28,1,Product 044,Lighting,Cookware,2023-01-25,488.84,5412.28,4923.44,0,Spring,1,2025-03-01,170,125,8,47,119,169495.1,16,88.0,90.0,67.0,78.0,80.0
SKU044,2025-03-24,76,411333.27999999997,5412.28,1,Product 044,Lighting,Cookware,2023-01-25,488.84,5412.28,4923.44,0,Spring,1,2025-03-01,170,125,8,47,119,169495.1,23,85.0,88.0,75.0,88.0,84.5
SKU044,2025-03-31,85,460043.8,5412.28,0,Product 044,Lighting,Cookware,2023-01-25,488.84,5412.28,4923.44,0,Spring,0,2025-03-01,170,125,8,47,119,169495.1,30,76.0,85.0,90.0,81.0,84.75
SKU044,2025-04-07,67,362622.76,5412.28,0,Product 044,Lighting,Cookware,2023-01-25,488.84,5412.28,4923.44,0,Spring,0,2025-04-01,191,337,12,63,190,190432.73,6,85.0,76.0,88.0,76.0,83.5
SKU044,2025-04-14,84,454631.51999999996,5412.28,0,Product 044,Lighting,Cookware,2023-01-25,488.84,5412.28,4923.44,0,Spring,0,2025-04-01,191,337,12,63,190,190432.73,13,67.0,85.0,85.0,77.0,78.25
SKU044,2025-04-21,77,416745.56,5412.28,0,Product 044,Lighting,Cookware,2023-01-25,488.84,5412.28,4923.44,0,Spring,0,2025-04-01,191,337,12,63,190,190432.73,20,84.0,67.0,76.0,84.0,78.0
SKU044,2025-04-28,74,400508.72,5412.28,0,Product 044,Lighting,Cookware,2023-01-25,488.84,5412.28,4923.44,0,Spring,0,2025-04-01,191,337,12,63,190,190432.73,27,77.0,84.0,85.0,79.0,78.25
SKU044,2025-05-05,81,438394.68,5412.28,0,Product 044,Lighting,Cookware,2023-01-25,488.84,5412.28,4923.44,0,Summer,0,2025-05-01,219,338,13,52,184,218349.57,4,74.0,77.0,67.0,84.0,75.5
SKU044,2025-05-12,88,476280.64,5412.28,0,Product 044,Lighting,Cookware,2023-01-25,488.84,5412.28,4923.44,0,Summer,0,2025-05-01,219,338,13,52,184,218349.57,11,81.0,74.0,84.0,70.0,79.0
SKU044,2025-05-19,72,389684.16000000003,5412.28,0,Product 044,Lighting,Cookware,2023-01-25,488.84,5412.28,4923.44,0,Summer,0,2025-05-01,219,338,13,52,184,218349.57,18,88.0,81.0,77.0,77.0,80.0
SKU044,2025-05-26,89,481692.92,5412.28,1,Product 044,Lighting,Cookware,2023-01-25,488.84,5412.28,4923.44,0,Summer,1,2025-05-01,219,338,13,52,184,218349.57,25,72.0,88.0,74.0,85.0,78.75
SKU044,2025-06-02,73,395096.44,5412.28,1,Product 044,Lighting,Cookware,2023-01-25,488.84,5412.28,4923.44,0,Summer,1,2025-06-01,54,239,9,47,128,53839.62,1,89.0,72.0,81.0,78.0,82.5
SKU044,2025-06-09,88,476280.64,5412.28,1,Product 044,Lighting,Cookware,2023-01-25,488.84,5412.28,4923.44,0,Summer,1,2025-06-01,54,239,9,47,128,53839.62,8,73.0,89.0,88.0,81.0,80.5
SKU044,2025-06-16,71,384271.88,5412.28,1,Product 044,Lighting,Cookware,2023-01-25,488.84,5412.28,4923.44,0,Summer,1,2025-06-01,54,239,9,47,128,53839.62,15,88.0,73.0,72.0,77.0,80.5
SKU044,2025-06-23,62,335561.36,5412.28,1,Product 044,Lighting,Cookware,2023-01-25,488.84,5412.28,4923.44,0,Summer,1,2025-06-01,54,239,9,47,128,53839.62,22,71.0,88.0,89.0,90.0,80.25
SKU044,2025-06-30,61,330149.08,5412.28,0,Product 044,Lighting,Cookware,2023-01-25,488.84,5412.28,4923.44,0,Summer,0,2025-06-01,54,239,9,47,128,53839.62,29,62.0,71.0,73.0,71.0,73.5
SKU044,2025-07-07,79,427570.12,5412.28,0,Product 044,Lighting,Cookware,2023-01-25,488.84,5412.28,4923.44,0,Monsoon,0,2025-07-01,268,105,7,39,101,267204.04,6,61.0,62.0,88.0,71.0,70.5
SKU044,2025-07-14,72,389684.16,5412.28,0,Product 044,Lighting,Cookware,2023-01-25,488.84,5412.28,4923.44,0,Monsoon,0,2025-07-01,268,105,7,39,101,267204.04,13,79.0,61.0,71.0,78.0,68.25
SKU044,2025-07-21,69,373447.32,5412.28,0,Product 044,Lighting,Cookware,2023-01-25,488.84,5412.28,4923.44,0,Monsoon,0,2025-07-01,268,105,7,39,101,267204.04,20,72.0,79.0,62.0,78.0,68.5
SKU044,2025-07-28,65,351798.2,5412.28,0,Product 044,Lighting,Cookware,2023-01-25,488.84,5412.28,4923.44,0,Monsoon,0,2025-07-01,268,105,7,39,101,267204.04,27,69.0,72.0,61.0,66.0,70.25
SKU044,2025-08-04,66,357210.48,5412.28,0,Product 044,Lighting,Cookware,2023-01-25,488.84,5412.28,4923.44,0,Monsoon,0,2025-08-01,297,88,12,49,155,296117.91,3,65.0,69.0,79.0,60.0,71.25
SKU044,2025-08-11,61,330149.08,5412.28,0,Product 044,Lighting,Cookware,2023-01-25,488.84,5412.28,4923.44,1,Monsoon,0,2025-08-01,297,88,12,49,155,296117.91,10,66.0,65.0,72.0,76.0,68.0
SKU044,2025-08-18,70,378859.6,5412.28,0,Product 044,Lighting,Cookware,2023-01-25,488.84,5412.28,4923.44,0,Monsoon,0,2025-08-01,297,88,12,49,155,296117.91,17,61.0,66.0,69.0,55.0,65.25
SKU044,2025-08-25,51,276026.28,5412.28,0,Product 044,Lighting,Cookware,2023-01-25,488.84,5412.28,4923.44,0,Monsoon,0,2025-08-01,297,88,12,49,155,296117.91,24,70.0,61.0,65.0,70.0,65.5
SKU044,2025-09-01,56,303087.68,5412.28,1,Product 044,Lighting,Cookware,2023-01-25,488.84,5412.28,4923.44,0,Monsoon,1,2025-09-01,87,101,6,35,78,86741.61,0,51.0,70.0,66.0,60.0,62.0
SKU044,2025-09-08,61,330149.08,5412.28,1,Product 044,Lighting,Cookware,2023-01-25,488.84,5412.28,4923.44,0,Monsoon,1,2025-09-01,87,101,6,35,78,86741.61,7,56.0,51.0,61.0,63.0,59.5
SKU044,2025-09-15,47,254377.15999999997,5412.28,1,Product 044,Lighting,Cookware,2023-01-25,488.84,5412.28,4923.44,0,Monsoon,1,2025-09-01,87,101,6,35,78,86741.61,14,61.0,56.0,70.0,56.0,59.5
SKU044,2025-09-22,66,357210.48,5412.28,1,Product 044,Lighting,Cookware,2023-01-25,488.84,5412.28,4923.44,0,Monsoon,1,2025-09-01,87,101,6,35,78,86741.61,21,47.0,61.0,51.0,68.0,53.75
SKU044,2025-09-29,50,270614.0,5412.28,0,Product 044,Lighting,Cookware,2023-01-25,488.84,5412.28,4923.44,0,Monsoon,0,2025-09-01,87,101,6,35,78,86741.61,28,66.0,47.0,56.0,48.0,57.5
SKU044,2025-10-06,49,265201.72,5412.28,0,Product 044,Lighting,Cookware,2023-01-25,488.84,5412.28,4923.44,0,Autumn,0,2025-10-01,169,7,7,24,74,168498.07,5,50.0,66.0,61.0,57.0,56.0
SKU044,2025-10-13,56,303087.68,5412.28,0,Product 044,Lighting,Cookware,2023-01-25,488.84,5412.28,4923.44,0,Autumn,0,2025-10-01,169,7,7,24,74,168498.07,12,49.0,50.0,47.0,61.0,53.0
SKU044,2025-10-20,53,286850.83999999997,5412.28,0,Product 044,Lighting,Cookware,2023-01-25,488.84,5412.28,4923.44,1,Autumn,0,2025-10-01,169,7,7,24,74,168498.07,19,56.0,49.0,66.0,57.0,55.25
SKU044,2025-10-27,60,324736.8,5412.28,1,Product 044,Lighting,Cookware,2023-01-25,488.84,5412.28,4923.44,0,Autumn,1,2025-10-01,169,7,7,24,74,168498.07,26,53.0,56.0,50.0,59.0,52.0
SKU044,2025-11-03,58,313912.24,5412.28,1,Product 044,Lighting,Cookware,2023-01-25,488.84,5412.28,4923.44,0,Autumn,1,2025-11-01,112,13,13,28,110,111667.36,2,60.0,53.0,49.0,48.0,54.5
SKU044,2025-11-10,53,286850.83999999997,5412.28,1,Product 044,Lighting,Cookware,2023-01-25,488.84,5412.28,4923.44,0,Autumn,1,2025-11-01,112,13,13,28,110,111667.36,9,58.0,60.0,56.0,54.0,56.75
SKU044,2025-11-17,46,248964.88,5412.28,1,Product 044,Lighting,Cookware,2023-01-25,488.84,5412.28,4923.44,0,Autumn,1,2025-11-01,112,13,13,28,110,111667.36,16,53.0,58.0,53.0,44.0,56.0
SKU044,2025-11-24,57,308499.96,5412.28,1,Product 044,Lighting,Cookware,2023-01-25,488.84,5412.28,4923.44,0,Autumn,1,2025-11-01,112,13,13,28,110,111667.36,23,46.0,53.0,60.0,59.0,54.25
SKU044,2025-12-01,52,281438.56,5412.28,0,Product 044,Lighting,Cookware,2023-01-25,488.84,5412.28,4923.44,0,Winter,0,2025-12-01,223,39,5,55,93,222337.69,0,57.0,46.0,58.0,50.0,53.5
SKU044,2025-12-08,57,308499.96,5412.28,0,Product 044,Lighting,Cookware,2023-01-25,488.84,5412.28,4923.44,0,Winter,0,2025-12-01,223,39,5,55,93,222337.69,7,52.0,57.0,53.0,54.0,52.0
SKU044,2025-12-15,61,330149.08,5412.28,0,Product 044,Lighting,Cookware,2023-01-25,488.84,5412.28,4923.44,0,Winter,0,2025-12-01,223,39,5,55,93,222337.69,14,57.0,52.0,46.0,52.0,53.0
SKU044,2025-12-22,61,330149.08,5412.28,0,Product 044,Lighting,Cookware,2023-01-25,488.84,5412.28,4923.44,1,Winter,0,2025-12-01,223,39,5,55,93,222337.69,21,61.0,57.0,57.0,60.0,56.75
SKU045,2024-01-01,170,1305052.6,7676.78,0,Product 045,Storage,Lamp,2022-03-16,3634.56,7676.78,4042.22,0,Winter,0,2024-01-01,16,6,3,7,10,29093.12,0,,,,,
SKU045,2024-01-08,157,1205254.46,7676.78,0,Product 045,Storage,Lamp,2022-03-16,3634.56,7676.78,4042.22,0,Winter,0,2024-01-01,16,6,3,7,10,29093.12,7,170.0,,,,
SKU045,2024-01-15,160,1228284.8,7676.78,0,Product 045,Storage,Lamp,2022-03-16,3634.56,7676.78,4042.22,0,Winter,0,2024-01-01,16,6,3,7,10,29093.12,14,157.0,170.0,,,
SKU045,2024-01-22,169,1297375.82,7676.78,0,Product 045,Storage,Lamp,2022-03-16,3634.56,7676.78,4042.22,1,Winter,0,2024-01-01,16,6,3,7,10,29093.12,21,160.0,157.0,,,
SKU045,2024-01-29,191,1466264.98,7676.78,0,Product 045,Storage,Lamp,2022-03-16,3634.56,7676.78,4042.22,0,Winter,0,2024-01-01,16,6,3,7,10,29093.12,28,169.0,160.0,170.0,,164.0
SKU045,2024-02-05,204,1566063.12,7676.78,0,Product 045,Storage,Lamp,2022-03-16,3634.56,7676.78,4042.22,0,Winter,0,2024-02-01,491,158,7,50,157,892795.12,4,191.0,169.0,157.0,,169.25
SKU045,2024-02-12,189,1450911.42,7676.78,0,Product 045,Storage,Lamp,2022-03-16,3634.56,7676.78,4042.22,0,Winter,0,2024-02-01,491,158,7,50,157,892795.12,11,204.0,191.0,160.0,,181.0
SKU045,2024-02-19,181,1389497.18,7676.78,0,Product 045,Storage,Lamp,2022-03-16,3634.56,7676.78,4042.22,0,Winter,0,2024-02-01,491,158,7,50,157,892795.12,18,189.0,204.0,169.0,,188.25
SKU045,2024-02-26,223,1711921.94,7676.78,1,Product 045,Storage,Lamp,2022-03-16,3634.56,7676.78,4042.22,0,Winter,1,2024-02-01,491,158,7,50,157,892795.12,25,181.0,189.0,191.0,,191.25
SKU045,2024-03-04,212,1627477.36,7676.78,1,Product 045,Storage,Lamp,2022-03-16,3634.56,7676.78,4042.22,0,Spring,1,2024-03-01,453,182,3,75,129,823698.96,3,223.0,181.0,204.0,,199.25
SKU045,2024-03-11,200,1535356.0,7676.78,1,Product 045,Storage,Lamp,2022-03-16,3634.56,7676.78,4042.22,0,Spring,1,2024-03-01,453,182,3,75,129,823698.96,10,212.0,223.0,189.0,,201.25
SKU045,2024-03-18,223,1711921.94,7676.78,1,Product 045,Storage,Lamp,2022-03-16,3634.56,7676.78,4042.22,0,Spring,1,2024-03-01,453,182,3,75,129,823698.96,17,200.0,212.0,181.0,,204.0
SKU045,2024-03-25,218,1673538.04,7676.78,1,Product 045,Storage,Lamp,2022-03-16,3634.56,7676.78,4042.22,0,Spring,1,2024-03-01,453,182,3,75,129,823698.96,24,223.0,200.0,223.0,,214.5
SKU045,2024-04-01,186,1427881.08,7676.78,0,Product 045,Storage,Lamp,2022-03-16,3634.56,7676.78,4042.22,0,Spring,0,2024-04-01,198,124,7,61,199,360027.36,0,218.0,223.0,212.0,,213.25
SKU045,2024-04-08,219,1681214.82,7676.78,0,Product 045,Storage,Lamp,2022-03-16,3634.56,7676.78,4042.22,0,Spring,0,2024-04-01,198,124,7,61,199,360027.36,7,186.0,218.0,200.0,,206.75
SKU045,2024-04-15,212,1627477.3599999999,7676.78,0,Product 045,Storage,Lamp,2022-03-16,3634.56,7676.78,4042.22,0,Spring,0,2024-04-01,198,124,7,61,199,360027.36,14,219.0,186.0,223.0,,211.5
SKU045,2024-04-22,213,1635154.14,7676.78,0,Product 045,Storage,Lamp,2022-03-16,3634.56,7676.78,4042.22,0,Spring,0,2024-04-01,198,124,7,61,199,360027.36,21,212.0,219.0,218.0,,208.75
SKU045,2024-04-29,209,1604447.02,7676.78,0,Product 045,Storage,Lamp,2022-03-16,3634.56,7676.78,4042.22,0,Spring,0,2024-04-01,198,124,7,61,199,360027.36,28,213.0,212.0,186.0,,207.5
SKU045,2024-05-06,198,1520002.44,7676.78,0,Product 045,Storage,Lamp,2022-03-16,3634.56,7676.78,4042.22,0,Summer,0,2024-05-01,547,376,13,109,353,994621.04,5,209.0,213.0,219.0,,213.25
SKU045,2024-05-13,213,1635154.14,7676.78,0,Product 045,Storage,Lamp,2022-03-16,3634.56,7676.78,4042.22,0,Summer,0,2024-05-01,547,376,13,109,353,994621.04,12,198.0,209.0,212.0,,208.0
SKU045,2024-05-20,187,1435557.8599999999,7676.78,0,Product 045,Storage,Lamp,2022-03-16,3634.56,7676.78,4042.22,0,Summer,0,2024-05-01,547,376,13,109,353,994621.04,19,213.0,198.0,213.0,,208.25
SKU045,2024-05-27,230,1765659.4,7676.78,1,Product 045,Storage,Lamp,2022-03-16,3634.56,7676.78,4042.22,0,Summer,1,2024-05-01,547,376,13,109,353,994621.04,26,187.0,213.0,209.0,,201.75
SKU045,2024-06-03,213,1635154.14,7676.78,1,Product 045,Storage,Lamp,2022-03-16,3634.56,7676.78,4042.22,0,Summer,1,2024-06-01,163,184,5,66,162,296386.16,2,230.0,187.0,198.0,,207.0
SKU045,2024-06-10,239,1834750.42,7676.78,1,Product 045,Storage,Lamp,2022-03-16,3634.56,7676.78,4042.22,0,Summer,1,2024-06-01,163,184,5,66,162,296386.16,9,213.0,230.0,213.0,,210.75
SKU045,2024-06-17,217,1665861.26,7676.78,1,Product 045,Storage,Lamp,2022-03-16,3634.56,7676.78,4042.22,0,Summer,1,2024-06-01,163,184,5,66,162,296386.16,16,239.0,213.0,187.0,,217.25
SKU045,2024-06-24,204,1566063.12,7676.78,1,Product 045,Storage,Lamp,2022-03-16,3634.56,7676.78,4042.22,0,Summer,1,2024-06-01,163,184,5,66,162,296386.16,23,217.0,239.0,230.0,,224.75
SKU045,2024-07-01,177,1358790.06,7676.78,0,Product 045,Storage,Lamp,2022-03-16,3634.56,7676.78,4042.22,0,Monsoon,0,2024-07-01,149,349,12,56,259,270929.68,0,204.0,217.0,213.0,,218.25
SKU045,2024-07-08,150,1151517.0,7676.78,0,Product 045,Storage,Lamp,2022-03-16,3634.56,7676.78,4042.22,0,Monsoon,0,2024-07-01,149,349,12,56,259,270929.68,7,177.0,204.0,239.0,,209.25
SKU045,2024-07-15,157,1205254.46,7676.78,0,Product 045,Storage,Lamp,2022-03-16,3634.56,7676.78,4042.22,0,Monsoon,0,2024-07-01,149,349,12,56,259,270929.68,14,150.0,177.0,217.0,,187.0
SKU045,2024-07-22,181,1389497.18,7676.78,0,Product 045,Storage,Lamp,2022-03-16,3634.56,7676.78,4042.22,0,Monsoon,0,2024-07-01,149,349,12,56,259,270929.68,21,157.0,150.0,204.0,,172.0
SKU045,2024-07-29,172,1320406.16,7676.78,0,Product 045,Storage,Lamp,2022-03-16,3634.56,7676.78,4042.22,0,Monsoon,0,2024-07-01,149,349,12,56,259,270929.68,28,181.0,157.0,177.0,,166.25
SKU045,2024-08-05,169,1297375.82,7676.78,0,Product 045,Storage,Lamp,2022-03-16,3634.56,7676.78,4042.22,0,Monsoon,0,2024-08-01,223,246,10,114,261,405485.36,4,172.0,181.0,150.0,,165.0
SKU045,2024-08-12,197,1512325.66,7676.78,0,Product 045,Storage,Lamp,2022-03-16,3634.56,7676.78,4042.22,1,Monsoon,0,2024-08-01,223,246,10,114,261,405485.36,11,169.0,172.0,157.0,,169.75
SKU045,2024-08-19,130,997981.4,7676.78,0,Product 045,Storage,Lamp,2022-03-16,3634.56,7676.78,4042.22,0,Monsoon,0,2024-08-01,223,246,10,114,261,405485.36,18,197.0,169.0,181.0,,179.75
SKU045,2024-08-26,158,1212931.24,7676.78,1,Product 045,Storage,Lamp,2022-03-16,3634.56,7676.78,4042.22,0,Monsoon,1,2024-08-01,223,246,10,114,261,405485.36,25,130.0,197.0,172.0,,167.0
SKU045,2024-09-02,159,1220608.02,7676.78,1,Product 045,Storage,Lamp,2022-03-16,3634.56,7676.78,4042.22,0,Monsoon,1,2024-09-01,466,218,6,47,129,847337.12,1,158.0,130.0,169.0,,163.5
SKU045,2024-09-09,154,1182224.12,7676.78,1,Product 045,Storage,Lamp,2022-03-16,3634.56,7676.78,4042.22,0,Monsoon,1,2024-09-01,466,218,6,47,129,847337.12,8,159.0,158.0,197.0,,161.0
SKU045,2024-09-16,152,1166870.56,7676.78,1,Product 045,Storage,Lamp,2022-03-16,3634.56,7676.78,4042.22,0,Monsoon,1,2024-09-01,466,218,6,47,129,847337.12,15,154.0,159.0,130.0,,150.25
SKU045,2024-09-23,178,1366466.84,7676.78,1,Product 045,Storage,Lamp,2022-03-16,3634.56,7676.78,4042.22,0,Monsoon,1,2024-09-01,466,218,6,47,129,847337.12,22,152.0,154.0,158.0,,155.75
SKU045,2024-09-30,139,1067072.42,7676.78,0,Product 045,Storage,Lamp,2022-03-16,3634.56,7676.78,4042.22,0,Monsoon,0,2024-09-01,466,218,6,47,129,847337.12,29,178.0,152.0,159.0,,160.75
SKU045,2024-10-07,131,1005658.1799999999,7676.78,0,Product 045,Storage,Lamp,2022-03-16,3634.56,7676.78,4042.22,0,Autumn,0,2024-10-01,416,183,5,81,150,756421.12,6,139.0,178.0,154.0,,155.75
SKU045,2024-10-14,142,1090102.76,7676.78,0,Product 045,Storage,Lamp,2022-03-16,3634.56,7676.78,4042.22,0,Autumn,0,2024-10-01,416,183,5,81,150,756421.12,13,131.0,139.0,152.0,,150.0
SKU045,2024-10-21,173,1328082.94,7676.78,0,Product 045,Storage,Lamp,2022-03-16,3634.56,7676.78,4042.22,0,Autumn,0,2024-10-01,416,183,5,81,150,756421.12,20,142.0,131.0,178.0,,147.5
SKU045,2024-10-28,145,1113133.1,7676.78,1,Product 045,Storage,Lamp,2022-03-16,3634.56,7676.78,4042.22,1,Autumn,1,2024-10-01,416,183,5,81,150,756421.12,27,173.0,142.0,139.0,,146.25
SKU045,2024-11-04,143,1097779.54,7676.78,1,Product 045,Storage,Lamp,2022-03-16,3634.56,7676.78,4042.22,0,Autumn,1,2024-11-01,247,389,14,100,284,449125.04,3,145.0,173.0,131.0,,147.75
SKU045,2024-11-11,170,1305052.6,7676.78,1,Product 045,Storage,Lamp,2022-03-16,3634.56,7676.78,4042.22,0,Autumn,1,2024-11-01,247,389,14,100,284,449125.04,10,143.0,145.0,142.0,,150.75
SKU045,2024-11-18,162,1243638.3599999999,7676.78,1,Product 045,Storage,Lamp,2022-03-16,3634.56,7676.78,4042.22,0,Autumn,1,2024-11-01,247,389,14,100,284,449125.04,17,170.0,143.0,173.0,,157.75
SKU045,2024-11-25,161,1235961.58,7676.78,1,Product 045,Storage,Lamp,2022-03-16,3634.56,7676.78,4042.22,0,Autumn,1,2024-11-01,247,389,14,100,284,449125.04,24,162.0,170.0,145.0,,155.0
SKU045,2024-12-02,151,1159193.78,7676.78,0,Product 045,Storage,Lamp,2022-03-16,3634.56,7676.78,4042.22,0,Winter,0,2024-12-01,391,164,9,48,167,710963.12,1,161.0,162.0,143.0,,159.0
SKU045,2024-12-09,149,1143840.22,7676.78,0,Product 045,Storage,Lamp,2022-03-16,3634.56,7676.78,4042.22,0,Winter,0,2024-12-01,391,164,9,48,167,710963.12,8,151.0,161.0,170.0,,161.0
SKU045,2024-12-16,159,1220608.02,7676.78,0,Product 045,Storage,Lamp,2022-03-16,3634.56,7676.78,4042.22,0,Winter,0,2024-12-01,391,164,9,48,167,710963.12,15,149.0,151.0,162.0,,155.75
SKU045,2024-12-23,190,1458588.2,7676.78,0,Product 045,Storage,Lamp,2022-03-16,3634.56,7676.78,4042.22,1,Winter,0,2024-12-01,391,164,9,48,167,710963.12,22,159.0,149.0,161.0,,155.0
SKU045,2024-12-30,162,1243638.3599999999,7676.78,0,Product 045,Storage,Lamp,2022-03-16,3634.56,7676.78,4042.22,0,Winter,0,2024-12-01,391,164,9,48,167,710963.12,29,190.0,159.0,151.0,170.0,162.25
SKU045,2025-01-06,169,1297375.82,7676.78,0,Product 045,Storage,Lamp,2022-03-16,3634.56,7676.78,4042.22,0,Winter,0,2025-01-01,125,339,6,101,188,227290.0,5,162.0,190.0,149.0,157.0,165.0
SKU045,2025-01-13,145,1113133.1,7676.78,0,Product 045,Storage,Lamp,2022-03-16,3634.56,7676.78,4042.22,0,Winter,0,2025-01-01,125,339,6,101,188,227290.0,12,169.0,162.0,159.0,160.0,170.0
SKU045,2025-01-20,184,1412527.52,7676.78,0,Product 045,Storage,Lamp,2022-03-16,3634.56,7676.78,4042.22,1,Winter,0,2025-01-01,125,339,6,101,188,227290.0,19,145.0,169.0,190.0,169.0,166.5
SKU045,2025-01-27,184,1412527.52,7676.78,0,Product 045,Storage,Lamp,2022-03-16,3634.56,7676.78,4042.22,0,Winter,0,2025-01-01,125,339,6,101,188,227290.0,26,184.0,145.0,162.0,191.0,165.0
SKU045,2025-02-03,179,1374143.62,7676.78,0,Product 045,Storage,Lamp,2022-03-16,3634.56,7676.78,4042.22,0,Winter,0,2025-02-01,229,577,14,105,322,416395.28,2,184.0,184.0,169.0,204.0,170.5
SKU045,2025-02-10,202,1550709.56,7676.78,0,Product 045,Storage,Lamp,2022-03-16,3634.56,7676.78,4042.22,0,Winter,0,2025-02-01,229,577,14,105,322,416395.28,9,179.0,184.0,145.0,189.0,173.0
SKU045,2025-02-17,202,1550709.56,7676.78,0,Product 045,Storage,Lamp,2022-03-16,3634.56,7676.78,4042.22,0,Winter,0,2025-02-01,229,577,14,105,322,416395.28,16,202.0,179.0,184.0,181.0,187.25
SKU045,2025-02-24,218,1673538.04,7676.78,1,Product 045,Storage,Lamp,2022-03-16,3634.56,7676.78,4042.22,0,Winter,1,2025-02-01,229,577,14,105,322,416395.28,23,202.0,202.0,184.0,223.0,191.75
SKU045,2025-03-03,240,1842427.2,7676.78,1,Product 045,Storage,Lamp,2022-03-16,3634.56,7676.78,4042.22,0,Spring,1,2025-03-01,376,215,9,87,241,683688.32,2,218.0,202.0,179.0,212.0,200.25
SKU045,2025-03-10,226,1734952.28,7676.78,1,Product 045,Storage,Lamp,2022-03-16,3634.56,7676.78,4042.22,0,Spring,1,2025-03-01,376,215,9,87,241,683688.32,9,240.0,218.0,202.0,200.0,215.5
SKU045,2025-03-17,223,1711921.94,7676.78,1,Product 045,Storage,Lamp,2022-03-16,3634.56,7676.78,4042.22,0,Spring,1,2025-03-01,376,215,9,87,241,683688.32,16,226.0,240.0,202.0,223.0,221.5
SKU045,2025-03-24,211,1619800.58,7676.78,1,Product 045,Storage,Lamp,2022-03-16,3634.56,7676.78,4042.22,0,Spring,1,2025-03-01,376,215,9,87,241,683688.32,23,223.0,226.0,218.0,218.0,226.75
SKU045,2025-03-31,205,1573739.9,7676.78,0,Product 045,Storage,Lamp,2022-03-16,3634.56,7676.78,4042.22,0,Spring,0,2025-03-01,376,215,9,87,241,683688.32,30,211.0,223.0,240.0,186.0,225.0
SKU045,2025-04-07,233,1788689.74,7676.78,0,Product 045,Storage,Lamp,2022-03-16,3634.56,7676.78,4042.22,0,Spring,0,2025-04-01,98,0,3,71,128,178195.36,6,205.0,211.0,226.0,219.0,216.25
SKU045,2025-04-14,216,1658184.48,7676.78,0,Product 045,Storage,Lamp,2022-03-16,3634.56,7676.78,4042.22,0,Spring,0,2025-04-01,98,0,3,71,128,178195.36,13,233.0,205.0,223.0,212.0,218.0
SKU045,2025-04-21,186,1427881.08,7676.78,0,Product 045,Storage,Lamp,2022-03-16,3634.56,7676.78,4042.22,0,Spring,0,2025-04-01,98,0,3,71,128,178195.36,20,216.0,233.0,211.0,213.0,216.25
SKU045,2025-04-28,186,1427881.08,7676.78,0,Product 045,Storage,Lamp,2022-03-16,3634.56,7676.78,4042.22,0,Spring,0,2025-04-01,98,0,3,71,128,178195.36,27,186.0,216.0,205.0,209.0,210.0
SKU045,2025-05-05,192,1473941.76,7676.78,0,Product 045,Storage,Lamp,2022-03-16,3634.56,7676.78,4042.22,0,Summer,0,2025-05-01,471,283,9,53,210,856428.72,4,186.0,186.0,233.0,198.0,205.25
SKU045,2025-05-12,209,1604447.02,7676.78,0,Product 045,Storage,Lamp,2022-03-16,3634.56,7676.78,4042.22,0,Summer,0,2025-05-01,471,283,9,53,210,856428.72,11,192.0,186.0,216.0,213.0,195.0
SKU045,2025-05-19,199,1527679.22,7676.78,0,Product 045,Storage,Lamp,2022-03-16,3634.56,7676.78,4042.22,0,Summer,0,2025-05-01,471,283,9,53,210,856428.72,18,209.0,192.0,186.0,187.0,193.25
SKU045,2025-05-26,231,1773336.18,7676.78,1,Product 045,Storage,Lamp,2022-03-16,3634.56,7676.78,4042.22,0,Summer,1,2025-05-01,471,283,9,53,210,856428.72,25,199.0,209.0,186.0,230.0,196.5
SKU045,2025-06-02,200,1535356.0,7676.78,1,Product 045,Storage,Lamp,2022-03-16,3634.56,7676.78,4042.22,0,Summer,1,2025-06-01,496,303,8,128,265,901886.72,1,231.0,199.0,192.0,213.0,207.75
SKU045,2025-06-09,221,1696568.38,7676.78,1,Product 045,Storage,Lamp,2022-03-16,3634.56,7676.78,4042.22,0,Summer,1,2025-06-01,496,303,8,128,265,901886.72,8,200.0,231.0,209.0,239.0,209.75
SKU045,2025-06-16,177,1358790.06,7676.78,1,Product 045,Storage,Lamp,2022-03-16,3634.56,7676.78,4042.22,0,Summer,1,2025-06-01,496,303,8,128,265,901886.72,15,221.0,200.0,199.0,217.0,212.75
SKU045,2025-06-23,207,1589093.46,7676.78,1,Product 045,Storage,Lamp,2022-03-16,3634.56,7676.78,4042.22,0,Summer,1,2025-06-01,496,303,8,128,265,901886.72,22,177.0,221.0,231.0,204.0,207.25
SKU045,2025-06-30,160,1228284.8,7676.78,0,Product 045,Storage,Lamp,2022-03-16,3634.56,7676.78,4042.22,0,Summer,0,2025-06-01,496,303,8,128,265,901886.72,29,207.0,177.0,200.0,177.0,201.25
SKU045,2025-07-07,156,1197577.68,7676.78,0,Product 045,Storage,Lamp,2022-03-16,3634.56,7676.78,4042.22,0,Monsoon,0,2025-07-01,352,159,6,58,168,640048.64,6,160.0,207.0,221.0,150.0,191.25
SKU045,2025-07-14,187,1435557.8599999999,7676.78,0,Product 045,Storage,Lamp,2022-03-16,3634.56,7676.78,4042.22,0,Monsoon,0,2025-07-01,352,159,6,58,168,640048.64,13,156.0,160.0,177.0,157.0,175.0
SKU045,2025-07-21,170,1305052.6,7676.78,0,Product 045,Storage,Lamp,2022-03-16,3634.56,7676.78,4042.22,0,Monsoon,0,2025-07-01,352,159,6,58,168,640048.64,20,187.0,156.0,207.0,181.0,177.5
SKU045,2025-07-28,149,1143840.22,7676.78,0,Product 045,Storage,Lamp,2022-03-16,3634.56,7676.78,4042.22,0,Monsoon,0,2025-07-01,352,159,6,58,168,640048.64,27,170.0,187.0,160.0,172.0,168.25
SKU045,2025-08-04,151,1159193.78,7676.78,0,Product 045,Storage,Lamp,2022-03-16,3634.56,7676.78,4042.22,0,Monsoon,0,2025-08-01,234,268,10,73,234,425486.88,3,149.0,170.0,156.0,169.0,165.5
SKU045,2025-08-11,155,1189900.9,7676.78,0,Product 045,Storage,Lamp,2022-03-16,3634.56,7676.78,4042.22,1,Monsoon,0,2025-08-01,234,268,10,73,234,425486.88,10,151.0,149.0,187.0,197.0,164.25
SKU045,2025-08-18,159,1220608.02,7676.78,0,Product 045,Storage,Lamp,2022-03-16,3634.56,7676.78,4042.22,0,Monsoon,0,2025-08-01,234,268,10,73,234,425486.88,17,155.0,151.0,170.0,130.0,156.25
SKU045,2025-08-25,138,1059395.6400000001,7676.78,0,Product 045,Storage,Lamp,2022-03-16,3634.56,7676.78,4042.22,0,Monsoon,0,2025-08-01,234,268,10,73,234,425486.88,24,159.0,155.0,149.0,158.0,153.5
SKU045,2025-09-01,163,1251315.1400000001,7676.78,1,Product 045,Storage,Lamp,2022-03-16,3634.56,7676.78,4042.22,0,Monsoon,1,2025-09-01,104,279,9,82,217,189105.28,0,138.0,159.0,151.0,159.0,150.75
SKU045,2025-09-08,171,1312729.38,7676.78,1,Product 045,Storage,Lamp,2022-03-16,3634.56,7676.78,4042.22,0,Monsoon,1,2025-09-01,104,279,9,82,217,189105.28,7,163.0,138.0,155.0,154.0,153.75
SKU045,2025-09-15,147,1128486.66,7676.78,1,Product 045,Storage,Lamp,2022-03-16,3634.56,7676.78,4042.22,0,Monsoon,1,2025-09-01,104,279,9,82,217,189105.28,14,171.0,163.0,159.0,152.0,157.75
SKU045,2025-09-22,162,1243638.3599999999,7676.78,1,Product 045,Storage,Lamp,2022-03-16,3634.56,7676.78,4042.22,0,Monsoon,1,2025-09-01,104,279,9,82,217,189105.28,21,147.0,171.0,138.0,178.0,154.75
SKU045,2025-09-29,142,1090102.76,7676.78,0,Product 045,Storage,Lamp,2022-03-16,3634.56,7676.78,4042.22,0,Monsoon,0,2025-09-01,104,279,9,82,217,189105.28,28,162.0,147.0,163.0,139.0,160.75
SKU045,2025-10-06,123,944243.9400000001,7676.78,0,Product 045,Storage,Lamp,2022-03-16,3634.56,7676.78,4042.22,0,Autumn,0,2025-10-01,216,224,14,43,240,392757.12,5,142.0,162.0,171.0,131.0,155.5
SKU045,2025-10-13,120,921213.6,7676.78,0,Product 045,Storage,Lamp,2022-03-16,3634.56,7676.78,4042.22,0,Autumn,0,2025-10-01,216,224,14,43,240,392757.12,12,123.0,142.0,147.0,142.0,143.5
SKU045,2025-10-20,143,1097779.54,7676.78,0,Product 045,Storage,Lamp,2022-03-16,3634.56,7676.78,4042.22,1,Autumn,0,2025-10-01,216,224,14,43,240,392757.12,19,120.0,123.0,162.0,173.0,136.75
SKU045,2025-10-27,143,1097779.54,7676.78,1,Product 045,Storage,Lamp,2022-03-16,3634.56,7676.78,4042.22,0,Autumn,1,2025-10-01,216,224,14,43,240,392757.12,26,143.0,120.0,142.0,145.0,132.0
SKU045,2025-11-03,154,1182224.12,7676.78,1,Product 045,Storage,Lamp,2022-03-16,3634.56,7676.78,4042.22,0,Autumn,1,2025-11-01,284,121,13,70,227,516402.88,2,143.0,143.0,123.0,143.0,132.25
SKU045,2025-11-10,150,1151517.0,7676.78,1,Product 045,Storage,Lamp,2022-03-16,3634.56,7676.78,4042.22,0,Autumn,1,2025-11-01,284,121,13,70,227,516402.88,9,154.0,143.0,120.0,170.0,140.0
SKU045,2025-11-17,155,1189900.9,7676.78,1,Product 045,Storage,Lamp,2022-03-16,3634.56,7676.78,4042.22,0,Autumn,1,2025-11-01,284,121,13,70,227,516402.88,16,150.0,154.0,143.0,162.0,147.5
SKU045,2025-11-24,164,1258991.92,7676.78,1,Product 045,Storage,Lamp,2022-03-16,3634.56,7676.78,4042.22,0,Autumn,1,2025-11-01,284,121,13,70,227,516402.88,23,155.0,150.0,143.0,161.0,150.5
SKU045,2025-12-01,166,1274345.48,7676.78,0,Product 045,Storage,Lamp,2022-03-16,3634.56,7676.78,4042.22,0,Winter,0,2025-12-01,307,142,4,88,142,558224.24,0,164.0,155.0,154.0,151.0,155.75
SKU045,2025-12-08,152,1166870.56,7676.78,0,Product 045,Storage,Lamp,2022-03-16,3634.56,7676.78,4042.22,0,Winter,0,2025-12-01,307,142,4,88,142,558224.24,7,166.0,164.0,150.0,149.0,158.75
SKU045,2025-12-15,123,944243.9400000001,7676.78,0,Product 045,Storage,Lamp,2022-03-16,3634.56,7676.78,4042.22,0,Winter,0,2025-12-01,307,142,4,88,142,558224.24,14,152.0,166.0,155.0,159.0,159.25
SKU045,2025-12-22,157,1205254.46,7676.78,0,Product 045,Storage,Lamp,2022-03-16,3634.56,7676.78,4042.22,1,Winter,0,2025-12-01,307,142,4,88,142,558224.24,21,123.0,152.0,164.0,190.0,151.25
SKU046,2024-01-01,63,452059.02,7175.54,0,Product 046,Furniture,Shelf,2024-12-03,1913.03,7175.54,5262.51,0,Winter,0,2024-01-01,22,21,9,5,14,104256.9,0,,,,,
SKU046,2024-01-08,45,322899.3,7175.54,0,Product 046,Furniture,Shelf,2024-12-03,1913.03,7175.54,5262.51,0,Winter,0,2024-01-01,22,21,9,5,14,104256.9,7,63.0,,,,
SKU046,2024-01-15,52,373128.07999999996,7175.54,0,Product 046,Furniture,Shelf,2024-12-03,1913.03,7175.54,5262.51,0,Winter,0,2024-01-01,22,21,9,5,14,104256.9,14,45.0,63.0,,,
SKU046,2024-01-22,50,358777.0,7175.54,0,Product 046,Furniture,Shelf,2024-12-03,1913.03,7175.54,5262.51,1,Winter,0,2024-01-01,22,21,9,5,14,104256.9,21,52.0,45.0,,,
SKU046,2024-01-29,73,523814.42,7175.54,0,Product 046,Furniture,Shelf,2024-12-03,1913.03,7175.54,5262.51,0,Winter,0,2024-01-01,22,21,9,5,14,104256.9,28,50.0,52.0,63.0,,52.5
SKU046,2024-02-05,69,495112.26,7175.54,0,Product 046,Furniture,Shelf,2024-12-03,1913.03,7175.54,5262.51,0,Winter,0,2024-02-01,89,167,12,82,234,421766.55,4,73.0,50.0,45.0,,55.0
SKU046,2024-02-12,73,523814.42000000004,7175.54,0,Product 046,Furniture,Shelf,2024-12-03,1913.03,7175.54,5262.51,0,Winter,0,2024-02-01,89,167,12,82,234,421766.55,11,69.0,73.0,52.0,,61.0
SKU046,2024-02-19,66,473585.63999999996,7175.54,0,Product 046,Furniture,Shelf,2024-12-03,1913.03,7175.54,5262.51,0,Winter,0,2024-02-01,89,167,12,82,234,421766.55,18,73.0,69.0,50.0,,66.25
SKU046,2024-02-26,69,495112.26,7175.54,1,Product 046,Furniture,Shelf,2024-12-03,1913.03,7175.54,5262.51,0,Winter,1,2024-02-01,89,167,12,82,234,421766.55,25,66.0,73.0,73.0,,70.25
SKU046,2024-03-04,90,645798.6,7175.54,1,Product 046,Furniture,Shelf,2024-12-03,1913.03,7175.54,5262.51,0,Spring,1,2024-03-01,456,53,9,64,194,2160961.2,3,69.0,66.0,69.0,,69.25
SKU046,2024-03-11,93,667325.22,7175.54,1,Product 046,Furniture,Shelf,2024-12-03,1913.03,7175.54,5262.51,0,Spring,1,2024-03-01,456,53,9,64,194,2160961.2,10,90.0,69.0,73.0,,74.5
SKU046,2024-03-18,86,617096.44,7175.54,1,Product 046,Furniture,Shelf,2024-12-03,1913.03,7175.54,5262.51,0,Spring,1,2024-03-01,456,53,9,64,194,2160961.2,17,93.0,90.0,66.0,,79.5
SKU046,2024-03-25,80,574043.2,7175.54,1,Product 046,Furniture,Shelf,2024-12-03,1913.03,7175.54,5262.51,0,Spring,1,2024-03-01,456,53,9,64,194,2160961.2,24,86.0,93.0,69.0,,84.5
SKU046,2024-04-01,75,538165.5,7175.54,0,Product 046,Furniture,Shelf,2024-12-03,1913.03,7175.54,5262.51,0,Spring,0,2024-04-01,256,194,5,76,155,1213171.2,0,80.0,86.0,90.0,,87.25
SKU046,2024-04-08,68,487936.72,7175.54,0,Product 046,Furniture,Shelf,2024-12-03,1913.03,7175.54,5262.51,0,Spring,0,2024-04-01,256,194,5,76,155,1213171.2,7,75.0,80.0,93.0,,83.5
SKU046,2024-04-15,72,516638.88,7175.54,0,Product 046,Furniture,Shelf,2024-12-03,1913.03,7175.54,5262.51,0,Spring,0,2024-04-01,256,194,5,76,155,1213171.2,14,68.0,75.0,86.0,,77.25
SKU046,2024-04-22,87,624271.98,7175.54,0,Product 046,Furniture,Shelf,2024-12-03,1913.03,7175.54,5262.51,0,Spring,0,2024-04-01,256,194,5,76,155,1213171.2,21,72.0,68.0,80.0,,73.75
SKU046,2024-04-29,70,502287.8,7175.54,0,Product 046,Furniture,Shelf,2024-12-03,1913.03,7175.54,5262.51,0,Spring,0,2024-04-01,256,194,5,76,155,1213171.2,28,87.0,72.0,75.0,,75.5
SKU046,2024-05-06,73,523814.42,7175.54,0,Product 046,Furniture,Shelf,2024-12-03,1913.03,7175.54,5262.51,0,Summer,0,2024-05-01,142,103,14,51,258,672930.9,5,70.0,87.0,68.0,,74.25
SKU046,2024-05-13,78,559692.12,7175.54,0,Product 046,Furniture,Shelf,2024-12-03,1913.03,7175.54,5262.51,0,Summer,0,2024-05-01,142,103,14,51,258,672930.9,12,73.0,70.0,72.0,,75.5
SKU046,2024-05-20,76,545341.04,7175.54,0,Product 046,Furniture,Shelf,2024-12-03,1913.03,7175.54,5262.51,0,Summer,0,2024-05-01,142,103,14,51,258,672930.9,19,78.0,73.0,87.0,,77.0
SKU046,2024-05-27,80,574043.2,7175.54,1,Product 046,Furniture,Shelf,2024-12-03,1913.03,7175.54,5262.51,0,Summer,1,2024-05-01,142,103,14,51,258,672930.9,26,76.0,78.0,70.0,,74.25
SKU046,2024-06-03,67,480761.18,7175.54,1,Product 046,Furniture,Shelf,2024-12-03,1913.03,7175.54,5262.51,0,Summer,1,2024-06-01,250,163,13,45,234,1184737.5,2,80.0,76.0,73.0,,76.75
SKU046,2024-06-10,76,545341.04,7175.54,1,Product 046,Furniture,Shelf,2024-12-03,1913.03,7175.54,5262.51,0,Summer,1,2024-06-01,250,163,13,45,234,1184737.5,9,67.0,80.0,78.0,,75.25
SKU046,2024-06-17,64,459234.56,7175.54,1,Product 046,Furniture,Shelf,2024-12-03,1913.03,7175.54,5262.51,0,Summer,1,2024-06-01,250,163,13,45,234,1184737.5,16,76.0,67.0,76.0,,74.75
SKU046,2024-06-24,65,466410.1,7175.54,1,Product 046,Furniture,Shelf,2024-12-03,1913.03,7175.54,5262.51,0,Summer,1,2024-06-01,250,163,13,45,234,1184737.5,23,64.0,76.0,80.0,,71.75
SKU046,2024-07-01,63,452059.02,7175.54,0,Product 046,Furniture,Shelf,2024-12-03,1913.03,7175.54,5262.51,0,Monsoon,0,2024-07-01,372,398,12,98,281,1762889.4,0,65.0,64.0,67.0,,68.0
SKU046,2024-07-08,58,416181.32,7175.54,0,Product 046,Furniture,Shelf,2024-12-03,1913.03,7175.54,5262.51,0,Monsoon,0,2024-07-01,372,398,12,98,281,1762889.4,7,63.0,65.0,76.0,,67.0
SKU046,2024-07-15,60,430532.4,7175.54,0,Product 046,Furniture,Shelf,2024-12-03,1913.03,7175.54,5262.51,0,Monsoon,0,2024-07-01,372,398,12,98,281,1762889.4,14,58.0,63.0,64.0,,62.5
SKU046,2024-07-22,69,495112.26,7175.54,0,Product 046,Furniture,Shelf,2024-12-03,1913.03,7175.54,5262.51,0,Monsoon,0,2024-07-01,372,398,12,98,281,1762889.4,21,60.0,58.0,65.0,,61.5
SKU046,2024-07-29,62,444883.48,7175.54,0,Product 046,Furniture,Shelf,2024-12-03,1913.03,7175.54,5262.51,0,Monsoon,0,2024-07-01,372,398,12,98,281,1762889.4,28,69.0,60.0,63.0,,62.5
SKU046,2024-08-05,73,523814.42,7175.54,0,Product 046,Furniture,Shelf,2024-12-03,1913.03,7175.54,5262.51,0,Monsoon,0,2024-08-01,108,455,14,93,262,511806.6,4,62.0,69.0,58.0,,62.25
SKU046,2024-08-12,59,423356.86,7175.54,0,Product 046,Furniture,Shelf,2024-12-03,1913.03,7175.54,5262.51,1,Monsoon,0,2024-08-01,108,455,14,93,262,511806.6,11,73.0,62.0,60.0,,66.0
SKU046,2024-08-19,60,430532.39999999997,7175.54,0,Product 046,Furniture,Shelf,2024-12-03,1913.03,7175.54,5262.51,0,Monsoon,0,2024-08-01,108,455,14,93,262,511806.6,18,59.0,73.0,69.0,,65.75
SKU046,2024-08-26,55,394654.69999999995,7175.54,1,Product 046,Furniture,Shelf,2024-12-03,1913.03,7175.54,5262.51,0,Monsoon,1,2024-08-01,108,455,14,93,262,511806.6,25,60.0,59.0,62.0,,63.5
SKU046,2024-09-02,60,430532.4,7175.54,1,Product 046,Furniture,Shelf,2024-12-03,1913.03,7175.54,5262.51,0,Monsoon,1,2024-09-01,147,273,10,89,211,696625.65,1,55.0,60.0,73.0,,61.75
SKU046,2024-09-09,56,401830.24,7175.54,1,Product 046,Furniture,Shelf,2024-12-03,1913.03,7175.54,5262.51,0,Monsoon,1,2024-09-01,147,273,10,89,211,696625.65,8,60.0,55.0,59.0,,58.5
SKU046,2024-09-16,54,387479.16,7175.54,1,Product 046,Furniture,Shelf,2024-12-03,1913.03,7175.54,5262.51,0,Monsoon,1,2024-09-01,147,273,10,89,211,696625.65,15,56.0,60.0,60.0,,57.75
SKU046,2024-09-23,56,401830.24,7175.54,1,Product 046,Furniture,Shelf,2024-12-03,1913.03,7175.54,5262.51,0,Monsoon,1,2024-09-01,147,273,10,89,211,696625.65,22,54.0,56.0,55.0,,56.25
SKU046,2024-09-30,54,387479.16,7175.54,0,Product 046,Furniture,Shelf,2024-12-03,1913.03,7175.54,5262.51,0,Monsoon,0,2024-09-01,147,273,10,89,211,696625.65,29,56.0,54.0,60.0,,56.5
SKU046,2024-10-07,60,430532.4,7175.54,0,Product 046,Furniture,Shelf,2024-12-03,1913.03,7175.54,5262.51,0,Autumn,0,2024-10-01,226,47,5,36,90,1071002.7,6,54.0,56.0,56.0,,55.0
SKU046,2024-10-14,42,301372.68,7175.54,0,Product 046,Furniture,Shelf,2024-12-03,1913.03,7175.54,5262.51,0,Autumn,0,2024-10-01,226,47,5,36,90,1071002.7,13,60.0,54.0,54.0,,56.0
SKU046,2024-10-21,40,287021.6,7175.54,0,Product 046,Furniture,Shelf,2024-12-03,1913.03,7175.54,5262.51,0,Autumn,0,2024-10-01,226,47,5,36,90,1071002.7,20,42.0,60.0,56.0,,53.0
SKU046,2024-10-28,55,394654.7,7175.54,1,Product 046,Furniture,Shelf,2024-12-03,1913.03,7175.54,5262.51,1,Autumn,1,2024-10-01,226,47,5,36,90,1071002.7,27,40.0,42.0,54.0,,49.0
SKU046,2024-11-04,56,401830.24,7175.54,1,Product 046,Furniture,Shelf,2024-12-03,1913.03,7175.54,5262.51,0,Autumn,1,2024-11-01,317,52,3,88,121,1502247.15,3,55.0,40.0,60.0,,49.25
SKU046,2024-11-11,69,495112.26,7175.54,1,Product 046,Furniture,Shelf,2024-12-03,1913.03,7175.54,5262.51,0,Autumn,1,2024-11-01,317,52,3,88,121,1502247.15,10,56.0,55.0,42.0,,48.25
SKU046,2024-11-18,60,430532.4,7175.54,1,Product 046,Furniture,Shelf,2024-12-03,1913.03,7175.54,5262.51,0,Autumn,1,2024-11-01,317,52,3,88,121,1502247.15,17,69.0,56.0,40.0,,55.0
SKU046,2024-11-25,48,344425.92,7175.54,1,Product 046,Furniture,Shelf,2024-12-03,1913.03,7175.54,5262.51,0,Autumn,1,2024-11-01,317,52,3,88,121,1502247.15,24,60.0,69.0,55.0,,60.0
SKU046,2024-12-02,51,365952.54,7175.54,0,Product 046,Furniture,Shelf,2024-12-03,1913.03,7175.54,5262.51,0,Winter,0,2024-12-01,156,140,4,65,112,739276.2,1,48.0,60.0,56.0,,58.25
SKU046,2024-12-09,63,452059.02,7175.54,0,Product 046,Furniture,Shelf,2024-12-03,1913.03,7175.54,5262.51,0,Winter,0,2024-12-01,156,140,4,65,112,739276.2,8,51.0,48.0,69.0,,57.0
SKU046,2024-12-16,59,423356.86,7175.54,0,Product 046,Furniture,Shelf,2024-12-03,1913.03,7175.54,5262.51,0,Winter,0,2024-12-01,156,140,4,65,112,739276.2,15,63.0,51.0,60.0,,55.5
SKU046,2024-12-23,66,473585.64,7175.54,0,Product 046,Furniture,Shelf,2024-12-03,1913.03,7175.54,5262.51,1,Winter,0,2024-12-01,156,140,4,65,112,739276.2,22,59.0,63.0,48.0,,55.25
SKU046,2024-12-30,56,401830.24,7175.54,0,Product 046,Furniture,Shelf,2024-12-03,1913.03,7175.54,5262.51,0,Winter,0,2024-12-01,156,140,4,65,112,739276.2,29,66.0,59.0,51.0,63.0,59.75
SKU046,2025-01-06,72,516638.88,7175.54,0,Product 046,Furniture,Shelf,2024-12-03,1913.03,7175.54,5262.51,0,Winter,0,2025-01-01,110,46,11,45,175,521284.5,5,56.0,66.0,63.0,45.0,61.0
SKU046,2025-01-13,66,473585.64,7175.54,0,Product 046,Furniture,Shelf,2024-12-03,1913.03,7175.54,5262.51,0,Winter,0,2025-01-01,110,46,11,45,175,521284.5,12,72.0,56.0,59.0,52.0,63.25
SKU046,2025-01-20,60,430532.4,7175.54,0,Product 046,Furniture,Shelf,2024-12-03,1913.03,7175.54,5262.51,1,Winter,0,2025-01-01,110,46,11,45,175,521284.5,19,66.0,72.0,66.0,50.0,65.0
SKU046,2025-01-27,66,473585.64,7175.54,0,Product 046,Furniture,Shelf,2024-12-03,1913.03,7175.54,5262.51,0,Winter,0,2025-01-01,110,46,11,45,175,521284.5,26,60.0,66.0,56.0,73.0,63.5
SKU046,2025-02-03,76,545341.04,7175.54,0,Product 046,Furniture,Shelf,2024-12-03,1913.03,7175.54,5262.51,0,Winter,0,2025-02-01,212,277,11,63,205,1004657.4,2,66.0,60.0,72.0,69.0,66.0
SKU046,2025-02-10,64,459234.56,7175.54,0,Product 046,Furniture,Shelf,2024-12-03,1913.03,7175.54,5262.51,0,Winter,0,2025-02-01,212,277,11,63,205,1004657.4,9,76.0,66.0,66.0,73.0,67.0
SKU046,2025-02-17,70,502287.80000000005,7175.54,0,Product 046,Furniture,Shelf,2024-12-03,1913.03,7175.54,5262.51,0,Winter,0,2025-02-01,212,277,11,63,205,1004657.4,16,64.0,76.0,60.0,66.0,66.5
SKU046,2025-02-24,88,631447.52,7175.54,1,Product 046,Furniture,Shelf,2024-12-03,1913.03,7175.54,5262.51,0,Winter,1,2025-02-01,212,277,11,63,205,1004657.4,23,70.0,64.0,66.0,69.0,69.0
SKU046,2025-03-03,76,545341.04,7175.54,1,Product 046,Furniture,Shelf,2024-12-03,1913.03,7175.54,5262.51,0,Spring,1,2025-03-01,326,226,9,100,223,1544897.7,2,88.0,70.0,76.0,90.0,74.5
SKU046,2025-03-10,77,552516.58,7175.54,1,Product 046,Furniture,Shelf,2024-12-03,1913.03,7175.54,5262.51,0,Spring,1,2025-03-01,326,226,9,100,223,1544897.7,9,76.0,88.0,64.0,93.0,74.5
SKU046,2025-03-17,71,509463.34,7175.54,1,Product 046,Furniture,Shelf,2024-12-03,1913.03,7175.54,5262.51,0,Spring,1,2025-03-01,326,226,9,100,223,1544897.7,16,77.0,76.0,70.0,86.0,77.75
SKU046,2025-03-24,70,502287.8,7175.54,1,Product 046,Furniture,Shelf,2024-12-03,1913.03,7175.54,5262.51,0,Spring,1,2025-03-01,326,226,9,100,223,1544897.7,23,71.0,77.0,88.0,80.0,78.0
SKU046,2025-03-31,73,523814.42,7175.54,0,Product 046,Furniture,Shelf,2024-12-03,1913.03,7175.54,5262.51,0,Spring,0,2025-03-01,326,226,9,100,223,1544897.7,30,70.0,71.0,76.0,75.0,73.5
SKU046,2025-04-07,59,423356.86,7175.54,0,Product 046,Furniture,Shelf,2024-12-03,1913.03,7175.54,5262.51,0,Spring,0,2025-04-01,129,85,5,120,198,611324.55,6,73.0,70.0,77.0,68.0,72.75
SKU046,2025-04-14,78,559692.12,7175.54,0,Product 046,Furniture,Shelf,2024-12-03,1913.03,7175.54,5262.51,0,Spring,0,2025-04-01,129,85,5,120,198,611324.55,13,59.0,73.0,71.0,72.0,68.25
SKU046,2025-04-21,79,566867.66,7175.54,0,Product 046,Furniture,Shelf,2024-12-03,1913.03,7175.54,5262.51,0,Spring,0,2025-04-01,129,85,5,120,198,611324.55,20,78.0,59.0,70.0,87.0,70.0
SKU046,2025-04-28,81,581218.74,7175.54,0,Product 046,Furniture,Shelf,2024-12-03,1913.03,7175.54,5262.51,0,Spring,0,2025-04-01,129,85,5,120,198,611324.55,27,79.0,78.0,73.0,70.0,72.25
SKU046,2025-05-05,60,430532.4,7175.54,0,Product 046,Furniture,Shelf,2024-12-03,1913.03,7175.54,5262.51,0,Summer,0,2025-05-01,517,32,14,94,307,2450037.15,4,81.0,79.0,59.0,73.0,74.25
SKU046,2025-05-12,78,559692.12,7175.54,0,Product 046,Furniture,Shelf,2024-12-03,1913.03,7175.54,5262.51,0,Summer,0,2025-05-01,517,32,14,94,307,2450037.15,11,60.0,81.0,78.0,78.0,74.5
SKU046,2025-05-19,67,480761.18,7175.54,0,Product 046,Furniture,Shelf,2024-12-03,1913.03,7175.54,5262.51,0,Summer,0,2025-05-01,517,32,14,94,307,2450037.15,18,78.0,60.0,79.0,76.0,74.5
SKU046,2025-05-26,77,552516.58,7175.54,1,Product 046,Furniture,Shelf,2024-12-03,1913.03,7175.54,5262.51,0,Summer,1,2025-05-01,517,32,14,94,307,2450037.15,25,67.0,78.0,81.0,80.0,71.5
SKU046,2025-06-02,75,538165.5,7175.54,1,Product 046,Furniture,Shelf,2024-12-03,1913.03,7175.54,5262.51,0,Summer,1,2025-06-01,321,297,13,81,277,1521202.95,1,77.0,67.0,60.0,67.0,70.5
SKU046,2025-06-09,66,473585.64,7175.54,1,Product 046,Furniture,Shelf,2024-12-03,1913.03,7175.54,5262.51,0,Summer,1,2025-06-01,321,297,13,81,277,1521202.95,8,75.0,77.0,78.0,76.0,74.25
SKU046,2025-06-16,58,416181.31999999995,7175.54,1,Product 046,Furniture,Shelf,2024-12-03,1913.03,7175.54,5262.51,0,Summer,1,2025-06-01,321,297,13,81,277,1521202.95,15,66.0,75.0,67.0,64.0,71.25
SKU046,2025-06-23,79,566867.66,7175.54,1,Product 046,Furniture,Shelf,2024-12-03,1913.03,7175.54,5262.51,0,Summer,1,2025-06-01,321,297,13,81,277,1521202.95,22,58.0,66.0,77.0,65.0,69.0
SKU046,2025-06-30,55,394654.7,7175.54,0,Product 046,Furniture,Shelf,2024-12-03,1913.03,7175.54,5262.51,0,Summer,0,2025-06-01,321,297,13,81,277,1521202.95,29,79.0,58.0,75.0,63.0,69.5
SKU046,2025-07-07,78,559692.12,7175.54,0,Product 046,Furniture,Shelf,2024-12-03,1913.03,7175.54,5262.51,0,Monsoon,0,2025-07-01,125,316,3,126,176,592368.75,6,55.0,79.0,66.0,58.0,64.5
SKU046,2025-07-14,74,530989.96,7175.54,0,Product 046,Furniture,Shelf,2024-12-03,1913.03,7175.54,5262.51,0,Monsoon,0,2025-07-01,125,316,3,126,176,592368.75,13,78.0,55.0,58.0,60.0,67.5
SKU046,2025-07-21,78,559692.12,7175.54,0,Product 046,Furniture,Shelf,2024-12-03,1913.03,7175.54,5262.51,0,Monsoon,0,2025-07-01,125,316,3,126,176,592368.75,20,74.0,78.0,79.0,69.0,71.5
SKU046,2025-07-28,51,365952.54,7175.54,0,Product 046,Furniture,Shelf,2024-12-03,1913.03,7175.54,5262.51,0,Monsoon,0,2025-07-01,125,316,3,126,176,592368.75,27,78.0,74.0,55.0,62.0,71.25
SKU046,2025-08-04,69,495112.26,7175.54,0,Product 046,Furniture,Shelf,2024-12-03,1913.03,7175.54,5262.51,0,Monsoon,0,2025-08-01,305,163,5,71,135,1445379.75,3,51.0,78.0,78.0,73.0,70.25
SKU046,2025-08-11,64,459234.56,7175.54,0,Product 046,Furniture,Shelf,2024-12-03,1913.03,7175.54,5262.51,1,Monsoon,0,2025-08-01,305,163,5,71,135,1445379.75,10,69.0,51.0,74.0,59.0,68.0
SKU046,2025-08-18,54,387479.16000000003,7175.54,0,Product 046,Furniture,Shelf,2024-12-03,1913.03,7175.54,5262.51,0,Monsoon,0,2025-08-01,305,163,5,71,135,1445379.75,17,64.0,69.0,78.0,60.0,65.5
SKU046,2025-08-25,58,416181.32,7175.54,0,Product 046,Furniture,Shelf,2024-12-03,1913.03,7175.54,5262.51,0,Monsoon,0,2025-08-01,305,163,5,71,135,1445379.75,24,54.0,64.0,51.0,55.0,59.5
SKU046,2025-09-01,53,380303.62,7175.54,1,Product 046,Furniture,Shelf,2024-12-03,1913.03,7175.54,5262.51,0,Monsoon,1,2025-09-01,323,23,5,62,122,1530680.85,0,58.0,54.0,69.0,60.0,61.25
SKU046,2025-09-08,56,401830.24,7175.54,1,Product 046,Furniture,Shelf,2024-12-03,1913.03,7175.54,5262.51,0,Monsoon,1,2025-09-01,323,23,5,62,122,1530680.85,7,53.0,58.0,64.0,56.0,57.25
SKU046,2025-09-15,61,437707.94,7175.54,1,Product 046,Furniture,Shelf,2024-12-03,1913.03,7175.54,5262.51,0,Monsoon,1,2025-09-01,323,23,5,62,122,1530680.85,14,56.0,53.0,54.0,54.0,55.25
SKU046,2025-09-22,73,523814.42,7175.54,1,Product 046,Furniture,Shelf,2024-12-03,1913.03,7175.54,5262.51,0,Monsoon,1,2025-09-01,323,23,5,62,122,1530680.85,21,61.0,56.0,58.0,56.0,57.0
SKU046,2025-09-29,62,444883.48,7175.54,0,Product 046,Furniture,Shelf,2024-12-03,1913.03,7175.54,5262.51,0,Monsoon,0,2025-09-01,323,23,5,62,122,1530680.85,28,73.0,61.0,53.0,54.0,60.75
SKU046,2025-10-06,47,337250.38,7175.54,0,Product 046,Furniture,Shelf,2024-12-03,1913.03,7175.54,5262.51,0,Autumn,0,2025-10-01,246,47,5,75,131,1165781.7,5,62.0,73.0,56.0,60.0,63.0
SKU046,2025-10-13,40,287021.6,7175.54,0,Product 046,Furniture,Shelf,2024-12-03,1913.03,7175.54,5262.51,0,Autumn,0,2025-10-01,246,47,5,75,131,1165781.7,12,47.0,62.0,61.0,42.0,60.75
SKU046,2025-10-20,50,358777.0,7175.54,0,Product 046,Furniture,Shelf,2024-12-03,1913.03,7175.54,5262.51,1,Autumn,0,2025-10-01,246,47,5,75,131,1165781.7,19,40.0,47.0,73.0,40.0,55.5
SKU046,2025-10-27,64,459234.56,7175.54,1,Product 046,Furniture,Shelf,2024-12-03,1913.03,7175.54,5262.51,0,Autumn,1,2025-10-01,246,47,5,75,131,1165781.7,26,50.0,40.0,62.0,55.0,49.75
SKU046,2025-11-03,49,351601.46,7175.54,1,Product 046,Furniture,Shelf,2024-12-03,1913.03,7175.54,5262.51,0,Autumn,1,2025-11-01,257,56,8,31,113,1217910.15,2,64.0,50.0,47.0,56.0,50.25
SKU046,2025-11-10,56,401830.24,7175.54,1,Product 046,Furniture,Shelf,2024-12-03,1913.03,7175.54,5262.51,0,Autumn,1,2025-11-01,257,56,8,31,113,1217910.15,9,49.0,64.0,40.0,69.0,50.75
SKU046,2025-11-17,53,380303.62,7175.54,1,Product 046,Furniture,Shelf,2024-12-03,1913.03,7175.54,5262.51,0,Autumn,1,2025-11-01,257,56,8,31,113,1217910.15,16,56.0,49.0,50.0,60.0,54.75
SKU046,2025-11-24,52,373128.07999999996,7175.54,1,Product 046,Furniture,Shelf,2024-12-03,1913.03,7175.54,5262.51,0,Autumn,1,2025-11-01,257,56,8,31,113,1217910.15,23,53.0,56.0,64.0,48.0,55.5
SKU046,2025-12-01,56,401830.24,7175.54,0,Product 046,Furniture,Shelf,2024-12-03,1913.03,7175.54,5262.51,0,Winter,0,2025-12-01,119,182,4,46,96,563935.05,0,52.0,53.0,49.0,51.0,52.5
SKU046,2025-12-08,66,473585.64,7175.54,0,Product 046,Furniture,Shelf,2024-12-03,1913.03,7175.54,5262.51,0,Winter,0,2025-12-01,119,182,4,46,96,563935.05,7,56.0,52.0,56.0,63.0,54.25
SKU046,2025-12-15,57,409005.77999999997,7175.54,0,Product 046,Furniture,Shelf,2024-12-03,1913.03,7175.54,5262.51,0,Winter,0,2025-12-01,119,182,4,46,96,563935.05,14,66.0,56.0,53.0,59.0,56.75
SKU046,2025-12-22,58,416181.32,7175.54,0,Product 046,Furniture,Shelf,2024-12-03,1913.03,7175.54,5262.51,1,Winter,0,2025-12-01,119,182,4,46,96,563935.05,21,57.0,66.0,52.0,66.0,57.75
SKU047,2024-01-01,109,865265.98,7938.22,0,Product 047,Home Decor,Cabinet,2023-05-06,3416.1,7938.22,4522.12,0,Winter,0,2024-01-01,23,11,4,7,11,140956.19,0,,,,,
SKU047,2024-01-08,89,706501.58,7938.22,0,Product 047,Home Decor,Cabinet,2023-05-06,3416.1,7938.22,4522.12,0,Winter,0,2024-01-01,23,11,4,7,11,140956.19,7,109.0,,,,
SKU047,2024-01-15,118,936709.96,7938.22,0,Product 047,Home Decor,Cabinet,2023-05-06,3416.1,7938.22,4522.12,0,Winter,0,2024-01-01,23,11,4,7,11,140956.19,14,89.0,109.0,,,
SKU047,2024-01-22,96,762069.12,7938.22,0,Product 047,Home Decor,Cabinet,2023-05-06,3416.1,7938.22,4522.12,1,Winter,0,2024-01-01,23,11,4,7,11,140956.19,21,118.0,89.0,,,
SKU047,2024-01-29,104,825574.88,7938.22,0,Product 047,Home Decor,Cabinet,2023-05-06,3416.1,7938.22,4522.12,0,Winter,0,2024-01-01,23,11,4,7,11,140956.19,28,96.0,118.0,109.0,,103.0
SKU047,2024-02-05,113,897018.86,7938.22,0,Product 047,Home Decor,Cabinet,2023-05-06,3416.1,7938.22,4522.12,0,Winter,0,2024-02-01,59,135,9,32,94,361583.27,4,104.0,96.0,89.0,,101.75
SKU047,2024-02-12,124,984339.28,7938.22,0,Product 047,Home Decor,Cabinet,2023-05-06,3416.1,7938.22,4522.12,0,Winter,0,2024-02-01,59,135,9,32,94,361583.27,11,113.0,104.0,118.0,,107.75
SKU047,2024-02-19,99,785883.78,7938.22,0,Product 047,Home Decor,Cabinet,2023-05-06,3416.1,7938.22,4522.12,0,Winter,0,2024-02-01,59,135,9,32,94,361583.27,18,124.0,113.0,96.0,,109.25
SKU047,2024-02-26,105,833513.1,7938.22,1,Product 047,Home Decor,Cabinet,2023-05-06,3416.1,7938.22,4522.12,0,Winter,1,2024-02-01,59,135,9,32,94,361583.27,25,99.0,124.0,104.0,,110.0
SKU047,2024-03-04,149,1182794.78,7938.22,1,Product 047,Home Decor,Cabinet,2023-05-06,3416.1,7938.22,4522.12,0,Spring,1,2024-03-01,56,99,6,38,83,343197.68,3,105.0,99.0,113.0,,110.25
SKU047,2024-03-11,132,1047845.04,7938.22,1,Product 047,Home Decor,Cabinet,2023-05-06,3416.1,7938.22,4522.12,0,Spring,1,2024-03-01,56,99,6,38,83,343197.68,10,149.0,105.0,124.0,,119.25
SKU047,2024-03-18,135,1071659.7,7938.22,1,Product 047,Home Decor,Cabinet,2023-05-06,3416.1,7938.22,4522.12,0,Spring,1,2024-03-01,56,99,6,38,83,343197.68,17,132.0,149.0,99.0,,121.25
SKU047,2024-03-25,123,976401.0599999999,7938.22,1,Product 047,Home Decor,Cabinet,2023-05-06,3416.1,7938.22,4522.12,0,Spring,1,2024-03-01,56,99,6,38,83,343197.68,24,135.0,132.0,105.0,,130.25
SKU047,2024-04-01,123,976401.06,7938.22,0,Product 047,Home Decor,Cabinet,2023-05-06,3416.1,7938.22,4522.12,0,Spring,0,2024-04-01,119,58,4,36,65,729295.07,0,123.0,135.0,149.0,,134.75
SKU047,2024-04-08,95,754130.9,7938.22,0,Product 047,Home Decor,Cabinet,2023-05-06,3416.1,7938.22,4522.12,0,Spring,0,2024-04-01,119,58,4,36,65,729295.07,7,123.0,123.0,132.0,,128.25
SKU047,2024-04-15,129,1024030.38,7938.22,0,Product 047,Home Decor,Cabinet,2023-05-06,3416.1,7938.22,4522.12,0,Spring,0,2024-04-01,119,58,4,36,65,729295.07,14,95.0,123.0,135.0,,119.0
SKU047,2024-04-22,130,1031968.6,7938.22,0,Product 047,Home Decor,Cabinet,2023-05-06,3416.1,7938.22,4522.12,0,Spring,0,2024-04-01,119,58,4,36,65,729295.07,21,129.0,95.0,123.0,,117.5
SKU047,2024-04-29,123,976401.0599999999,7938.22,0,Product 047,Home Decor,Cabinet,2023-05-06,3416.1,7938.22,4522.12,0,Spring,0,2024-04-01,119,58,4,36,65,729295.07,28,130.0,129.0,123.0,,119.25
SKU047,2024-05-06,112,889080.64,7938.22,0,Product 047,Home Decor,Cabinet,2023-05-06,3416.1,7938.22,4522.12,0,Summer,0,2024-05-01,52,271,14,59,166,318683.56,5,123.0,130.0,95.0,,119.25
SKU047,2024-05-13,102,809698.44,7938.22,0,Product 047,Home Decor,Cabinet,2023-05-06,3416.1,7938.22,4522.12,0,Summer,0,2024-05-01,52,271,14,59,166,318683.56,12,112.0,123.0,129.0,,123.5
SKU047,2024-05-20,127,1008153.94,7938.22,0,Product 047,Home Decor,Cabinet,2023-05-06,3416.1,7938.22,4522.12,0,Summer,0,2024-05-01,52,271,14,59,166,318683.56,19,102.0,112.0,130.0,,116.75
SKU047,2024-05-27,132,1047845.0399999999,7938.22,1,Product 047,Home Decor,Cabinet,2023-05-06,3416.1,7938.22,4522.12,0,Summer,1,2024-05-01,52,271,14,59,166,318683.56,26,127.0,102.0,123.0,,116.0
SKU047,2024-06-03,113,897018.86,7938.22,1,Product 047,Home Decor,Cabinet,2023-05-06,3416.1,7938.22,4522.12,0,Summer,1,2024-06-01,108,9,7,23,72,661881.24,2,132.0,127.0,112.0,,118.25
SKU047,2024-06-10,102,809698.44,7938.22,1,Product 047,Home Decor,Cabinet,2023-05-06,3416.1,7938.22,4522.12,0,Summer,1,2024-06-01,108,9,7,23,72,661881.24,9,113.0,132.0,102.0,,118.5
SKU047,2024-06-17,133,1055783.26,7938.22,1,Product 047,Home Decor,Cabinet,2023-05-06,3416.1,7938.22,4522.12,0,Summer,1,2024-06-01,108,9,7,23,72,661881.24,16,102.0,113.0,127.0,,118.5
SKU047,2024-06-24,128,1016092.16,7938.22,1,Product 047,Home Decor,Cabinet,2023-05-06,3416.1,7938.22,4522.12,0,Summer,1,2024-06-01,108,9,7,23,72,661881.24,23,133.0,102.0,132.0,,120.0
SKU047,2024-07-01,119,944648.1799999999,7938.22,0,Product 047,Home Decor,Cabinet,2023-05-06,3416.1,7938.22,4522.12,0,Monsoon,0,2024-07-01,95,160,8,43,105,582210.35,0,128.0,133.0,113.0,,119.0
SKU047,2024-07-08,84,666810.48,7938.22,0,Product 047,Home Decor,Cabinet,2023-05-06,3416.1,7938.22,4522.12,0,Monsoon,0,2024-07-01,95,160,8,43,105,582210.35,7,119.0,128.0,102.0,,120.5
SKU047,2024-07-15,102,809698.44,7938.22,0,Product 047,Home Decor,Cabinet,2023-05-06,3416.1,7938.22,4522.12,0,Monsoon,0,2024-07-01,95,160,8,43,105,582210.35,14,84.0,119.0,133.0,,116.0
SKU047,2024-07-22,108,857327.76,7938.22,0,Product 047,Home Decor,Cabinet,2023-05-06,3416.1,7938.22,4522.12,0,Monsoon,0,2024-07-01,95,160,8,43,105,582210.35,21,102.0,84.0,128.0,,108.25
SKU047,2024-07-29,99,785883.78,7938.22,0,Product 047,Home Decor,Cabinet,2023-05-06,3416.1,7938.22,4522.12,0,Monsoon,0,2024-07-01,95,160,8,43,105,582210.35,28,108.0,102.0,119.0,,103.25
SKU047,2024-08-05,93,738254.46,7938.22,0,Product 047,Home Decor,Cabinet,2023-05-06,3416.1,7938.22,4522.12,0,Monsoon,0,2024-08-01,177,71,4,40,65,1084749.81,4,99.0,108.0,84.0,,98.25
SKU047,2024-08-12,66,523922.52,7938.22,0,Product 047,Home Decor,Cabinet,2023-05-06,3416.1,7938.22,4522.12,1,Monsoon,0,2024-08-01,177,71,4,40,65,1084749.81,11,93.0,99.0,102.0,,100.5
SKU047,2024-08-19,101,801760.22,7938.22,0,Product 047,Home Decor,Cabinet,2023-05-06,3416.1,7938.22,4522.12,0,Monsoon,0,2024-08-01,177,71,4,40,65,1084749.81,18,66.0,93.0,108.0,,91.5
SKU047,2024-08-26,110,873204.2,7938.22,1,Product 047,Home Decor,Cabinet,2023-05-06,3416.1,7938.22,4522.12,0,Monsoon,1,2024-08-01,177,71,4,40,65,1084749.81,25,101.0,66.0,99.0,,89.75
SKU047,2024-09-02,96,762069.12,7938.22,1,Product 047,Home Decor,Cabinet,2023-05-06,3416.1,7938.22,4522.12,0,Monsoon,1,2024-09-01,99,8,4,25,49,606724.47,1,110.0,101.0,93.0,,92.5
SKU047,2024-09-09,75,595366.5,7938.22,1,Product 047,Home Decor,Cabinet,2023-05-06,3416.1,7938.22,4522.12,0,Monsoon,1,2024-09-01,99,8,4,25,49,606724.47,8,96.0,110.0,66.0,,93.25
SKU047,2024-09-16,94,746192.6799999999,7938.22,1,Product 047,Home Decor,Cabinet,2023-05-06,3416.1,7938.22,4522.12,0,Monsoon,1,2024-09-01,99,8,4,25,49,606724.47,15,75.0,96.0,101.0,,95.5
SKU047,2024-09-23,115,912895.3,7938.22,1,Product 047,Home Decor,Cabinet,2023-05-06,3416.1,7938.22,4522.12,0,Monsoon,1,2024-09-01,99,8,4,25,49,606724.47,22,94.0,75.0,110.0,,93.75
SKU047,2024-09-30,75,595366.5,7938.22,0,Product 047,Home Decor,Cabinet,2023-05-06,3416.1,7938.22,4522.12,0,Monsoon,0,2024-09-01,99,8,4,25,49,606724.47,29,115.0,94.0,96.0,,95.0
SKU047,2024-10-07,93,738254.46,7938.22,0,Product 047,Home Decor,Cabinet,2023-05-06,3416.1,7938.22,4522.12,0,Autumn,0,2024-10-01,149,90,3,41,59,913150.97,6,75.0,115.0,75.0,,89.75
SKU047,2024-10-14,84,666810.48,7938.22,0,Product 047,Home Decor,Cabinet,2023-05-06,3416.1,7938.22,4522.12,0,Autumn,0,2024-10-01,149,90,3,41,59,913150.97,13,93.0,75.0,94.0,,94.25
SKU047,2024-10-21,79,627119.38,7938.22,0,Product 047,Home Decor,Cabinet,2023-05-06,3416.1,7938.22,4522.12,0,Autumn,0,2024-10-01,149,90,3,41,59,913150.97,20,84.0,93.0,115.0,,91.75
SKU047,2024-10-28,93,738254.46,7938.22,1,Product 047,Home Decor,Cabinet,2023-05-06,3416.1,7938.22,4522.12,1,Autumn,1,2024-10-01,149,90,3,41,59,913150.97,27,79.0,84.0,75.0,,82.75
SKU047,2024-11-04,93,738254.46,7938.22,1,Product 047,Home Decor,Cabinet,2023-05-06,3416.1,7938.22,4522.12,0,Autumn,1,2024-11-01,44,113,7,30,65,269655.32,3,93.0,79.0,93.0,,87.25
SKU047,2024-11-11,82,650934.04,7938.22,1,Product 047,Home Decor,Cabinet,2023-05-06,3416.1,7938.22,4522.12,0,Autumn,1,2024-11-01,44,113,7,30,65,269655.32,10,93.0,93.0,84.0,,87.25
SKU047,2024-11-18,85,674748.7,7938.22,1,Product 047,Home Decor,Cabinet,2023-05-06,3416.1,7938.22,4522.12,0,Autumn,1,2024-11-01,44,113,7,30,65,269655.32,17,82.0,93.0,79.0,,86.75
SKU047,2024-11-25,78,619181.16,7938.22,1,Product 047,Home Decor,Cabinet,2023-05-06,3416.1,7938.22,4522.12,0,Autumn,1,2024-11-01,44,113,7,30,65,269655.32,24,85.0,82.0,93.0,,88.25
SKU047,2024-12-02,78,619181.16,7938.22,0,Product 047,Home Decor,Cabinet,2023-05-06,3416.1,7938.22,4522.12,0,Winter,0,2024-12-01,98,30,7,42,83,600595.94,1,78.0,85.0,93.0,,84.5
SKU047,2024-12-09,85,674748.7,7938.22,0,Product 047,Home Decor,Cabinet,2023-05-06,3416.1,7938.22,4522.12,0,Winter,0,2024-12-01,98,30,7,42,83,600595.94,8,78.0,78.0,82.0,,80.75
SKU047,2024-12-16,92,730316.24,7938.22,0,Product 047,Home Decor,Cabinet,2023-05-06,3416.1,7938.22,4522.12,0,Winter,0,2024-12-01,98,30,7,42,83,600595.94,15,85.0,78.0,85.0,,81.5
SKU047,2024-12-23,82,650934.04,7938.22,0,Product 047,Home Decor,Cabinet,2023-05-06,3416.1,7938.22,4522.12,1,Winter,0,2024-12-01,98,30,7,42,83,600595.94,22,92.0,85.0,78.0,,83.25
SKU047,2024-12-30,114,904957.08,7938.22,0,Product 047,Home Decor,Cabinet,2023-05-06,3416.1,7938.22,4522.12,0,Winter,0,2024-12-01,98,30,7,42,83,600595.94,29,82.0,92.0,78.0,109.0,84.25
SKU047,2025-01-06,110,873204.2000000001,7938.22,0,Product 047,Home Decor,Cabinet,2023-05-06,3416.1,7938.22,4522.12,0,Winter,0,2025-01-01,191,38,8,31,75,1170549.23,5,114.0,82.0,85.0,89.0,93.25
SKU047,2025-01-13,84,666810.48,7938.22,0,Product 047,Home Decor,Cabinet,2023-05-06,3416.1,7938.22,4522.12,0,Winter,0,2025-01-01,191,38,8,31,75,1170549.23,12,110.0,114.0,92.0,118.0,99.5
SKU047,2025-01-20,90,714439.8,7938.22,0,Product 047,Home Decor,Cabinet,2023-05-06,3416.1,7938.22,4522.12,1,Winter,0,2025-01-01,191,38,8,31,75,1170549.23,19,84.0,110.0,82.0,96.0,97.5
SKU047,2025-01-27,99,785883.78,7938.22,0,Product 047,Home Decor,Cabinet,2023-05-06,3416.1,7938.22,4522.12,0,Winter,0,2025-01-01,191,38,8,31,75,1170549.23,26,90.0,84.0,114.0,104.0,99.5
SKU047,2025-02-03,108,857327.76,7938.22,0,Product 047,Home Decor,Cabinet,2023-05-06,3416.1,7938.22,4522.12,0,Winter,0,2025-02-01,168,23,7,46,94,1029593.04,2,99.0,90.0,110.0,113.0,95.75
SKU047,2025-02-10,104,825574.88,7938.22,0,Product 047,Home Decor,Cabinet,2023-05-06,3416.1,7938.22,4522.12,0,Winter,0,2025-02-01,168,23,7,46,94,1029593.04,9,108.0,99.0,84.0,124.0,95.25
SKU047,2025-02-17,105,833513.1,7938.22,0,Product 047,Home Decor,Cabinet,2023-05-06,3416.1,7938.22,4522.12,0,Winter,0,2025-02-01,168,23,7,46,94,1029593.04,16,104.0,108.0,90.0,99.0,100.25
SKU047,2025-02-24,107,849389.54,7938.22,1,Product 047,Home Decor,Cabinet,2023-05-06,3416.1,7938.22,4522.12,0,Winter,1,2025-02-01,168,23,7,46,94,1029593.04,23,105.0,104.0,99.0,105.0,104.0
SKU047,2025-03-03,146,1158980.1199999999,7938.22,1,Product 047,Home Decor,Cabinet,2023-05-06,3416.1,7938.22,4522.12,0,Spring,1,2025-03-01,148,116,3,57,79,907022.44,2,107.0,105.0,108.0,149.0,106.0
SKU047,2025-03-10,134,1063721.48,7938.22,1,Product 047,Home Decor,Cabinet,2023-05-06,3416.1,7938.22,4522.12,0,Spring,1,2025-03-01,148,116,3,57,79,907022.44,9,146.0,107.0,104.0,132.0,115.5
SKU047,2025-03-17,128,1016092.16,7938.22,1,Product 047,Home Decor,Cabinet,2023-05-06,3416.1,7938.22,4522.12,0,Spring,1,2025-03-01,148,116,3,57,79,907022.44,16,134.0,146.0,105.0,135.0,123.0
SKU047,2025-03-24,125,992277.5,7938.22,1,Product 047,Home Decor,Cabinet,2023-05-06,3416.1,7938.22,4522.12,0,Spring,1,2025-03-01,148,116,3,57,79,907022.44,23,128.0,134.0,107.0,123.0,128.75
SKU047,2025-03-31,114,904957.08,7938.22,0,Product 047,Home Decor,Cabinet,2023-05-06,3416.1,7938.22,4522.12,0,Spring,0,2025-03-01,148,116,3,57,79,907022.44,30,125.0,128.0,146.0,123.0,133.25
SKU047,2025-04-07,104,825574.88,7938.22,0,Product 047,Home Decor,Cabinet,2023-05-06,3416.1,7938.22,4522.12,0,Spring,0,2025-04-01,162,40,13,39,150,992821.86,6,114.0,125.0,134.0,95.0,125.25
SKU047,2025-04-14,110,873204.2,7938.22,0,Product 047,Home Decor,Cabinet,2023-05-06,3416.1,7938.22,4522.12,0,Spring,0,2025-04-01,162,40,13,39,150,992821.86,13,104.0,114.0,128.0,129.0,117.75
SKU047,2025-04-21,115,912895.2999999999,7938.22,0,Product 047,Home Decor,Cabinet,2023-05-06,3416.1,7938.22,4522.12,0,Spring,0,2025-04-01,162,40,13,39,150,992821.86,20,110.0,104.0,125.0,130.0,113.25
SKU047,2025-04-28,122,968462.84,7938.22,0,Product 047,Home Decor,Cabinet,2023-05-06,3416.1,7938.22,4522.12,0,Spring,0,2025-04-01,162,40,13,39,150,992821.86,27,115.0,110.0,114.0,123.0,110.75
SKU047,2025-05-05,112,889080.64,7938.22,0,Product 047,Home Decor,Cabinet,2023-05-06,3416.1,7938.22,4522.12,0,Summer,0,2025-05-01,120,113,11,48,127,735423.6,4,122.0,115.0,104.0,112.0,112.75
SKU047,2025-05-12,103,817636.6599999999,7938.22,0,Product 047,Home Decor,Cabinet,2023-05-06,3416.1,7938.22,4522.12,0,Summer,0,2025-05-01,120,113,11,48,127,735423.6,11,112.0,122.0,110.0,102.0,114.75
SKU047,2025-05-19,114,904957.0800000001,7938.22,0,Product 047,Home Decor,Cabinet,2023-05-06,3416.1,7938.22,4522.12,0,Summer,0,2025-05-01,120,113,11,48,127,735423.6,18,103.0,112.0,115.0,127.0,113.0
SKU047,2025-05-26,122,968462.84,7938.22,1,Product 047,Home Decor,Cabinet,2023-05-06,3416.1,7938.22,4522.12,0,Summer,1,2025-05-01,120,113,11,48,127,735423.6,25,114.0,103.0,122.0,132.0,112.75
SKU047,2025-06-02,123,976401.0599999999,7938.22,1,Product 047,Home Decor,Cabinet,2023-05-06,3416.1,7938.22,4522.12,0,Summer,1,2025-06-01,53,162,6,43,85,324812.09,1,122.0,114.0,112.0,113.0,112.75
SKU047,2025-06-09,125,992277.5,7938.22,1,Product 047,Home Decor,Cabinet,2023-05-06,3416.1,7938.22,4522.12,0,Summer,1,2025-06-01,53,162,6,43,85,324812.09,8,123.0,122.0,103.0,102.0,115.5
SKU047,2025-06-16,133,1055783.26,7938.22,1,Product 047,Home Decor,Cabinet,2023-05-06,3416.1,7938.22,4522.12,0,Summer,1,2025-06-01,53,162,6,43,85,324812.09,15,125.0,123.0,114.0,133.0,121.0
SKU047,2025-06-23,110,873204.2,7938.22,1,Product 047,Home Decor,Cabinet,2023-05-06,3416.1,7938.22,4522.12,0,Summer,1,2025-06-01,53,162,6,43,85,324812.09,22,133.0,125.0,122.0,128.0,125.75
SKU047,2025-06-30,110,873204.2,7938.22,0,Product 047,Home Decor,Cabinet,2023-05-06,3416.1,7938.22,4522.12,0,Summer,0,2025-06-01,53,162,6,43,85,324812.09,29,110.0,133.0,123.0,119.0,122.75
SKU047,2025-07-07,106,841451.32,7938.22,0,Product 047,Home Decor,Cabinet,2023-05-06,3416.1,7938.22,4522.12,0,Monsoon,0,2025-07-01,70,198,10,49,124,428997.1,6,110.0,110.0,125.0,84.0,119.5
SKU047,2025-07-14,105,833513.1,7938.22,0,Product 047,Home Decor,Cabinet,2023-05-06,3416.1,7938.22,4522.12,0,Monsoon,0,2025-07-01,70,198,10,49,124,428997.1,13,106.0,110.0,133.0,102.0,114.75
SKU047,2025-07-21,107,849389.54,7938.22,0,Product 047,Home Decor,Cabinet,2023-05-06,3416.1,7938.22,4522.12,0,Monsoon,0,2025-07-01,70,198,10,49,124,428997.1,20,105.0,106.0,110.0,108.0,107.75
SKU047,2025-07-28,120,952586.3999999999,7938.22,0,Product 047,Home Decor,Cabinet,2023-05-06,3416.1,7938.22,4522.12,0,Monsoon,0,2025-07-01,70,198,10,49,124,428997.1,27,107.0,105.0,110.0,99.0,107.0
SKU047,2025-08-04,95,754130.9,7938.22,0,Product 047,Home Decor,Cabinet,2023-05-06,3416.1,7938.22,4522.12,0,Monsoon,0,2025-08-01,148,68,3,35,55,907022.44,3,120.0,107.0,106.0,93.0,109.5
SKU047,2025-08-11,101,801760.22,7938.22,0,Product 047,Home Decor,Cabinet,2023-05-06,3416.1,7938.22,4522.12,1,Monsoon,0,2025-08-01,148,68,3,35,55,907022.44,10,95.0,120.0,105.0,66.0,106.75
SKU047,2025-08-18,86,682686.92,7938.22,0,Product 047,Home Decor,Cabinet,2023-05-06,3416.1,7938.22,4522.12,0,Monsoon,0,2025-08-01,148,68,3,35,55,907022.44,17,101.0,95.0,107.0,101.0,105.75
SKU047,2025-08-25,92,730316.24,7938.22,0,Product 047,Home Decor,Cabinet,2023-05-06,3416.1,7938.22,4522.12,0,Monsoon,0,2025-08-01,148,68,3,35,55,907022.44,24,86.0,101.0,120.0,110.0,100.5
SKU047,2025-09-01,103,817636.66,7938.22,1,Product 047,Home Decor,Cabinet,2023-05-06,3416.1,7938.22,4522.12,0,Monsoon,1,2025-09-01,176,21,5,20,49,1078621.28,0,92.0,86.0,95.0,96.0,93.5
SKU047,2025-09-08,78,619181.16,7938.22,1,Product 047,Home Decor,Cabinet,2023-05-06,3416.1,7938.22,4522.12,0,Monsoon,1,2025-09-01,176,21,5,20,49,1078621.28,7,103.0,92.0,101.0,75.0,95.5
SKU047,2025-09-15,87,690625.14,7938.22,1,Product 047,Home Decor,Cabinet,2023-05-06,3416.1,7938.22,4522.12,0,Monsoon,1,2025-09-01,176,21,5,20,49,1078621.28,14,78.0,103.0,86.0,94.0,89.75
SKU047,2025-09-22,94,746192.68,7938.22,1,Product 047,Home Decor,Cabinet,2023-05-06,3416.1,7938.22,4522.12,0,Monsoon,1,2025-09-01,176,21,5,20,49,1078621.28,21,87.0,78.0,92.0,115.0,90.0
SKU047,2025-09-29,77,611242.94,7938.22,0,Product 047,Home Decor,Cabinet,2023-05-06,3416.1,7938.22,4522.12,0,Monsoon,0,2025-09-01,176,21,5,20,49,1078621.28,28,94.0,87.0,103.0,75.0,90.5
SKU047,2025-10-06,81,642995.8200000001,7938.22,0,Product 047,Home Decor,Cabinet,2023-05-06,3416.1,7938.22,4522.12,0,Autumn,0,2025-10-01,91,75,14,31,110,557696.23,5,77.0,94.0,78.0,93.0,84.0
SKU047,2025-10-13,76,603304.72,7938.22,0,Product 047,Home Decor,Cabinet,2023-05-06,3416.1,7938.22,4522.12,0,Autumn,0,2025-10-01,91,75,14,31,110,557696.23,12,81.0,77.0,87.0,84.0,84.75
SKU047,2025-10-20,75,595366.5,7938.22,0,Product 047,Home Decor,Cabinet,2023-05-06,3416.1,7938.22,4522.12,1,Autumn,0,2025-10-01,91,75,14,31,110,557696.23,19,76.0,81.0,94.0,79.0,82.0
SKU047,2025-10-27,101,801760.22,7938.22,1,Product 047,Home Decor,Cabinet,2023-05-06,3416.1,7938.22,4522.12,0,Autumn,1,2025-10-01,91,75,14,31,110,557696.23,26,75.0,76.0,77.0,93.0,77.25
SKU047,2025-11-03,102,809698.44,7938.22,1,Product 047,Home Decor,Cabinet,2023-05-06,3416.1,7938.22,4522.12,0,Autumn,1,2025-11-01,98,125,8,44,88,600595.94,2,101.0,75.0,81.0,93.0,83.25
SKU047,2025-11-10,101,801760.22,7938.22,1,Product 047,Home Decor,Cabinet,2023-05-06,3416.1,7938.22,4522.12,0,Autumn,1,2025-11-01,98,125,8,44,88,600595.94,9,102.0,101.0,76.0,82.0,88.5
SKU047,2025-11-17,81,642995.82,7938.22,1,Product 047,Home Decor,Cabinet,2023-05-06,3416.1,7938.22,4522.12,0,Autumn,1,2025-11-01,98,125,8,44,88,600595.94,16,101.0,102.0,75.0,85.0,94.75
SKU047,2025-11-24,90,714439.8,7938.22,1,Product 047,Home Decor,Cabinet,2023-05-06,3416.1,7938.22,4522.12,0,Autumn,1,2025-11-01,98,125,8,44,88,600595.94,23,81.0,101.0,101.0,78.0,96.25
SKU047,2025-12-01,108,857327.76,7938.22,0,Product 047,Home Decor,Cabinet,2023-05-06,3416.1,7938.22,4522.12,0,Winter,0,2025-12-01,201,129,9,44,99,1231834.53,0,90.0,81.0,102.0,78.0,93.5
SKU047,2025-12-08,86,682686.92,7938.22,0,Product 047,Home Decor,Cabinet,2023-05-06,3416.1,7938.22,4522.12,0,Winter,0,2025-12-01,201,129,9,44,99,1231834.53,7,108.0,90.0,101.0,85.0,95.0
SKU047,2025-12-15,100,793822.0,7938.22,0,Product 047,Home Decor,Cabinet,2023-05-06,3416.1,7938.22,4522.12,0,Winter,0,2025-12-01,201,129,9,44,99,1231834.53,14,86.0,108.0,81.0,92.0,91.25
SKU047,2025-12-22,88,698563.36,7938.22,0,Product 047,Home Decor,Cabinet,2023-05-06,3416.1,7938.22,4522.12,1,Winter,0,2025-12-01,201,129,9,44,99,1231834.53,21,100.0,86.0,90.0,82.0,96.0
SKU048,2024-01-01,76,104845.8,1379.55,0,Product 048,Kitchen,Rug,2024-09-09,6863.87,1379.55,-5484.32,0,Winter,0,2024-01-01,15,10,8,5,13,53980.8,0,,,,,
SKU048,2024-01-08,51,70357.05,1379.55,0,Product 048,Kitchen,Rug,2024-09-09,6863.87,1379.55,-5484.32,0,Winter,0,2024-01-01,15,10,8,5,13,53980.8,7,76.0,,,,
SKU048,2024-01-15,52,71736.6,1379.55,0,Product 048,Kitchen,Rug,2024-09-09,6863.87,1379.55,-5484.32,0,Winter,0,2024-01-01,15,10,8,5,13,53980.8,14,51.0,76.0,,,
SKU048,2024-01-22,42,57941.1,1379.55,0,Product 048,Kitchen,Rug,2024-09-09,6863.87,1379.55,-5484.32,1,Winter,0,2024-01-01,15,10,8,5,13,53980.8,21,52.0,51.0,,,
SKU048,2024-01-29,52,71736.6,1379.55,0,Product 048,Kitchen,Rug,2024-09-09,6863.87,1379.55,-5484.32,0,Winter,0,2024-01-01,15,10,8,5,13,53980.8,28,42.0,52.0,76.0,,55.25
SKU048,2024-02-05,61,84152.55,1379.55,0,Product 048,Kitchen,Rug,2024-09-09,6863.87,1379.55,-5484.32,0,Winter,0,2024-02-01,134,20,6,24,47,482228.48,4,52.0,42.0,51.0,,49.25
SKU048,2024-02-12,54,74495.7,1379.55,0,Product 048,Kitchen,Rug,2024-09-09,6863.87,1379.55,-5484.32,0,Winter,0,2024-02-01,134,20,6,24,47,482228.48,11,61.0,52.0,52.0,,51.75
SKU048,2024-02-19,64,88291.2,1379.55,0,Product 048,Kitchen,Rug,2024-09-09,6863.87,1379.55,-5484.32,0,Winter,0,2024-02-01,134,20,6,24,47,482228.48,18,54.0,61.0,42.0,,52.25
SKU048,2024-02-26,73,100707.15,1379.55,1,Product 048,Kitchen,Rug,2024-09-09,6863.87,1379.55,-5484.32,0,Winter,1,2024-02-01,134,20,6,24,47,482228.48,25,64.0,54.0,52.0,,57.75
SKU048,2024-03-04,65,89670.75,1379.55,1,Product 048,Kitchen,Rug,2024-09-09,6863.87,1379.55,-5484.32,0,Spring,1,2024-03-01,70,12,5,25,43,251910.4,3,73.0,64.0,61.0,,63.0
SKU048,2024-03-11,76,104845.8,1379.55,1,Product 048,Kitchen,Rug,2024-09-09,6863.87,1379.55,-5484.32,0,Spring,1,2024-03-01,70,12,5,25,43,251910.4,10,65.0,73.0,54.0,,64.0
SKU048,2024-03-18,70,96568.5,1379.55,1,Product 048,Kitchen,Rug,2024-09-09,6863.87,1379.55,-5484.32,0,Spring,1,2024-03-01,70,12,5,25,43,251910.4,17,76.0,65.0,64.0,,69.5
SKU048,2024-03-25,79,108984.45,1379.55,1,Product 048,Kitchen,Rug,2024-09-09,6863.87,1379.55,-5484.32,0,Spring,1,2024-03-01,70,12,5,25,43,251910.4,24,70.0,76.0,73.0,,71.0
SKU048,2024-04-01,59,81393.45,1379.55,0,Product 048,Kitchen,Rug,2024-09-09,6863.87,1379.55,-5484.32,0,Spring,0,2024-04-01,73,46,4,21,39,262706.56,0,79.0,70.0,65.0,,72.5
SKU048,2024-04-08,65,89670.75,1379.55,0,Product 048,Kitchen,Rug,2024-09-09,6863.87,1379.55,-5484.32,0,Spring,0,2024-04-01,73,46,4,21,39,262706.56,7,59.0,79.0,76.0,,71.0
SKU048,2024-04-15,74,102086.7,1379.55,0,Product 048,Kitchen,Rug,2024-09-09,6863.87,1379.55,-5484.32,0,Spring,0,2024-04-01,73,46,4,21,39,262706.56,14,65.0,59.0,70.0,,68.25
SKU048,2024-04-22,54,74495.7,1379.55,0,Product 048,Kitchen,Rug,2024-09-09,6863.87,1379.55,-5484.32,0,Spring,0,2024-04-01,73,46,4,21,39,262706.56,21,74.0,65.0,79.0,,69.25
SKU048,2024-04-29,60,82773.0,1379.55,0,Product 048,Kitchen,Rug,2024-09-09,6863.87,1379.55,-5484.32,0,Spring,0,2024-04-01,73,46,4,21,39,262706.56,28,54.0,74.0,59.0,,63.0
SKU048,2024-05-06,71,97948.05,1379.55,0,Product 048,Kitchen,Rug,2024-09-09,6863.87,1379.55,-5484.32,0,Summer,0,2024-05-01,112,91,12,20,67,403056.64,5,60.0,54.0,65.0,,63.25
SKU048,2024-05-13,69,95188.95,1379.55,0,Product 048,Kitchen,Rug,2024-09-09,6863.87,1379.55,-5484.32,0,Summer,0,2024-05-01,112,91,12,20,67,403056.64,12,71.0,60.0,74.0,,64.75
SKU048,2024-05-20,66,91050.3,1379.55,0,Product 048,Kitchen,Rug,2024-09-09,6863.87,1379.55,-5484.32,0,Summer,0,2024-05-01,112,91,12,20,67,403056.64,19,69.0,71.0,54.0,,63.5
SKU048,2024-05-27,76,104845.8,1379.55,1,Product 048,Kitchen,Rug,2024-09-09,6863.87,1379.55,-5484.32,0,Summer,1,2024-05-01,112,91,12,20,67,403056.64,26,66.0,69.0,60.0,,66.5
SKU048,2024-06-03,68,93809.4,1379.55,1,Product 048,Kitchen,Rug,2024-09-09,6863.87,1379.55,-5484.32,0,Summer,1,2024-06-01,59,103,8,17,53,212324.48,2,76.0,66.0,71.0,,70.5
SKU048,2024-06-10,67,92429.84999999999,1379.55,1,Product 048,Kitchen,Rug,2024-09-09,6863.87,1379.55,-5484.32,0,Summer,1,2024-06-01,59,103,8,17,53,212324.48,9,68.0,76.0,69.0,,69.75
SKU048,2024-06-17,74,102086.7,1379.55,1,Product 048,Kitchen,Rug,2024-09-09,6863.87,1379.55,-5484.32,0,Summer,1,2024-06-01,59,103,8,17,53,212324.48,16,67.0,68.0,66.0,,69.25
SKU048,2024-06-24,57,78634.35,1379.55,1,Product 048,Kitchen,Rug,2024-09-09,6863.87,1379.55,-5484.32,0,Summer,1,2024-06-01,59,103,8,17,53,212324.48,23,74.0,67.0,76.0,,71.25
SKU048,2024-07-01,64,88291.2,1379.55,0,Product 048,Kitchen,Rug,2024-09-09,6863.87,1379.55,-5484.32,0,Monsoon,0,2024-07-01,32,141,10,29,74,115159.04,0,57.0,74.0,68.0,,66.5
SKU048,2024-07-08,66,91050.3,1379.55,0,Product 048,Kitchen,Rug,2024-09-09,6863.87,1379.55,-5484.32,0,Monsoon,0,2024-07-01,32,141,10,29,74,115159.04,7,64.0,57.0,67.0,,65.5
SKU048,2024-07-15,58,80013.9,1379.55,0,Product 048,Kitchen,Rug,2024-09-09,6863.87,1379.55,-5484.32,0,Monsoon,0,2024-07-01,32,141,10,29,74,115159.04,14,66.0,64.0,74.0,,65.25
SKU048,2024-07-22,58,80013.9,1379.55,0,Product 048,Kitchen,Rug,2024-09-09,6863.87,1379.55,-5484.32,0,Monsoon,0,2024-07-01,32,141,10,29,74,115159.04,21,58.0,66.0,57.0,,61.25
SKU048,2024-07-29,55,75875.25,1379.55,0,Product 048,Kitchen,Rug,2024-09-09,6863.87,1379.55,-5484.32,0,Monsoon,0,2024-07-01,32,141,10,29,74,115159.04,28,58.0,58.0,64.0,,61.5
SKU048,2024-08-05,53,73116.15,1379.55,0,Product 048,Kitchen,Rug,2024-09-09,6863.87,1379.55,-5484.32,0,Monsoon,0,2024-08-01,65,63,12,33,85,233916.8,4,55.0,58.0,66.0,,59.25
SKU048,2024-08-12,59,81393.45,1379.55,0,Product 048,Kitchen,Rug,2024-09-09,6863.87,1379.55,-5484.32,1,Monsoon,0,2024-08-01,65,63,12,33,85,233916.8,11,53.0,55.0,58.0,,56.0
SKU048,2024-08-19,59,81393.45,1379.55,0,Product 048,Kitchen,Rug,2024-09-09,6863.87,1379.55,-5484.32,0,Monsoon,0,2024-08-01,65,63,12,33,85,233916.8,18,59.0,53.0,58.0,,56.25
SKU048,2024-08-26,65,89670.75,1379.55,1,Product 048,Kitchen,Rug,2024-09-09,6863.87,1379.55,-5484.32,0,Monsoon,1,2024-08-01,65,63,12,33,85,233916.8,25,59.0,59.0,55.0,,56.5
SKU048,2024-09-02,41,56561.55,1379.55,1,Product 048,Kitchen,Rug,2024-09-09,6863.87,1379.55,-5484.32,0,Monsoon,1,2024-09-01,54,60,9,16,44,194330.88,1,65.0,59.0,53.0,,59.0
SKU048,2024-09-09,63,86911.65,1379.55,1,Product 048,Kitchen,Rug,2024-09-09,6863.87,1379.55,-5484.32,0,Monsoon,1,2024-09-01,54,60,9,16,44,194330.88,8,41.0,65.0,59.0,,56.0
SKU048,2024-09-16,56,77254.8,1379.55,1,Product 048,Kitchen,Rug,2024-09-09,6863.87,1379.55,-5484.32,0,Monsoon,1,2024-09-01,54,60,9,16,44,194330.88,15,63.0,41.0,59.0,,57.0
SKU048,2024-09-23,48,66218.4,1379.55,1,Product 048,Kitchen,Rug,2024-09-09,6863.87,1379.55,-5484.32,0,Monsoon,1,2024-09-01,54,60,9,16,44,194330.88,22,56.0,63.0,65.0,,56.25
SKU048,2024-09-30,47,64838.850000000006,1379.55,0,Product 048,Kitchen,Rug,2024-09-09,6863.87,1379.55,-5484.32,0,Monsoon,0,2024-09-01,54,60,9,16,44,194330.88,29,48.0,56.0,41.0,,52.0
SKU048,2024-10-07,51,70357.05,1379.55,0,Product 048,Kitchen,Rug,2024-09-09,6863.87,1379.55,-5484.32,0,Autumn,0,2024-10-01,73,29,12,14,57,262706.56,6,47.0,48.0,63.0,,53.5
SKU048,2024-10-14,51,70357.05,1379.55,0,Product 048,Kitchen,Rug,2024-09-09,6863.87,1379.55,-5484.32,0,Autumn,0,2024-10-01,73,29,12,14,57,262706.56,13,51.0,47.0,56.0,,50.5
SKU048,2024-10-21,53,73116.15,1379.55,0,Product 048,Kitchen,Rug,2024-09-09,6863.87,1379.55,-5484.32,0,Autumn,0,2024-10-01,73,29,12,14,57,262706.56,20,51.0,51.0,48.0,,49.25
SKU048,2024-10-28,63,86911.65,1379.55,1,Product 048,Kitchen,Rug,2024-09-09,6863.87,1379.55,-5484.32,1,Autumn,1,2024-10-01,73,29,12,14,57,262706.56,27,53.0,51.0,47.0,,50.5
SKU048,2024-11-04,45,62079.75,1379.55,1,Product 048,Kitchen,Rug,2024-09-09,6863.87,1379.55,-5484.32,0,Autumn,1,2024-11-01,58,89,13,19,61,208725.76,3,63.0,53.0,51.0,,54.5
SKU048,2024-11-11,57,78634.35,1379.55,1,Product 048,Kitchen,Rug,2024-09-09,6863.87,1379.55,-5484.32,0,Autumn,1,2024-11-01,58,89,13,19,61,208725.76,10,45.0,63.0,51.0,,53.0
SKU048,2024-11-18,55,75875.25,1379.55,1,Product 048,Kitchen,Rug,2024-09-09,6863.87,1379.55,-5484.32,0,Autumn,1,2024-11-01,58,89,13,19,61,208725.76,17,57.0,45.0,53.0,,54.5
SKU048,2024-11-25,56,77254.8,1379.55,1,Product 048,Kitchen,Rug,2024-09-09,6863.87,1379.55,-5484.32,0,Autumn,1,2024-11-01,58,89,13,19,61,208725.76,24,55.0,57.0,63.0,,55.0
SKU048,2024-12-02,50,68977.5,1379.55,0,Product 048,Kitchen,Rug,2024-09-09,6863.87,1379.55,-5484.32,0,Winter,0,2024-12-01,43,40,8,20,49,154744.96,1,56.0,55.0,45.0,,53.25
SKU048,2024-12-09,55,75875.25,1379.55,0,Product 048,Kitchen,Rug,2024-09-09,6863.87,1379.55,-5484.32,0,Winter,0,2024-12-01,43,40,8,20,49,154744.96,8,50.0,56.0,57.0,,54.5
SKU048,2024-12-16,41,56561.549999999996,1379.55,0,Product 048,Kitchen,Rug,2024-09-09,6863.87,1379.55,-5484.32,0,Winter,0,2024-12-01,43,40,8,20,49,154744.96,15,55.0,50.0,55.0,,54.0
SKU048,2024-12-23,62,85532.1,1379.55,0,Product 048,Kitchen,Rug,2024-09-09,6863.87,1379.55,-5484.32,1,Winter,0,2024-12-01,43,40,8,20,49,154744.96,22,41.0,55.0,56.0,,50.5
SKU048,2024-12-30,52,71736.6,1379.55,0,Product 048,Kitchen,Rug,2024-09-09,6863.87,1379.55,-5484.32,0,Winter,0,2024-12-01,43,40,8,20,49,154744.96,29,62.0,41.0,50.0,76.0,52.0
SKU048,2025-01-06,57,78634.35,1379.55,0,Product 048,Kitchen,Rug,2024-09-09,6863.87,1379.55,-5484.32,0,Winter,0,2025-01-01,94,55,6,27,50,338279.68,5,52.0,62.0,55.0,51.0,52.5
SKU048,2025-01-13,61,84152.55,1379.55,0,Product 048,Kitchen,Rug,2024-09-09,6863.87,1379.55,-5484.32,0,Winter,0,2025-01-01,94,55,6,27,50,338279.68,12,57.0,52.0,41.0,52.0,53.0
SKU048,2025-01-20,71,97948.05,1379.55,0,Product 048,Kitchen,Rug,2024-09-09,6863.87,1379.55,-5484.32,1,Winter,0,2025-01-01,94,55,6,27,50,338279.68,19,61.0,57.0,62.0,42.0,58.0
SKU048,2025-01-27,63,86911.65,1379.55,0,Product 048,Kitchen,Rug,2024-09-09,6863.87,1379.55,-5484.32,0,Winter,0,2025-01-01,94,55,6,27,50,338279.68,26,71.0,61.0,52.0,52.0,60.25
SKU048,2025-02-03,53,73116.15,1379.55,0,Product 048,Kitchen,Rug,2024-09-09,6863.87,1379.55,-5484.32,0,Winter,0,2025-02-01,46,23,11,16,53,165541.12,2,63.0,71.0,57.0,61.0,63.0
SKU048,2025-02-10,44,60700.2,1379.55,0,Product 048,Kitchen,Rug,2024-09-09,6863.87,1379.55,-5484.32,0,Winter,0,2025-02-01,46,23,11,16,53,165541.12,9,53.0,63.0,61.0,54.0,62.0
SKU048,2025-02-17,59,81393.45,1379.55,0,Product 048,Kitchen,Rug,2024-09-09,6863.87,1379.55,-5484.32,0,Winter,0,2025-02-01,46,23,11,16,53,165541.12,16,44.0,53.0,71.0,64.0,57.75
SKU048,2025-02-24,72,99327.6,1379.55,1,Product 048,Kitchen,Rug,2024-09-09,6863.87,1379.55,-5484.32,0,Winter,1,2025-02-01,46,23,11,16,53,165541.12,23,59.0,44.0,63.0,73.0,54.75
SKU048,2025-03-03,67,92429.85,1379.55,1,Product 048,Kitchen,Rug,2024-09-09,6863.87,1379.55,-5484.32,0,Spring,1,2025-03-01,109,55,7,26,53,392260.48,2,72.0,59.0,53.0,65.0,57.0
SKU048,2025-03-10,71,97948.05,1379.55,1,Product 048,Kitchen,Rug,2024-09-09,6863.87,1379.55,-5484.32,0,Spring,1,2025-03-01,109,55,7,26,53,392260.48,9,67.0,72.0,44.0,76.0,60.5
SKU048,2025-03-17,64,88291.2,1379.55,1,Product 048,Kitchen,Rug,2024-09-09,6863.87,1379.55,-5484.32,0,Spring,1,2025-03-01,109,55,7,26,53,392260.48,16,71.0,67.0,59.0,70.0,67.25
SKU048,2025-03-24,76,104845.8,1379.55,1,Product 048,Kitchen,Rug,2024-09-09,6863.87,1379.55,-5484.32,0,Spring,1,2025-03-01,109,55,7,26,53,392260.48,23,64.0,71.0,72.0,79.0,68.5
SKU048,2025-03-31,61,84152.55,1379.55,0,Product 048,Kitchen,Rug,2024-09-09,6863.87,1379.55,-5484.32,0,Spring,0,2025-03-01,109,55,7,26,53,392260.48,30,76.0,64.0,67.0,59.0,69.5
SKU048,2025-04-07,80,110364.0,1379.55,0,Product 048,Kitchen,Rug,2024-09-09,6863.87,1379.55,-5484.32,0,Spring,0,2025-04-01,90,26,10,28,77,323884.8,6,61.0,76.0,71.0,65.0,68.0
SKU048,2025-04-14,79,108984.45,1379.55,0,Product 048,Kitchen,Rug,2024-09-09,6863.87,1379.55,-5484.32,0,Spring,0,2025-04-01,90,26,10,28,77,323884.8,13,80.0,61.0,64.0,74.0,70.25
SKU048,2025-04-21,56,77254.8,1379.55,0,Product 048,Kitchen,Rug,2024-09-09,6863.87,1379.55,-5484.32,0,Spring,0,2025-04-01,90,26,10,28,77,323884.8,20,79.0,80.0,76.0,54.0,74.0
SKU048,2025-04-28,73,100707.15,1379.55,0,Product 048,Kitchen,Rug,2024-09-09,6863.87,1379.55,-5484.32,0,Spring,0,2025-04-01,90,26,10,28,77,323884.8,27,56.0,79.0,61.0,60.0,69.0
SKU048,2025-05-05,74,102086.70000000001,1379.55,0,Product 048,Kitchen,Rug,2024-09-09,6863.87,1379.55,-5484.32,0,Summer,0,2025-05-01,83,53,5,15,37,298693.76,4,73.0,56.0,80.0,71.0,72.0
SKU048,2025-05-12,71,97948.05,1379.55,0,Product 048,Kitchen,Rug,2024-09-09,6863.87,1379.55,-5484.32,0,Summer,0,2025-05-01,83,53,5,15,37,298693.76,11,74.0,73.0,79.0,69.0,70.5
SKU048,2025-05-19,61,84152.55,1379.55,0,Product 048,Kitchen,Rug,2024-09-09,6863.87,1379.55,-5484.32,0,Summer,0,2025-05-01,83,53,5,15,37,298693.76,18,71.0,74.0,56.0,66.0,68.5
SKU048,2025-05-26,71,97948.04999999999,1379.55,1,Product 048,Kitchen,Rug,2024-09-09,6863.87,1379.55,-5484.32,0,Summer,1,2025-05-01,83,53,5,15,37,298693.76,25,61.0,71.0,73.0,76.0,69.75
SKU048,2025-06-02,67,92429.85,1379.55,1,Product 048,Kitchen,Rug,2024-09-09,6863.87,1379.55,-5484.32,0,Summer,1,2025-06-01,121,92,13,32,84,435445.12,1,71.0,61.0,74.0,68.0,69.25
SKU048,2025-06-09,59,81393.45,1379.55,1,Product 048,Kitchen,Rug,2024-09-09,6863.87,1379.55,-5484.32,0,Summer,1,2025-06-01,121,92,13,32,84,435445.12,8,67.0,71.0,71.0,67.0,67.5
SKU048,2025-06-16,77,106225.35,1379.55,1,Product 048,Kitchen,Rug,2024-09-09,6863.87,1379.55,-5484.32,0,Summer,1,2025-06-01,121,92,13,32,84,435445.12,15,59.0,67.0,61.0,74.0,64.5
SKU048,2025-06-23,73,100707.15000000001,1379.55,1,Product 048,Kitchen,Rug,2024-09-09,6863.87,1379.55,-5484.32,0,Summer,1,2025-06-01,121,92,13,32,84,435445.12,22,77.0,59.0,71.0,57.0,68.5
SKU048,2025-06-30,50,68977.5,1379.55,0,Product 048,Kitchen,Rug,2024-09-09,6863.87,1379.55,-5484.32,0,Summer,0,2025-06-01,121,92,13,32,84,435445.12,29,73.0,77.0,67.0,64.0,69.0
SKU048,2025-07-07,48,66218.4,1379.55,0,Product 048,Kitchen,Rug,2024-09-09,6863.87,1379.55,-5484.32,0,Monsoon,0,2025-07-01,55,78,5,22,43,197929.6,6,50.0,73.0,59.0,66.0,64.75
SKU048,2025-07-14,52,71736.6,1379.55,0,Product 048,Kitchen,Rug,2024-09-09,6863.87,1379.55,-5484.32,0,Monsoon,0,2025-07-01,55,78,5,22,43,197929.6,13,48.0,50.0,77.0,58.0,62.0
SKU048,2025-07-21,67,92429.85,1379.55,0,Product 048,Kitchen,Rug,2024-09-09,6863.87,1379.55,-5484.32,0,Monsoon,0,2025-07-01,55,78,5,22,43,197929.6,20,52.0,48.0,73.0,58.0,55.75
SKU048,2025-07-28,43,59320.65,1379.55,0,Product 048,Kitchen,Rug,2024-09-09,6863.87,1379.55,-5484.32,0,Monsoon,0,2025-07-01,55,78,5,22,43,197929.6,27,67.0,52.0,50.0,55.0,54.25
SKU048,2025-08-04,50,68977.5,1379.55,0,Product 048,Kitchen,Rug,2024-09-09,6863.87,1379.55,-5484.32,0,Monsoon,0,2025-08-01,31,23,13,15,58,111560.32,3,43.0,67.0,48.0,53.0,52.5
SKU048,2025-08-11,35,48284.25,1379.55,0,Product 048,Kitchen,Rug,2024-09-09,6863.87,1379.55,-5484.32,1,Monsoon,0,2025-08-01,31,23,13,15,58,111560.32,10,50.0,43.0,52.0,59.0,53.0
SKU048,2025-08-18,45,62079.75,1379.55,0,Product 048,Kitchen,Rug,2024-09-09,6863.87,1379.55,-5484.32,0,Monsoon,0,2025-08-01,31,23,13,15,58,111560.32,17,35.0,50.0,67.0,59.0,48.75
SKU048,2025-08-25,60,82773.0,1379.55,0,Product 048,Kitchen,Rug,2024-09-09,6863.87,1379.55,-5484.32,0,Monsoon,0,2025-08-01,31,23,13,15,58,111560.32,24,45.0,35.0,43.0,65.0,43.25
SKU048,2025-09-01,57,78634.35,1379.55,1,Product 048,Kitchen,Rug,2024-09-09,6863.87,1379.55,-5484.32,0,Monsoon,1,2025-09-01,99,22,5,15,30,356273.28,0,60.0,45.0,50.0,41.0,47.5
SKU048,2025-09-08,58,80013.9,1379.55,1,Product 048,Kitchen,Rug,2024-09-09,6863.87,1379.55,-5484.32,0,Monsoon,1,2025-09-01,99,22,5,15,30,356273.28,7,57.0,60.0,35.0,63.0,49.25
SKU048,2025-09-15,54,74495.7,1379.55,1,Product 048,Kitchen,Rug,2024-09-09,6863.87,1379.55,-5484.32,0,Monsoon,1,2025-09-01,99,22,5,15,30,356273.28,14,58.0,57.0,45.0,56.0,55.0
SKU048,2025-09-22,50,68977.5,1379.55,1,Product 048,Kitchen,Rug,2024-09-09,6863.87,1379.55,-5484.32,0,Monsoon,1,2025-09-01,99,22,5,15,30,356273.28,21,54.0,58.0,60.0,48.0,57.25
SKU048,2025-09-29,46,63459.3,1379.55,0,Product 048,Kitchen,Rug,2024-09-09,6863.87,1379.55,-5484.32,0,Monsoon,0,2025-09-01,99,22,5,15,30,356273.28,28,50.0,54.0,57.0,47.0,54.75
SKU048,2025-10-06,51,70357.05,1379.55,0,Product 048,Kitchen,Rug,2024-09-09,6863.87,1379.55,-5484.32,0,Autumn,0,2025-10-01,70,4,3,20,31,251910.4,5,46.0,50.0,58.0,51.0,52.0
SKU048,2025-10-13,59,81393.45,1379.55,0,Product 048,Kitchen,Rug,2024-09-09,6863.87,1379.55,-5484.32,0,Autumn,0,2025-10-01,70,4,3,20,31,251910.4,12,51.0,46.0,54.0,51.0,50.25
SKU048,2025-10-20,31,42766.05,1379.55,0,Product 048,Kitchen,Rug,2024-09-09,6863.87,1379.55,-5484.32,1,Autumn,0,2025-10-01,70,4,3,20,31,251910.4,19,59.0,51.0,50.0,53.0,51.5
SKU048,2025-10-27,61,84152.55,1379.55,1,Product 048,Kitchen,Rug,2024-09-09,6863.87,1379.55,-5484.32,0,Autumn,1,2025-10-01,70,4,3,20,31,251910.4,26,31.0,59.0,46.0,63.0,46.75
SKU048,2025-11-03,63,86911.65,1379.55,1,Product 048,Kitchen,Rug,2024-09-09,6863.87,1379.55,-5484.32,0,Autumn,1,2025-11-01,73,59,7,17,37,262706.56,2,61.0,31.0,51.0,45.0,50.5
SKU048,2025-11-10,47,64838.850000000006,1379.55,1,Product 048,Kitchen,Rug,2024-09-09,6863.87,1379.55,-5484.32,0,Autumn,1,2025-11-01,73,59,7,17,37,262706.56,9,63.0,61.0,59.0,57.0,53.5
SKU048,2025-11-17,63,86911.65,1379.55,1,Product 048,Kitchen,Rug,2024-09-09,6863.87,1379.55,-5484.32,0,Autumn,1,2025-11-01,73,59,7,17,37,262706.56,16,47.0,63.0,31.0,55.0,50.5
SKU048,2025-11-24,36,49663.8,1379.55,1,Product 048,Kitchen,Rug,2024-09-09,6863.87,1379.55,-5484.32,0,Autumn,1,2025-11-01,73,59,7,17,37,262706.56,23,63.0,47.0,61.0,56.0,58.5
SKU048,2025-12-01,57,78634.34999999999,1379.55,0,Product 048,Kitchen,Rug,2024-09-09,6863.87,1379.55,-5484.32,0,Winter,0,2025-12-01,106,50,3,22,31,381464.32,0,36.0,63.0,63.0,50.0,52.25
SKU048,2025-12-08,55,75875.25,1379.55,0,Product 048,Kitchen,Rug,2024-09-09,6863.87,1379.55,-5484.32,0,Winter,0,2025-12-01,106,50,3,22,31,381464.32,7,57.0,36.0,47.0,55.0,50.75
SKU048,2025-12-15,58,80013.9,1379.55,0,Product 048,Kitchen,Rug,2024-09-09,6863.87,1379.55,-5484.32,0,Winter,0,2025-12-01,106,50,3,22,31,381464.32,14,55.0,57.0,63.0,41.0,52.75
SKU048,2025-12-22,40,55182.0,1379.55,0,Product 048,Kitchen,Rug,2024-09-09,6863.87,1379.55,-5484.32,1,Winter,0,2025-12-01,106,50,3,22,31,381464.32,21,58.0,55.0,36.0,62.0,51.5
SKU049,2024-01-01,177,924536.49,5223.37,0,Product 049,Lighting,Organizer,2024-01-16,2063.03,5223.37,3160.34,0,Winter,0,2024-01-01,11,1,11,5,16,58149.41,0,,,,,
SKU049,2024-01-08,178,929759.86,5223.37,0,Product 049,Lighting,Organizer,2024-01-16,2063.03,5223.37,3160.34,0,Winter,0,2024-01-01,11,1,11,5,16,58149.41,7,177.0,,,,
SKU049,2024-01-15,184,961100.0800000001,5223.37,0,Product 049,Lighting,Organizer,2024-01-16,2063.03,5223.37,3160.34,0,Winter,0,2024-01-01,11,1,11,5,16,58149.41,14,178.0,177.0,,,
SKU049,2024-01-22,181,945429.97,5223.37,0,Product 049,Lighting,Organizer,2024-01-16,2063.03,5223.37,3160.34,1,Winter,0,2024-01-01,11,1,11,5,16,58149.41,21,184.0,178.0,,,
SKU049,2024-01-29,178,929759.86,5223.37,0,Product 049,Lighting,Organizer,2024-01-16,2063.03,5223.37,3160.34,0,Winter,0,2024-01-01,11,1,11,5,16,58149.41,28,181.0,184.0,177.0,,180.0
SKU049,2024-02-05,191,997663.6699999999,5223.37,0,Product 049,Lighting,Organizer,2024-01-16,2063.03,5223.37,3160.34,0,Winter,0,2024-02-01,730,566,5,167,327,3859006.3,4,178.0,181.0,178.0,,180.25
SKU049,2024-02-12,194,1013333.78,5223.37,0,Product 049,Lighting,Organizer,2024-01-16,2063.03,5223.37,3160.34,0,Winter,0,2024-02-01,730,566,5,167,327,3859006.3,11,191.0,178.0,184.0,,183.5
SKU049,2024-02-19,186,971546.82,5223.37,0,Product 049,Lighting,Organizer,2024-01-16,2063.03,5223.37,3160.34,0,Winter,0,2024-02-01,730,566,5,167,327,3859006.3,18,194.0,191.0,181.0,,186.0
SKU049,2024-02-26,192,1002887.04,5223.37,1,Product 049,Lighting,Organizer,2024-01-16,2063.03,5223.37,3160.34,0,Winter,1,2024-02-01,730,566,5,167,327,3859006.3,25,186.0,194.0,178.0,,187.25
SKU049,2024-03-04,207,1081237.59,5223.37,1,Product 049,Lighting,Organizer,2024-01-16,2063.03,5223.37,3160.34,0,Spring,1,2024-03-01,813,310,3,216,309,4297770.03,3,192.0,186.0,191.0,,190.75
SKU049,2024-03-11,190,992440.3,5223.37,1,Product 049,Lighting,Organizer,2024-01-16,2063.03,5223.37,3160.34,0,Spring,1,2024-03-01,813,310,3,216,309,4297770.03,10,207.0,192.0,194.0,,194.75
SKU049,2024-03-18,228,1190928.3599999999,5223.37,1,Product 049,Lighting,Organizer,2024-01-16,2063.03,5223.37,3160.34,0,Spring,1,2024-03-01,813,310,3,216,309,4297770.03,17,190.0,207.0,186.0,,193.75
SKU049,2024-03-25,221,1154364.77,5223.37,1,Product 049,Lighting,Organizer,2024-01-16,2063.03,5223.37,3160.34,0,Spring,1,2024-03-01,813,310,3,216,309,4297770.03,24,228.0,190.0,192.0,,204.25
SKU049,2024-04-01,219,1143918.03,5223.37,0,Product 049,Lighting,Organizer,2024-01-16,2063.03,5223.37,3160.34,0,Spring,0,2024-04-01,697,321,4,184,336,3684558.07,0,221.0,228.0,207.0,,211.5
SKU049,2024-04-08,199,1039450.63,5223.37,0,Product 049,Lighting,Organizer,2024-01-16,2063.03,5223.37,3160.34,0,Spring,0,2024-04-01,697,321,4,184,336,3684558.07,7,219.0,221.0,190.0,,214.5
SKU049,2024-04-15,193,1008110.4099999999,5223.37,0,Product 049,Lighting,Organizer,2024-01-16,2063.03,5223.37,3160.34,0,Spring,0,2024-04-01,697,321,4,184,336,3684558.07,14,199.0,219.0,228.0,,216.75
SKU049,2024-04-22,222,1159588.14,5223.37,0,Product 049,Lighting,Organizer,2024-01-16,2063.03,5223.37,3160.34,0,Spring,0,2024-04-01,697,321,4,184,336,3684558.07,21,193.0,199.0,221.0,,208.0
SKU049,2024-04-29,219,1143918.03,5223.37,0,Product 049,Lighting,Organizer,2024-01-16,2063.03,5223.37,3160.34,0,Spring,0,2024-04-01,697,321,4,184,336,3684558.07,28,222.0,193.0,219.0,,208.25
SKU049,2024-05-06,200,1044674.0,5223.37,0,Product 049,Lighting,Organizer,2024-01-16,2063.03,5223.37,3160.34,0,Summer,0,2024-05-01,456,207,8,112,391,2410557.36,5,219.0,222.0,199.0,,208.25
SKU049,2024-05-13,192,1002887.04,5223.37,0,Product 049,Lighting,Organizer,2024-01-16,2063.03,5223.37,3160.34,0,Summer,0,2024-05-01,456,207,8,112,391,2410557.36,12,200.0,219.0,193.0,,208.5
SKU049,2024-05-20,178,929759.86,5223.37,0,Product 049,Lighting,Organizer,2024-01-16,2063.03,5223.37,3160.34,0,Summer,0,2024-05-01,456,207,8,112,391,2410557.36,19,192.0,200.0,222.0,,208.25
SKU049,2024-05-27,196,1023780.52,5223.37,1,Product 049,Lighting,Organizer,2024-01-16,2063.03,5223.37,3160.34,0,Summer,1,2024-05-01,456,207,8,112,391,2410557.36,26,178.0,192.0,219.0,,197.25
SKU049,2024-06-03,194,1013333.78,5223.37,1,Product 049,Lighting,Organizer,2024-01-16,2063.03,5223.37,3160.34,0,Summer,1,2024-06-01,418,536,5,138,314,2209677.58,2,196.0,178.0,200.0,,191.5
SKU049,2024-06-10,190,992440.3,5223.37,1,Product 049,Lighting,Organizer,2024-01-16,2063.03,5223.37,3160.34,0,Summer,1,2024-06-01,418,536,5,138,314,2209677.58,9,194.0,196.0,192.0,,190.0
SKU049,2024-06-17,187,976770.19,5223.37,1,Product 049,Lighting,Organizer,2024-01-16,2063.03,5223.37,3160.34,0,Summer,1,2024-06-01,418,536,5,138,314,2209677.58,16,190.0,194.0,178.0,,189.5
SKU049,2024-06-24,200,1044674.0,5223.37,1,Product 049,Lighting,Organizer,2024-01-16,2063.03,5223.37,3160.34,0,Summer,1,2024-06-01,418,536,5,138,314,2209677.58,23,187.0,190.0,196.0,,191.75
SKU049,2024-07-01,167,872302.7899999999,5223.37,0,Product 049,Lighting,Organizer,2024-01-16,2063.03,5223.37,3160.34,0,Monsoon,0,2024-07-01,856,822,7,293,552,4525081.36,0,200.0,187.0,194.0,,192.75
SKU049,2024-07-08,165,861856.0499999999,5223.37,0,Product 049,Lighting,Organizer,2024-01-16,2063.03,5223.37,3160.34,0,Monsoon,0,2024-07-01,856,822,7,293,552,4525081.36,7,167.0,200.0,190.0,,186.0
SKU049,2024-07-15,188,981993.56,5223.37,0,Product 049,Lighting,Organizer,2024-01-16,2063.03,5223.37,3160.34,0,Monsoon,0,2024-07-01,856,822,7,293,552,4525081.36,14,165.0,167.0,187.0,,179.75
SKU049,2024-07-22,174,908866.38,5223.37,0,Product 049,Lighting,Organizer,2024-01-16,2063.03,5223.37,3160.34,0,Monsoon,0,2024-07-01,856,822,7,293,552,4525081.36,21,188.0,165.0,200.0,,180.0
SKU049,2024-07-29,176,919313.12,5223.37,0,Product 049,Lighting,Organizer,2024-01-16,2063.03,5223.37,3160.34,0,Monsoon,0,2024-07-01,856,822,7,293,552,4525081.36,28,174.0,188.0,167.0,,173.5
SKU049,2024-08-05,164,856632.6799999999,5223.37,0,Product 049,Lighting,Organizer,2024-01-16,2063.03,5223.37,3160.34,0,Monsoon,0,2024-08-01,635,127,8,231,463,3356806.85,4,176.0,174.0,165.0,,175.75
SKU049,2024-08-12,151,788728.87,5223.37,0,Product 049,Lighting,Organizer,2024-01-16,2063.03,5223.37,3160.34,1,Monsoon,0,2024-08-01,635,127,8,231,463,3356806.85,11,164.0,176.0,188.0,,175.5
SKU049,2024-08-19,138,720825.0599999999,5223.37,0,Product 049,Lighting,Organizer,2024-01-16,2063.03,5223.37,3160.34,0,Monsoon,0,2024-08-01,635,127,8,231,463,3356806.85,18,151.0,164.0,174.0,,166.25
SKU049,2024-08-26,156,814845.72,5223.37,1,Product 049,Lighting,Organizer,2024-01-16,2063.03,5223.37,3160.34,0,Monsoon,1,2024-08-01,635,127,8,231,463,3356806.85,25,138.0,151.0,176.0,,157.25
SKU049,2024-09-02,152,793952.24,5223.37,1,Product 049,Lighting,Organizer,2024-01-16,2063.03,5223.37,3160.34,0,Monsoon,1,2024-09-01,471,170,9,215,457,2489852.01,1,156.0,138.0,164.0,,152.25
SKU049,2024-09-09,164,856632.6799999999,5223.37,1,Product 049,Lighting,Organizer,2024-01-16,2063.03,5223.37,3160.34,0,Monsoon,1,2024-09-01,471,170,9,215,457,2489852.01,8,152.0,156.0,151.0,,149.25
SKU049,2024-09-16,150,783505.5,5223.37,1,Product 049,Lighting,Organizer,2024-01-16,2063.03,5223.37,3160.34,0,Monsoon,1,2024-09-01,471,170,9,215,457,2489852.01,15,164.0,152.0,138.0,,152.5
SKU049,2024-09-23,178,929759.86,5223.37,1,Product 049,Lighting,Organizer,2024-01-16,2063.03,5223.37,3160.34,0,Monsoon,1,2024-09-01,471,170,9,215,457,2489852.01,22,150.0,164.0,156.0,,155.5
SKU049,2024-09-30,147,767835.39,5223.37,0,Product 049,Lighting,Organizer,2024-01-16,2063.03,5223.37,3160.34,0,Monsoon,0,2024-09-01,471,170,9,215,457,2489852.01,29,178.0,150.0,152.0,,161.0
SKU049,2024-10-07,151,788728.87,5223.37,0,Product 049,Lighting,Organizer,2024-01-16,2063.03,5223.37,3160.34,0,Autumn,0,2024-10-01,832,178,8,186,405,4398209.92,6,147.0,178.0,164.0,,159.75
SKU049,2024-10-14,129,673814.73,5223.37,0,Product 049,Lighting,Organizer,2024-01-16,2063.03,5223.37,3160.34,0,Autumn,0,2024-10-01,832,178,8,186,405,4398209.92,13,151.0,147.0,150.0,,156.5
SKU049,2024-10-21,148,773058.76,5223.37,0,Product 049,Lighting,Organizer,2024-01-16,2063.03,5223.37,3160.34,0,Autumn,0,2024-10-01,832,178,8,186,405,4398209.92,20,129.0,151.0,178.0,,151.25
SKU049,2024-10-28,140,731271.8,5223.37,1,Product 049,Lighting,Organizer,2024-01-16,2063.03,5223.37,3160.34,1,Autumn,1,2024-10-01,832,178,8,186,405,4398209.92,27,148.0,129.0,147.0,,143.75
SKU049,2024-11-04,160,835739.2,5223.37,1,Product 049,Lighting,Organizer,2024-01-16,2063.03,5223.37,3160.34,0,Autumn,1,2024-11-01,307,215,5,73,190,1622897.17,3,140.0,148.0,151.0,,142.0
SKU049,2024-11-11,141,736495.1699999999,5223.37,1,Product 049,Lighting,Organizer,2024-01-16,2063.03,5223.37,3160.34,0,Autumn,1,2024-11-01,307,215,5,73,190,1622897.17,10,160.0,140.0,129.0,,144.25
SKU049,2024-11-18,136,710378.32,5223.37,1,Product 049,Lighting,Organizer,2024-01-16,2063.03,5223.37,3160.34,0,Autumn,1,2024-11-01,307,215,5,73,190,1622897.17,17,141.0,160.0,148.0,,147.25
SKU049,2024-11-25,145,757388.6499999999,5223.37,1,Product 049,Lighting,Organizer,2024-01-16,2063.03,5223.37,3160.34,0,Autumn,1,2024-11-01,307,215,5,73,190,1622897.17,24,136.0,141.0,140.0,,144.25
SKU049,2024-12-02,149,778282.13,5223.37,0,Product 049,Lighting,Organizer,2024-01-16,2063.03,5223.37,3160.34,0,Winter,0,2024-12-01,180,456,12,131,461,951535.8,1,145.0,136.0,160.0,,145.5
SKU049,2024-12-09,150,783505.5,5223.37,0,Product 049,Lighting,Organizer,2024-01-16,2063.03,5223.37,3160.34,0,Winter,0,2024-12-01,180,456,12,131,461,951535.8,8,149.0,145.0,141.0,,142.75
SKU049,2024-12-16,161,840962.5700000001,5223.37,0,Product 049,Lighting,Organizer,2024-01-16,2063.03,5223.37,3160.34,0,Winter,0,2024-12-01,180,456,12,131,461,951535.8,15,150.0,149.0,136.0,,145.0
SKU049,2024-12-23,135,705154.95,5223.37,0,Product 049,Lighting,Organizer,2024-01-16,2063.03,5223.37,3160.34,1,Winter,0,2024-12-01,180,456,12,131,461,951535.8,22,161.0,150.0,145.0,,151.25
SKU049,2024-12-30,198,1034227.26,5223.37,0,Product 049,Lighting,Organizer,2024-01-16,2063.03,5223.37,3160.34,0,Winter,0,2024-12-01,180,456,12,131,461,951535.8,29,135.0,161.0,149.0,177.0,148.75
SKU049,2025-01-06,177,924536.49,5223.37,0,Product 049,Lighting,Organizer,2024-01-16,2063.03,5223.37,3160.34,0,Winter,0,2025-01-01,408,532,13,90,467,2156814.48,5,198.0,135.0,150.0,178.0,161.0
SKU049,2025-01-13,183,955876.71,5223.37,0,Product 049,Lighting,Organizer,2024-01-16,2063.03,5223.37,3160.34,0,Winter,0,2025-01-01,408,532,13,90,467,2156814.48,12,177.0,198.0,161.0,184.0,167.75
SKU049,2025-01-20,154,804398.98,5223.37,0,Product 049,Lighting,Organizer,2024-01-16,2063.03,5223.37,3160.34,1,Winter,0,2025-01-01,408,532,13,90,467,2156814.48,19,183.0,177.0,135.0,181.0,173.25
SKU049,2025-01-27,160,835739.2,5223.37,0,Product 049,Lighting,Organizer,2024-01-16,2063.03,5223.37,3160.34,0,Winter,0,2025-01-01,408,532,13,90,467,2156814.48,26,154.0,183.0,198.0,178.0,178.0
SKU049,2025-02-03,199,1039450.63,5223.37,0,Product 049,Lighting,Organizer,2024-01-16,2063.03,5223.37,3160.34,0,Winter,0,2025-02-01,267,159,3,126,215,1411444.77,2,160.0,154.0,177.0,191.0,168.5
SKU049,2025-02-10,182,950653.3400000001,5223.37,0,Product 049,Lighting,Organizer,2024-01-16,2063.03,5223.37,3160.34,0,Winter,0,2025-02-01,267,159,3,126,215,1411444.77,9,199.0,160.0,183.0,194.0,174.0
SKU049,2025-02-17,184,961100.08,5223.37,0,Product 049,Lighting,Organizer,2024-01-16,2063.03,5223.37,3160.34,0,Winter,0,2025-02-01,267,159,3,126,215,1411444.77,16,182.0,199.0,154.0,186.0,173.75
SKU049,2025-02-24,207,1081237.59,5223.37,1,Product 049,Lighting,Organizer,2024-01-16,2063.03,5223.37,3160.34,0,Winter,1,2025-02-01,267,159,3,126,215,1411444.77,23,184.0,182.0,160.0,192.0,181.25
SKU049,2025-03-03,214,1117801.18,5223.37,1,Product 049,Lighting,Organizer,2024-01-16,2063.03,5223.37,3160.34,0,Spring,1,2025-03-01,182,497,12,126,495,962108.42,2,207.0,184.0,199.0,207.0,193.0
SKU049,2025-03-10,190,992440.3,5223.37,1,Product 049,Lighting,Organizer,2024-01-16,2063.03,5223.37,3160.34,0,Spring,1,2025-03-01,182,497,12,126,495,962108.42,9,214.0,207.0,182.0,190.0,196.75
SKU049,2025-03-17,218,1138694.66,5223.37,1,Product 049,Lighting,Organizer,2024-01-16,2063.03,5223.37,3160.34,0,Spring,1,2025-03-01,182,497,12,126,495,962108.42,16,190.0,214.0,184.0,228.0,198.75
SKU049,2025-03-24,230,1201375.1,5223.37,1,Product 049,Lighting,Organizer,2024-01-16,2063.03,5223.37,3160.34,0,Spring,1,2025-03-01,182,497,12,126,495,962108.42,23,218.0,190.0,207.0,221.0,207.25
SKU049,2025-03-31,184,961100.0800000001,5223.37,0,Product 049,Lighting,Organizer,2024-01-16,2063.03,5223.37,3160.34,0,Spring,0,2025-03-01,182,497,12,126,495,962108.42,30,230.0,218.0,214.0,219.0,213.0
SKU049,2025-04-07,213,1112577.81,5223.37,0,Product 049,Lighting,Organizer,2024-01-16,2063.03,5223.37,3160.34,0,Spring,0,2025-04-01,806,632,8,177,476,4260765.86,6,184.0,230.0,190.0,199.0,205.5
SKU049,2025-04-14,198,1034227.26,5223.37,0,Product 049,Lighting,Organizer,2024-01-16,2063.03,5223.37,3160.34,0,Spring,0,2025-04-01,806,632,8,177,476,4260765.86,13,213.0,184.0,218.0,193.0,211.25
SKU049,2025-04-21,203,1060344.1099999999,5223.37,0,Product 049,Lighting,Organizer,2024-01-16,2063.03,5223.37,3160.34,0,Spring,0,2025-04-01,806,632,8,177,476,4260765.86,20,198.0,213.0,230.0,222.0,206.25
SKU049,2025-04-28,202,1055120.74,5223.37,0,Product 049,Lighting,Organizer,2024-01-16,2063.03,5223.37,3160.34,0,Spring,0,2025-04-01,806,632,8,177,476,4260765.86,27,203.0,198.0,184.0,219.0,199.5
SKU049,2025-05-05,222,1159588.1400000001,5223.37,0,Product 049,Lighting,Organizer,2024-01-16,2063.03,5223.37,3160.34,0,Summer,0,2025-05-01,407,723,10,199,552,2151528.17,4,202.0,203.0,213.0,200.0,204.0
SKU049,2025-05-12,185,966323.45,5223.37,0,Product 049,Lighting,Organizer,2024-01-16,2063.03,5223.37,3160.34,0,Summer,0,2025-05-01,407,723,10,199,552,2151528.17,11,222.0,202.0,198.0,192.0,206.25
SKU049,2025-05-19,187,976770.19,5223.37,0,Product 049,Lighting,Organizer,2024-01-16,2063.03,5223.37,3160.34,0,Summer,0,2025-05-01,407,723,10,199,552,2151528.17,18,185.0,222.0,203.0,178.0,203.0
SKU049,2025-05-26,213,1112577.81,5223.37,1,Product 049,Lighting,Organizer,2024-01-16,2063.03,5223.37,3160.34,0,Summer,1,2025-05-01,407,723,10,199,552,2151528.17,25,187.0,185.0,202.0,196.0,199.0
SKU049,2025-06-02,206,1076014.22,5223.37,1,Product 049,Lighting,Organizer,2024-01-16,2063.03,5223.37,3160.34,0,Summer,1,2025-06-01,720,860,12,252,672,3806143.2,1,213.0,187.0,222.0,194.0,201.75
SKU049,2025-06-09,206,1076014.22,5223.37,1,Product 049,Lighting,Organizer,2024-01-16,2063.03,5223.37,3160.34,0,Summer,1,2025-06-01,720,860,12,252,672,3806143.2,8,206.0,213.0,185.0,190.0,197.75
SKU049,2025-06-16,197,1029003.8899999999,5223.37,1,Product 049,Lighting,Organizer,2024-01-16,2063.03,5223.37,3160.34,0,Summer,1,2025-06-01,720,860,12,252,672,3806143.2,15,206.0,206.0,187.0,187.0,203.0
SKU049,2025-06-23,220,1149141.4,5223.37,1,Product 049,Lighting,Organizer,2024-01-16,2063.03,5223.37,3160.34,0,Summer,1,2025-06-01,720,860,12,252,672,3806143.2,22,197.0,206.0,213.0,200.0,205.5
SKU049,2025-06-30,156,814845.72,5223.37,0,Product 049,Lighting,Organizer,2024-01-16,2063.03,5223.37,3160.34,0,Summer,0,2025-06-01,720,860,12,252,672,3806143.2,29,220.0,197.0,206.0,167.0,207.25
SKU049,2025-07-07,179,934983.23,5223.37,0,Product 049,Lighting,Organizer,2024-01-16,2063.03,5223.37,3160.34,0,Monsoon,0,2025-07-01,1119,127,5,195,372,5915380.89,6,156.0,220.0,206.0,165.0,194.75
SKU049,2025-07-14,171,893196.27,5223.37,0,Product 049,Lighting,Organizer,2024-01-16,2063.03,5223.37,3160.34,0,Monsoon,0,2025-07-01,1119,127,5,195,372,5915380.89,13,179.0,156.0,197.0,188.0,188.0
SKU049,2025-07-21,168,877526.1599999999,5223.37,0,Product 049,Lighting,Organizer,2024-01-16,2063.03,5223.37,3160.34,0,Monsoon,0,2025-07-01,1119,127,5,195,372,5915380.89,20,171.0,179.0,220.0,174.0,181.5
SKU049,2025-07-28,158,825292.46,5223.37,0,Product 049,Lighting,Organizer,2024-01-16,2063.03,5223.37,3160.34,0,Monsoon,0,2025-07-01,1119,127,5,195,372,5915380.89,27,168.0,171.0,156.0,176.0,168.5
SKU049,2025-08-04,159,830515.8300000001,5223.37,0,Product 049,Lighting,Organizer,2024-01-16,2063.03,5223.37,3160.34,0,Monsoon,0,2025-08-01,674,344,5,239,392,3562972.94,3,158.0,168.0,179.0,164.0,169.0
SKU049,2025-08-11,163,851409.3099999999,5223.37,0,Product 049,Lighting,Organizer,2024-01-16,2063.03,5223.37,3160.34,1,Monsoon,0,2025-08-01,674,344,5,239,392,3562972.94,10,159.0,158.0,171.0,151.0,164.0
SKU049,2025-08-18,145,757388.65,5223.37,0,Product 049,Lighting,Organizer,2024-01-16,2063.03,5223.37,3160.34,0,Monsoon,0,2025-08-01,674,344,5,239,392,3562972.94,17,163.0,159.0,168.0,138.0,162.0
SKU049,2025-08-25,159,830515.83,5223.37,0,Product 049,Lighting,Organizer,2024-01-16,2063.03,5223.37,3160.34,0,Monsoon,0,2025-08-01,674,344,5,239,392,3562972.94,24,145.0,163.0,158.0,156.0,156.25
SKU049,2025-09-01,152,793952.24,5223.37,1,Product 049,Lighting,Organizer,2024-01-16,2063.03,5223.37,3160.34,0,Monsoon,1,2025-09-01,349,247,10,136,408,1844922.19,0,159.0,145.0,159.0,152.0,156.5
SKU049,2025-09-08,167,872302.79,5223.37,1,Product 049,Lighting,Organizer,2024-01-16,2063.03,5223.37,3160.34,0,Monsoon,1,2025-09-01,349,247,10,136,408,1844922.19,7,152.0,159.0,163.0,164.0,154.75
SKU049,2025-09-15,158,825292.46,5223.37,1,Product 049,Lighting,Organizer,2024-01-16,2063.03,5223.37,3160.34,0,Monsoon,1,2025-09-01,349,247,10,136,408,1844922.19,14,167.0,152.0,145.0,150.0,155.75
SKU049,2025-09-22,168,877526.1599999999,5223.37,1,Product 049,Lighting,Organizer,2024-01-16,2063.03,5223.37,3160.34,0,Monsoon,1,2025-09-01,349,247,10,136,408,1844922.19,21,158.0,167.0,159.0,178.0,159.0
SKU049,2025-09-29,142,741718.54,5223.37,0,Product 049,Lighting,Organizer,2024-01-16,2063.03,5223.37,3160.34,0,Monsoon,0,2025-09-01,349,247,10,136,408,1844922.19,28,168.0,158.0,152.0,147.0,161.25
SKU049,2025-10-06,137,715601.69,5223.37,0,Product 049,Lighting,Organizer,2024-01-16,2063.03,5223.37,3160.34,0,Autumn,0,2025-10-01,751,177,14,99,491,3970018.81,5,142.0,168.0,167.0,151.0,158.75
SKU049,2025-10-13,152,793952.24,5223.37,0,Product 049,Lighting,Organizer,2024-01-16,2063.03,5223.37,3160.34,0,Autumn,0,2025-10-01,751,177,14,99,491,3970018.81,12,137.0,142.0,158.0,129.0,151.25
SKU049,2025-10-20,138,720825.06,5223.37,0,Product 049,Lighting,Organizer,2024-01-16,2063.03,5223.37,3160.34,1,Autumn,0,2025-10-01,751,177,14,99,491,3970018.81,19,152.0,137.0,168.0,148.0,149.75
SKU049,2025-10-27,150,783505.5,5223.37,1,Product 049,Lighting,Organizer,2024-01-16,2063.03,5223.37,3160.34,0,Autumn,1,2025-10-01,751,177,14,99,491,3970018.81,26,138.0,152.0,142.0,140.0,142.25
SKU049,2025-11-03,152,793952.24,5223.37,1,Product 049,Lighting,Organizer,2024-01-16,2063.03,5223.37,3160.34,0,Autumn,1,2025-11-01,410,337,12,113,407,2167387.1,2,150.0,138.0,137.0,160.0,144.25
SKU049,2025-11-10,160,835739.2,5223.37,1,Product 049,Lighting,Organizer,2024-01-16,2063.03,5223.37,3160.34,0,Autumn,1,2025-11-01,410,337,12,113,407,2167387.1,9,152.0,150.0,152.0,141.0,148.0
SKU049,2025-11-17,139,726048.4299999999,5223.37,1,Product 049,Lighting,Organizer,2024-01-16,2063.03,5223.37,3160.34,0,Autumn,1,2025-11-01,410,337,12,113,407,2167387.1,16,160.0,152.0,138.0,136.0,150.0
SKU049,2025-11-24,159,830515.8300000001,5223.37,1,Product 049,Lighting,Organizer,2024-01-16,2063.03,5223.37,3160.34,0,Autumn,1,2025-11-01,410,337,12,113,407,2167387.1,23,139.0,160.0,150.0,145.0,150.25
SKU049,2025-12-01,167,872302.79,5223.37,0,Product 049,Lighting,Organizer,2024-01-16,2063.03,5223.37,3160.34,0,Winter,0,2025-12-01,780,599,5,206,344,4123321.8,0,159.0,139.0,152.0,149.0,152.5
SKU049,2025-12-08,171,893196.27,5223.37,0,Product 049,Lighting,Organizer,2024-01-16,2063.03,5223.37,3160.34,0,Winter,0,2025-12-01,780,599,5,206,344,4123321.8,7,167.0,159.0,160.0,150.0,156.25
SKU049,2025-12-15,147,767835.39,5223.37,0,Product 049,Lighting,Organizer,2024-01-16,2063.03,5223.37,3160.34,0,Winter,0,2025-12-01,780,599,5,206,344,4123321.8,14,171.0,167.0,139.0,161.0,159.0
SKU049,2025-12-22,166,867079.4199999999,5223.37,0,Product 049,Lighting,Organizer,2024-01-16,2063.03,5223.37,3160.34,1,Winter,0,2025-12-01,780,599,5,206,344,4123321.8,21,147.0,171.0,159.0,135.0,161.0
SKU050,2024-01-01,49,43253.28,882.72,0,Product 050,Storage,Sofa,2024-05-06,701.85,882.72,180.87,0,Winter,0,2024-01-01,19,18,11,6,17,65977.69,0,,,,,
SKU050,2024-01-08,40,35308.8,882.72,0,Product 050,Storage,Sofa,2024-05-06,701.85,882.72,180.87,0,Winter,0,2024-01-01,19,18,11,6,17,65977.69,7,49.0,,,,
SKU050,2024-01-15,25,22068.0,882.72,0,Product 050,Storage,Sofa,2024-05-06,701.85,882.72,180.87,0,Winter,0,2024-01-01,19,18,11,6,17,65977.69,14,40.0,49.0,,,
SKU050,2024-01-22,37,32660.64,882.72,0,Product 050,Storage,Sofa,2024-05-06,701.85,882.72,180.87,1,Winter,0,2024-01-01,19,18,11,6,17,65977.69,21,25.0,40.0,,,
SKU050,2024-01-29,42,37074.24,882.72,0,Product 050,Storage,Sofa,2024-05-06,701.85,882.72,180.87,0,Winter,0,2024-01-01,19,18,11,6,17,65977.69,28,37.0,25.0,49.0,,37.75
SKU050,2024-02-05,38,33543.36,882.72,0,Product 050,Storage,Sofa,2024-05-06,701.85,882.72,180.87,0,Winter,0,2024-02-01,312,154,5,114,205,1083423.12,4,42.0,37.0,40.0,,36.0
SKU050,2024-02-12,33,29129.76,882.72,0,Product 050,Storage,Sofa,2024-05-06,701.85,882.72,180.87,0,Winter,0,2024-02-01,312,154,5,114,205,1083423.12,11,38.0,42.0,25.0,,35.5
SKU050,2024-02-19,35,30895.2,882.72,0,Product 050,Storage,Sofa,2024-05-06,701.85,882.72,180.87,0,Winter,0,2024-02-01,312,154,5,114,205,1083423.12,18,33.0,38.0,37.0,,37.5
SKU050,2024-02-26,57,50315.04,882.72,1,Product 050,Storage,Sofa,2024-05-06,701.85,882.72,180.87,0,Winter,1,2024-02-01,312,154,5,114,205,1083423.12,25,35.0,33.0,42.0,,37.0
SKU050,2024-03-04,49,43253.28,882.72,1,Product 050,Storage,Sofa,2024-05-06,701.85,882.72,180.87,0,Spring,1,2024-03-01,458,35,4,108,186,1590409.58,3,57.0,35.0,38.0,,40.75
SKU050,2024-03-11,55,48549.6,882.72,1,Product 050,Storage,Sofa,2024-05-06,701.85,882.72,180.87,0,Spring,1,2024-03-01,458,35,4,108,186,1590409.58,10,49.0,57.0,33.0,,43.5
SKU050,2024-03-18,51,45018.72,882.72,1,Product 050,Storage,Sofa,2024-05-06,701.85,882.72,180.87,0,Spring,1,2024-03-01,458,35,4,108,186,1590409.58,17,55.0,49.0,35.0,,49.0
SKU050,2024-03-25,60,52963.2,882.72,1,Product 050,Storage,Sofa,2024-05-06,701.85,882.72,180.87,0,Spring,1,2024-03-01,458,35,4,108,186,1590409.58,24,51.0,55.0,57.0,,53.0
SKU050,2024-04-01,41,36191.520000000004,882.72,0,Product 050,Storage,Sofa,2024-05-06,701.85,882.72,180.87,0,Spring,0,2024-04-01,214,491,4,172,258,743117.14,0,60.0,51.0,49.0,,53.75
SKU050,2024-04-08,43,37956.96,882.72,0,Product 050,Storage,Sofa,2024-05-06,701.85,882.72,180.87,0,Spring,0,2024-04-01,214,491,4,172,258,743117.14,7,41.0,60.0,55.0,,51.75
SKU050,2024-04-15,49,43253.28,882.72,0,Product 050,Storage,Sofa,2024-05-06,701.85,882.72,180.87,0,Spring,0,2024-04-01,214,491,4,172,258,743117.14,14,43.0,41.0,51.0,,48.75
SKU050,2024-04-22,55,48549.600000000006,882.72,0,Product 050,Storage,Sofa,2024-05-06,701.85,882.72,180.87,0,Spring,0,2024-04-01,214,491,4,172,258,743117.14,21,49.0,43.0,60.0,,48.25
SKU050,2024-04-29,50,44136.0,882.72,0,Product 050,Storage,Sofa,2024-05-06,701.85,882.72,180.87,0,Spring,0,2024-04-01,214,491,4,172,258,743117.14,28,55.0,49.0,41.0,,47.0
SKU050,2024-05-06,45,39722.4,882.72,0,Product 050,Storage,Sofa,2024-05-06,701.85,882.72,180.87,0,Summer,0,2024-05-01,621,258,7,86,220,2156428.71,5,50.0,55.0,43.0,,49.25
SKU050,2024-05-13,58,51197.76,882.72,0,Product 050,Storage,Sofa,2024-05-06,701.85,882.72,180.87,0,Summer,0,2024-05-01,621,258,7,86,220,2156428.71,12,45.0,50.0,49.0,,49.75
SKU050,2024-05-20,37,32660.64,882.72,0,Product 050,Storage,Sofa,2024-05-06,701.85,882.72,180.87,0,Summer,0,2024-05-01,621,258,7,86,220,2156428.71,19,58.0,45.0,55.0,,52.0
SKU050,2024-05-27,50,44136.0,882.72,1,Product 050,Storage,Sofa,2024-05-06,701.85,882.72,180.87,0,Summer,1,2024-05-01,621,258,7,86,220,2156428.71,26,37.0,58.0,50.0,,47.5
SKU050,2024-06-03,52,45901.44,882.72,1,Product 050,Storage,Sofa,2024-05-06,701.85,882.72,180.87,0,Summer,1,2024-06-01,504,179,5,155,255,1750145.04,2,50.0,37.0,45.0,,47.5
SKU050,2024-06-10,49,43253.28,882.72,1,Product 050,Storage,Sofa,2024-05-06,701.85,882.72,180.87,0,Summer,1,2024-06-01,504,179,5,155,255,1750145.04,9,52.0,50.0,58.0,,49.25
SKU050,2024-06-17,50,44136.0,882.72,1,Product 050,Storage,Sofa,2024-05-06,701.85,882.72,180.87,0,Summer,1,2024-06-01,504,179,5,155,255,1750145.04,16,49.0,52.0,37.0,,47.0
SKU050,2024-06-24,47,41487.84,882.72,1,Product 050,Storage,Sofa,2024-05-06,701.85,882.72,180.87,0,Summer,1,2024-06-01,504,179,5,155,255,1750145.04,23,50.0,49.0,50.0,,50.25
SKU050,2024-07-01,44,38839.68,882.72,0,Product 050,Storage,Sofa,2024-05-06,701.85,882.72,180.87,0,Monsoon,0,2024-07-01,440,147,12,152,400,1527904.4,0,47.0,50.0,52.0,,49.5
SKU050,2024-07-08,42,37074.24,882.72,0,Product 050,Storage,Sofa,2024-05-06,701.85,882.72,180.87,0,Monsoon,0,2024-07-01,440,147,12,152,400,1527904.4,7,44.0,47.0,49.0,,47.5
SKU050,2024-07-15,50,44136.0,882.72,0,Product 050,Storage,Sofa,2024-05-06,701.85,882.72,180.87,0,Monsoon,0,2024-07-01,440,147,12,152,400,1527904.4,14,42.0,44.0,50.0,,45.75
SKU050,2024-07-22,29,25598.88,882.72,0,Product 050,Storage,Sofa,2024-05-06,701.85,882.72,180.87,0,Monsoon,0,2024-07-01,440,147,12,152,400,1527904.4,21,50.0,42.0,47.0,,45.75
SKU050,2024-07-29,39,34426.08,882.72,0,Product 050,Storage,Sofa,2024-05-06,701.85,882.72,180.87,0,Monsoon,0,2024-07-01,440,147,12,152,400,1527904.4,28,29.0,50.0,44.0,,41.25
SKU050,2024-08-05,33,29129.76,882.72,0,Product 050,Storage,Sofa,2024-05-06,701.85,882.72,180.87,0,Monsoon,0,2024-08-01,360,104,6,83,186,1250103.6,4,39.0,29.0,42.0,,40.0
SKU050,2024-08-12,49,43253.28,882.72,0,Product 050,Storage,Sofa,2024-05-06,701.85,882.72,180.87,1,Monsoon,0,2024-08-01,360,104,6,83,186,1250103.6,11,33.0,39.0,50.0,,37.75
SKU050,2024-08-19,29,25598.88,882.72,0,Product 050,Storage,Sofa,2024-05-06,701.85,882.72,180.87,0,Monsoon,0,2024-08-01,360,104,6,83,186,1250103.6,18,49.0,33.0,29.0,,37.5
SKU050,2024-08-26,37,32660.64,882.72,1,Product 050,Storage,Sofa,2024-05-06,701.85,882.72,180.87,0,Monsoon,1,2024-08-01,360,104,6,83,186,1250103.6,25,29.0,49.0,39.0,,37.5
SKU050,2024-09-02,37,32660.64,882.72,1,Product 050,Storage,Sofa,2024-05-06,701.85,882.72,180.87,0,Monsoon,1,2024-09-01,116,133,8,69,191,402811.16,1,37.0,29.0,33.0,,37.0
SKU050,2024-09-09,52,45901.44,882.72,1,Product 050,Storage,Sofa,2024-05-06,701.85,882.72,180.87,0,Monsoon,1,2024-09-01,116,133,8,69,191,402811.16,8,37.0,37.0,49.0,,38.0
SKU050,2024-09-16,27,23833.440000000002,882.72,1,Product 050,Storage,Sofa,2024-05-06,701.85,882.72,180.87,0,Monsoon,1,2024-09-01,116,133,8,69,191,402811.16,15,52.0,37.0,29.0,,38.75
SKU050,2024-09-23,25,22068.0,882.72,1,Product 050,Storage,Sofa,2024-05-06,701.85,882.72,180.87,0,Monsoon,1,2024-09-01,116,133,8,69,191,402811.16,22,27.0,52.0,37.0,,38.25
SKU050,2024-09-30,34,30012.48,882.72,0,Product 050,Storage,Sofa,2024-05-06,701.85,882.72,180.87,0,Monsoon,0,2024-09-01,116,133,8,69,191,402811.16,29,25.0,27.0,37.0,,35.25
SKU050,2024-10-07,33,29129.760000000002,882.72,0,Product 050,Storage,Sofa,2024-05-06,701.85,882.72,180.87,0,Autumn,0,2024-10-01,372,380,9,59,205,1291773.72,6,34.0,25.0,52.0,,34.5
SKU050,2024-10-14,38,33543.36,882.72,0,Product 050,Storage,Sofa,2024-05-06,701.85,882.72,180.87,0,Autumn,0,2024-10-01,372,380,9,59,205,1291773.72,13,33.0,34.0,27.0,,29.75
SKU050,2024-10-21,38,33543.36,882.72,0,Product 050,Storage,Sofa,2024-05-06,701.85,882.72,180.87,0,Autumn,0,2024-10-01,372,380,9,59,205,1291773.72,20,38.0,33.0,25.0,,32.5
SKU050,2024-10-28,36,31777.92,882.72,1,Product 050,Storage,Sofa,2024-05-06,701.85,882.72,180.87,1,Autumn,1,2024-10-01,372,380,9,59,205,1291773.72,27,38.0,38.0,34.0,,35.75
SKU050,2024-11-04,54,47666.880000000005,882.72,1,Product 050,Storage,Sofa,2024-05-06,701.85,882.72,180.87,0,Autumn,1,2024-11-01,296,364,8,103,222,1027862.96,3,36.0,38.0,33.0,,36.25
SKU050,2024-11-11,48,42370.56,882.72,1,Product 050,Storage,Sofa,2024-05-06,701.85,882.72,180.87,0,Autumn,1,2024-11-01,296,364,8,103,222,1027862.96,10,54.0,36.0,38.0,,41.5
SKU050,2024-11-18,39,34426.08,882.72,1,Product 050,Storage,Sofa,2024-05-06,701.85,882.72,180.87,0,Autumn,1,2024-11-01,296,364,8,103,222,1027862.96,17,48.0,54.0,38.0,,44.0
SKU050,2024-11-25,37,32660.64,882.72,1,Product 050,Storage,Sofa,2024-05-06,701.85,882.72,180.87,0,Autumn,1,2024-11-01,296,364,8,103,222,1027862.96,24,39.0,48.0,36.0,,44.25
SKU050,2024-12-02,33,29129.760000000002,882.72,0,Product 050,Storage,Sofa,2024-05-06,701.85,882.72,180.87,0,Winter,0,2024-12-01,160,268,8,56,183,555601.6,1,37.0,39.0,54.0,,44.5
SKU050,2024-12-09,37,32660.64,882.72,0,Product 050,Storage,Sofa,2024-05-06,701.85,882.72,180.87,0,Winter,0,2024-12-01,160,268,8,56,183,555601.6,8,33.0,37.0,48.0,,39.25
SKU050,2024-12-16,32,28247.04,882.72,0,Product 050,Storage,Sofa,2024-05-06,701.85,882.72,180.87,0,Winter,0,2024-12-01,160,268,8,56,183,555601.6,15,37.0,33.0,39.0,,36.5
SKU050,2024-12-23,54,47666.880000000005,882.72,0,Product 050,Storage,Sofa,2024-05-06,701.85,882.72,180.87,1,Winter,0,2024-12-01,160,268,8,56,183,555601.6,22,32.0,37.0,37.0,,34.75
SKU050,2024-12-30,47,41487.84,882.72,0,Product 050,Storage,Sofa,2024-05-06,701.85,882.72,180.87,0,Winter,0,2024-12-01,160,268,8,56,183,555601.6,29,54.0,32.0,33.0,49.0,39.0
SKU050,2025-01-06,40,35308.8,882.72,0,Product 050,Storage,Sofa,2024-05-06,701.85,882.72,180.87,0,Winter,0,2025-01-01,500,101,11,51,230,1736255.0,5,47.0,54.0,37.0,40.0,42.5
SKU050,2025-01-13,40,35308.8,882.72,0,Product 050,Storage,Sofa,2024-05-06,701.85,882.72,180.87,0,Winter,0,2025-01-01,500,101,11,51,230,1736255.0,12,40.0,47.0,32.0,25.0,43.25
SKU050,2025-01-20,45,39722.4,882.72,0,Product 050,Storage,Sofa,2024-05-06,701.85,882.72,180.87,1,Winter,0,2025-01-01,500,101,11,51,230,1736255.0,19,40.0,40.0,54.0,37.0,45.25
SKU050,2025-01-27,36,31777.920000000002,882.72,0,Product 050,Storage,Sofa,2024-05-06,701.85,882.72,180.87,0,Winter,0,2025-01-01,500,101,11,51,230,1736255.0,26,45.0,40.0,47.0,42.0,43.0
SKU050,2025-02-03,41,36191.520000000004,882.72,0,Product 050,Storage,Sofa,2024-05-06,701.85,882.72,180.87,0,Winter,0,2025-02-01,547,381,11,54,245,1899462.97,2,36.0,45.0,40.0,38.0,40.25
SKU050,2025-02-10,51,45018.72,882.72,0,Product 050,Storage,Sofa,2024-05-06,701.85,882.72,180.87,0,Winter,0,2025-02-01,547,381,11,54,245,1899462.97,9,41.0,36.0,40.0,33.0,40.5
SKU050,2025-02-17,44,38839.68,882.72,0,Product 050,Storage,Sofa,2024-05-06,701.85,882.72,180.87,0,Winter,0,2025-02-01,547,381,11,54,245,1899462.97,16,51.0,41.0,45.0,35.0,43.25
SKU050,2025-02-24,53,46784.16,882.72,1,Product 050,Storage,Sofa,2024-05-06,701.85,882.72,180.87,0,Winter,1,2025-02-01,547,381,11,54,245,1899462.97,23,44.0,51.0,36.0,57.0,43.0
SKU050,2025-03-03,67,59142.240000000005,882.72,1,Product 050,Storage,Sofa,2024-05-06,701.85,882.72,180.87,0,Spring,1,2025-03-01,552,272,6,76,198,1916825.52,2,53.0,44.0,41.0,49.0,47.25
SKU050,2025-03-10,52,45901.44,882.72,1,Product 050,Storage,Sofa,2024-05-06,701.85,882.72,180.87,0,Spring,1,2025-03-01,552,272,6,76,198,1916825.52,9,67.0,53.0,51.0,55.0,53.75
SKU050,2025-03-17,61,53845.92,882.72,1,Product 050,Storage,Sofa,2024-05-06,701.85,882.72,180.87,0,Spring,1,2025-03-01,552,272,6,76,198,1916825.52,16,52.0,67.0,44.0,51.0,54.0
SKU050,2025-03-24,49,43253.28,882.72,1,Product 050,Storage,Sofa,2024-05-06,701.85,882.72,180.87,0,Spring,1,2025-03-01,552,272,6,76,198,1916825.52,23,61.0,52.0,53.0,60.0,58.25
SKU050,2025-03-31,65,57376.8,882.72,0,Product 050,Storage,Sofa,2024-05-06,701.85,882.72,180.87,0,Spring,0,2025-03-01,552,272,6,76,198,1916825.52,30,49.0,61.0,67.0,41.0,57.25
SKU050,2025-04-07,48,42370.56,882.72,0,Product 050,Storage,Sofa,2024-05-06,701.85,882.72,180.87,0,Spring,0,2025-04-01,456,87,5,118,235,1583464.56,6,65.0,49.0,52.0,43.0,56.75
SKU050,2025-04-14,46,40605.12,882.72,0,Product 050,Storage,Sofa,2024-05-06,701.85,882.72,180.87,0,Spring,0,2025-04-01,456,87,5,118,235,1583464.56,13,48.0,65.0,61.0,49.0,55.75
SKU050,2025-04-21,46,40605.12,882.72,0,Product 050,Storage,Sofa,2024-05-06,701.85,882.72,180.87,0,Spring,0,2025-04-01,456,87,5,118,235,1583464.56,20,46.0,48.0,49.0,55.0,52.0
SKU050,2025-04-28,45,39722.4,882.72,0,Product 050,Storage,Sofa,2024-05-06,701.85,882.72,180.87,0,Spring,0,2025-04-01,456,87,5,118,235,1583464.56,27,46.0,46.0,65.0,50.0,51.25
SKU050,2025-05-05,53,46784.16,882.72,0,Product 050,Storage,Sofa,2024-05-06,701.85,882.72,180.87,0,Summer,0,2025-05-01,684,96,9,121,309,2375196.84,4,45.0,46.0,48.0,45.0,46.25
SKU050,2025-05-12,51,45018.72,882.72,0,Product 050,Storage,Sofa,2024-05-06,701.85,882.72,180.87,0,Summer,0,2025-05-01,684,96,9,121,309,2375196.84,11,53.0,45.0,46.0,58.0,47.5
SKU050,2025-05-19,70,61790.4,882.72,0,Product 050,Storage,Sofa,2024-05-06,701.85,882.72,180.87,0,Summer,0,2025-05-01,684,96,9,121,309,2375196.84,18,51.0,53.0,46.0,37.0,48.75
SKU050,2025-05-26,61,53845.92,882.72,1,Product 050,Storage,Sofa,2024-05-06,701.85,882.72,180.87,0,Summer,1,2025-05-01,684,96,9,121,309,2375196.84,25,70.0,51.0,45.0,50.0,54.75
SKU050,2025-06-02,45,39722.4,882.72,1,Product 050,Storage,Sofa,2024-05-06,701.85,882.72,180.87,0,Summer,1,2025-06-01,370,439,14,151,440,1284828.7,1,61.0,70.0,53.0,52.0,58.75
SKU050,2025-06-09,49,43253.28,882.72,1,Product 050,Storage,Sofa,2024-05-06,701.85,882.72,180.87,0,Summer,1,2025-06-01,370,439,14,151,440,1284828.7,8,45.0,61.0,51.0,49.0,56.75
SKU050,2025-06-16,63,55611.36,882.72,1,Product 050,Storage,Sofa,2024-05-06,701.85,882.72,180.87,0,Summer,1,2025-06-01,370,439,14,151,440,1284828.7,15,49.0,45.0,70.0,50.0,56.25
SKU050,2025-06-23,55,48549.6,882.72,1,Product 050,Storage,Sofa,2024-05-06,701.85,882.72,180.87,0,Summer,1,2025-06-01,370,439,14,151,440,1284828.7,22,63.0,49.0,61.0,47.0,54.5
SKU050,2025-06-30,44,38839.68,882.72,0,Product 050,Storage,Sofa,2024-05-06,701.85,882.72,180.87,0,Summer,0,2025-06-01,370,439,14,151,440,1284828.7,29,55.0,63.0,45.0,44.0,53.0
SKU050,2025-07-07,49,43253.28,882.72,0,Product 050,Storage,Sofa,2024-05-06,701.85,882.72,180.87,0,Monsoon,0,2025-07-01,202,220,7,106,249,701447.02,6,44.0,55.0,49.0,42.0,52.75
SKU050,2025-07-14,53,46784.159999999996,882.72,0,Product 050,Storage,Sofa,2024-05-06,701.85,882.72,180.87,0,Monsoon,0,2025-07-01,202,220,7,106,249,701447.02,13,49.0,44.0,63.0,50.0,52.75
SKU050,2025-07-21,43,37956.96,882.72,0,Product 050,Storage,Sofa,2024-05-06,701.85,882.72,180.87,0,Monsoon,0,2025-07-01,202,220,7,106,249,701447.02,20,53.0,49.0,55.0,29.0,50.25
SKU050,2025-07-28,36,31777.92,882.72,0,Product 050,Storage,Sofa,2024-05-06,701.85,882.72,180.87,0,Monsoon,0,2025-07-01,202,220,7,106,249,701447.02,27,43.0,53.0,44.0,39.0,47.25
SKU050,2025-08-04,35,30895.2,882.72,0,Product 050,Storage,Sofa,2024-05-06,701.85,882.72,180.87,0,Monsoon,0,2025-08-01,499,98,9,59,207,1732782.49,3,36.0,43.0,49.0,33.0,45.25
SKU050,2025-08-11,43,37956.96,882.72,0,Product 050,Storage,Sofa,2024-05-06,701.85,882.72,180.87,1,Monsoon,0,2025-08-01,499,98,9,59,207,1732782.49,10,35.0,36.0,53.0,49.0,41.75
SKU050,2025-08-18,35,30895.2,882.72,0,Product 050,Storage,Sofa,2024-05-06,701.85,882.72,180.87,0,Monsoon,0,2025-08-01,499,98,9,59,207,1732782.49,17,43.0,35.0,43.0,29.0,39.25
SKU050,2025-08-25,34,30012.48,882.72,0,Product 050,Storage,Sofa,2024-05-06,701.85,882.72,180.87,0,Monsoon,0,2025-08-01,499,98,9,59,207,1732782.49,24,35.0,43.0,36.0,37.0,37.25
SKU050,2025-09-01,29,25598.879999999997,882.72,1,Product 050,Storage,Sofa,2024-05-06,701.85,882.72,180.87,0,Monsoon,1,2025-09-01,405,45,14,113,355,1406366.55,0,34.0,35.0,35.0,37.0,36.75
SKU050,2025-09-08,33,29129.760000000002,882.72,1,Product 050,Storage,Sofa,2024-05-06,701.85,882.72,180.87,0,Monsoon,1,2025-09-01,405,45,14,113,355,1406366.55,7,29.0,34.0,43.0,52.0,35.25
SKU050,2025-09-15,30,26481.6,882.72,1,Product 050,Storage,Sofa,2024-05-06,701.85,882.72,180.87,0,Monsoon,1,2025-09-01,405,45,14,113,355,1406366.55,14,33.0,29.0,35.0,27.0,32.75
SKU050,2025-09-22,38,33543.36,882.72,1,Product 050,Storage,Sofa,2024-05-06,701.85,882.72,180.87,0,Monsoon,1,2025-09-01,405,45,14,113,355,1406366.55,21,30.0,33.0,34.0,25.0,31.5
SKU050,2025-09-29,35,30895.2,882.72,0,Product 050,Storage,Sofa,2024-05-06,701.85,882.72,180.87,0,Monsoon,0,2025-09-01,405,45,14,113,355,1406366.55,28,38.0,30.0,29.0,34.0,32.5
SKU050,2025-10-06,39,34426.08,882.72,0,Product 050,Storage,Sofa,2024-05-06,701.85,882.72,180.87,0,Autumn,0,2025-10-01,519,206,4,105,172,1802232.69,5,35.0,38.0,33.0,33.0,34.0
SKU050,2025-10-13,31,27364.32,882.72,0,Product 050,Storage,Sofa,2024-05-06,701.85,882.72,180.87,0,Autumn,0,2025-10-01,519,206,4,105,172,1802232.69,12,39.0,35.0,30.0,38.0,35.5
SKU050,2025-10-20,31,27364.32,882.72,0,Product 050,Storage,Sofa,2024-05-06,701.85,882.72,180.87,1,Autumn,0,2025-10-01,519,206,4,105,172,1802232.69,19,31.0,39.0,38.0,38.0,35.75
SKU050,2025-10-27,32,28247.04,882.72,1,Product 050,Storage,Sofa,2024-05-06,701.85,882.72,180.87,0,Autumn,1,2025-10-01,519,206,4,105,172,1802232.69,26,31.0,31.0,35.0,36.0,34.0
SKU050,2025-11-03,46,40605.12,882.72,1,Product 050,Storage,Sofa,2024-05-06,701.85,882.72,180.87,0,Autumn,1,2025-11-01,94,132,13,87,266,326415.94,2,32.0,31.0,39.0,54.0,33.25
SKU050,2025-11-10,40,35308.8,882.72,1,Product 050,Storage,Sofa,2024-05-06,701.85,882.72,180.87,0,Autumn,1,2025-11-01,94,132,13,87,266,326415.94,9,46.0,32.0,31.0,48.0,35.0
SKU050,2025-11-17,41,36191.520000000004,882.72,1,Product 050,Storage,Sofa,2024-05-06,701.85,882.72,180.87,0,Autumn,1,2025-11-01,94,132,13,87,266,326415.94,16,40.0,46.0,31.0,39.0,37.25
SKU050,2025-11-24,30,26481.600000000002,882.72,1,Product 050,Storage,Sofa,2024-05-06,701.85,882.72,180.87,0,Autumn,1,2025-11-01,94,132,13,87,266,326415.94,23,41.0,40.0,32.0,37.0,39.75
SKU050,2025-12-01,40,35308.8,882.72,0,Product 050,Storage,Sofa,2024-05-06,701.85,882.72,180.87,0,Winter,0,2025-12-01,328,525,14,69,316,1138983.28,0,30.0,41.0,46.0,33.0,39.25
SKU050,2025-12-08,34,30012.48,882.72,0,Product 050,Storage,Sofa,2024-05-06,701.85,882.72,180.87,0,Winter,0,2025-12-01,328,525,14,69,316,1138983.28,7,40.0,30.0,40.0,37.0,37.75
SKU050,2025-12-15,34,30012.48,882.72,0,Product 050,Storage,Sofa,2024-05-06,701.85,882.72,180.87,0,Winter,0,2025-12-01,328,525,14,69,316,1138983.28,14,34.0,40.0,41.0,32.0,36.25
SKU050,2025-12-22,49,43253.28,882.72,0,Product 050,Storage,Sofa,2024-05-06,701.85,882.72,180.87,1,Winter,0,2025-12-01,328,525,14,69,316,1138983.28,21,34.0,34.0,30.0,54.0,34.5
